LocalTimestamp,EmotiBitTimestamp,PacketNumber,DataLength,TypeTag,ProtocolVersion,DataReliability,B%
1700428352.029326,37563.000,2304,1,B%,1,100,41
1700428353.028656,38540.000,2446,1,B%,1,100,40
1700428354.025940,39515.000,2606,1,B%,1,100,38
1700428355.024247,40491.000,2766,1,B%,1,100,37
1700428356.021531,41466.000,2911,1,B%,1,100,37
1700428357.016769,42439.000,3076,1,B%,1,100,37
1700428358.018145,43418.000,3205,1,B%,1,100,37
1700428359.013383,44391.000,3365,1,B%,1,100,37
1700428360.009645,45365.000,3510,1,B%,1,100,37
1700428361.009997,46343.000,3670,1,B%,1,100,38
1700428362.007281,47318.000,3815,1,B%,1,100,38
1700428363.004565,48293.000,3968,1,B%,1,100,37
1700428364.001849,49268.000,4125,1,B%,1,100,38
1700428364.995042,50239.000,4270,1,B%,1,100,38
1700428365.989258,51211.000,4430,1,B%,1,100,37
1700428366.984496,52184.000,4573,1,B%,1,100,38
1700428367.981780,53159.000,4724,1,B%,1,100,38
1700428368.984179,54139.000,4836,1,B%,1,100,37
1700428369.979417,55112.000,4979,1,B%,1,100,36
1700428370.971587,56082.000,5140,1,B%,1,100,37
1700428371.972962,57061.000,5298,1,B%,1,100,37
1700428372.966155,58032.000,5429,1,B%,1,100,38
1700428373.965485,59009.000,5589,1,B%,1,100,38
1700428374.963792,59985.000,5749,1,B%,1,100,38
1700428375.959030,60958.000,5892,1,B%,1,100,37
1700428376.957337,61934.000,6052,1,B%,1,100,37
1700428377.951553,62906.000,6194,1,B%,1,100,37
1700428378.950882,63883.000,6357,1,B%,1,100,36
1700428379.946121,64856.000,6502,1,B%,1,100,36
1700428380.944428,65832.000,6660,1,B%,1,100,36
1700428381.943758,66809.000,6820,1,B%,1,100,36
1700428382.942065,67785.000,6962,1,B%,1,100,36
1700428383.940372,68761.000,7107,1,B%,1,100,36
1700428384.933564,69732.000,7251,1,B%,1,100,37
1700428385.929825,70706.000,7409,1,B%,1,100,37
1700428386.926087,71680.000,7567,1,B%,1,100,37
1700428387.923371,72655.000,7710,1,B%,1,100,36
1700428388.921678,73631.000,7871,1,B%,1,100,36
1700428389.922030,74609.000,8015,1,B%,1,100,36
1700428390.925452,75590.000,8173,1,B%,1,100,35
1700428391.917621,76560.000,8333,1,B%,1,100,35
1700428392.918997,77539.000,8477,1,B%,1,100,36
1700428393.917304,78515.000,8623,1,B%,1,100,36
1700428394.910496,79486.000,8783,1,B%,1,100,37
1700428395.914941,80468.000,8943,1,B%,1,100,35
1700428396.912225,81443.000,9086,1,B%,1,100,34
1700428397.908486,82417.000,9243,1,B%,1,100,34
1700428398.907816,83394.000,9385,1,B%,1,100,35
1700428399.906123,84370.000,9546,1,B%,1,100,36
1700428400.908521,85350.000,9689,1,B%,1,100,35
1700428401.904782,86324.000,9847,1,B%,1,100,35
1700428402.902066,87299.000,10007,1,B%,1,100,34
1700428403.900373,88275.000,10149,1,B%,1,100,35
1700428404.902772,89255.000,10292,1,B%,1,100,35
1700428405.896987,90227.000,10450,1,B%,1,100,35
1700428406.889157,91197.000,10610,1,B%,1,100,34
1700428407.887464,92173.000,10752,1,B%,1,100,34
1700428408.883725,93147.000,10912,1,B%,1,100,34
1700428409.885101,94126.000,11056,1,B%,1,100,35
1700428410.882385,95101.000,11214,1,B%,1,100,35
1700428411.877623,96074.000,11356,1,B%,1,100,35
1700428412.877976,97052.000,11516,1,B%,1,100,35
1700428413.871169,98023.000,11661,1,B%,1,100,36
1700428414.870498,99000.000,11805,1,B%,1,100,37
1700428415.865737,99973.000,11965,1,B%,1,100,36
1700428416.858929,100944.000,12123,1,B%,1,100,36
1700428417.857236,101920.000,12266,1,B%,1,100,36
1700428418.853498,102894.000,12410,1,B%,1,100,36
1700428419.849759,103868.000,12569,1,B%,1,100,35
1700428420.844997,104841.000,12712,1,B%,1,100,34
1700428421.839213,105813.000,12854,1,B%,1,100,34
1700428422.836497,106788.000,13012,1,B%,1,100,35
1700428423.838895,107768.000,13171,1,B%,1,100,36
1700428424.834134,108741.000,13314,1,B%,1,100,36
1700428425.832441,109717.000,13479,1,B%,1,100,36
1700428426.827679,110690.000,13637,1,B%,1,100,35
1700428427.820872,111661.000,13779,1,B%,1,100,34
1700428428.818156,112636.000,13937,1,B%,1,100,34
1700428429.815440,113611.000,14094,1,B%,1,100,34
1700428430.814770,114588.000,14241,1,B%,1,100,35
1700428431.814100,115565.000,14383,1,B%,1,100,35
1700428432.811384,116540.000,14541,1,B%,1,100,35
1700428433.811736,117518.000,14698,1,B%,1,100,34
1700428434.805952,118490.000,14841,1,B%,1,100,35
1700428435.803236,119465.000,15005,1,B%,1,100,35
1700428436.802566,120442.000,15165,1,B%,1,100,36
1700428437.799850,121417.000,15307,1,B%,1,100,36
1700428438.799180,122394.000,15465,1,B%,1,100,34
1700428439.796464,123369.000,15608,1,B%,1,100,34
1700428440.796816,124347.000,15769,1,B%,1,100,34
1700428441.793078,125321.000,15912,1,B%,1,100,34
1700428442.791385,126297.000,16055,1,B%,1,100,33
1700428443.791737,127275.000,16212,1,B%,1,100,33
1700428444.791067,128252.000,16355,1,B%,1,100,33
1700428445.790397,129229.000,16515,1,B%,1,100,33
1700428446.781544,130198.000,16645,1,B%,1,100,33
1700428447.780874,131175.000,16803,1,B%,1,100,34
1700428448.778158,132150.000,16961,1,B%,1,100,34
1700428449.770328,133120.000,17104,1,B%,1,100,35
1700428450.770680,134098.000,17262,1,B%,1,100,35
1700428451.767964,135073.000,17405,1,B%,1,100,35
1700428452.768317,136051.000,17563,1,B%,1,100,34
1700428453.763555,137024.000,17721,1,B%,1,100,33
1700428454.758794,137997.000,17864,1,B%,1,100,33
1700428455.755055,138971.000,18021,1,B%,1,100,33
1700428456.749271,139943.000,18151,1,B%,1,100,35
1700428457.749623,140921.000,18308,1,B%,1,100,35
1700428458.747930,141897.000,18451,1,B%,1,100,35
1700428459.746237,142873.000,18609,1,B%,1,100,34
1700428460.742498,143847.000,18767,1,B%,1,100,33
1700428461.740805,144823.000,18913,1,B%,1,100,33
1700428462.738089,145798.000,19040,1,B%,1,100,33
1700428463.737419,146775.000,19198,1,B%,1,100,33
1700428464.735726,147751.000,19340,1,B%,1,100,32
1700428465.733010,148726.000,19498,1,B%,1,100,33
1700428466.734386,149705.000,19641,1,B%,1,100,33
1700428467.727578,150676.000,19787,1,B%,1,100,33
1700428468.725885,151652.000,19945,1,B%,1,100,33
1700428469.727261,152631.000,20087,1,B%,1,100,33
1700428470.719431,153601.000,20230,1,B%,1,100,34
1700428471.720806,154580.000,20358,1,B%,1,100,33
1700428472.724227,155561.000,20504,1,B%,1,100,34
1700428473.720489,156535.000,20646,1,B%,1,100,33
1700428474.719819,157512.000,20804,1,B%,1,100,34
1700428475.720171,158490.000,20961,1,B%,1,100,34
1700428476.714387,159462.000,21104,1,B%,1,100,33
1700428477.708602,160434.000,21265,1,B%,1,100,33
1700428478.705886,161409.000,21407,1,B%,1,100,33
1700428479.704193,162385.000,21564,1,B%,1,100,33
1700428480.707615,163366.000,21722,1,B%,1,100,33
1700428481.700807,164337.000,21865,1,B%,1,100,33
1700428482.692977,165307.000,22025,1,B%,1,100,34
1700428483.695375,166287.000,22167,1,B%,1,100,33
1700428484.688568,167258.000,22310,1,B%,1,100,33
1700428485.689944,168237.000,22468,1,B%,1,100,33
1700428486.685182,169210.000,22628,1,B%,1,100,33
1700428487.681443,170184.000,22772,1,B%,1,100,33
1700428488.680773,171161.000,22934,1,B%,1,100,34
1700428489.676012,172134.000,23092,1,B%,1,100,33
1700428490.678410,173114.000,23234,1,B%,1,100,33
1700428491.671602,174085.000,23377,1,B%,1,100,33
1700428492.668887,175060.000,23535,1,B%,1,100,33
1700428493.670262,176039.000,23695,1,B%,1,100,32
1700428494.671638,177018.000,23838,1,B%,1,100,33
1700428495.668922,177993.000,23996,1,B%,1,100,34
1700428496.662114,178964.000,24154,1,B%,1,100,34
1700428497.659399,179939.000,24296,1,B%,1,100,34
1700428498.657706,180915.000,24441,1,B%,1,100,34
1700428499.654989,181890.000,24598,1,B%,1,100,35
1700428500.653296,182866.000,24741,1,B%,1,100,34
1700428501.652626,183843.000,24899,1,B%,1,100,34
1700428502.652979,184821.000,25057,1,B%,1,100,33
1700428503.646172,185792.000,25202,1,B%,1,100,33
1700428504.645502,186769.000,25345,1,B%,1,100,33
1700428505.642786,187744.000,25503,1,B%,1,100,33
1700428506.632910,188712.000,25645,1,B%,1,100,33
1700428507.634285,189691.000,25803,1,B%,1,100,33
1700428508.630547,190665.000,25961,1,B%,1,100,34
1700428509.627831,191640.000,26109,1,B%,1,100,35
1700428510.624092,192614.000,26267,1,B%,1,100,34
1700428511.618307,193586.000,26426,1,B%,1,100,33
1700428512.616614,194562.000,26568,1,B%,1,100,33
1700428513.614921,195538.000,26726,1,B%,1,100,33
1700428514.613228,196514.000,26887,1,B%,1,100,34
1700428515.612558,197491.000,27030,1,B%,1,100,33
1700428516.611888,198468.000,27188,1,B%,1,100,34
1700428517.606103,199440.000,27330,1,B%,1,100,34
1700428518.606456,200418.000,27488,1,B%,1,100,34
1700428519.603740,201393.000,27632,1,B%,1,100,34
1700428520.600001,202367.000,27790,1,B%,1,100,34
1700428521.599331,203344.000,27948,1,B%,1,100,34
1700428522.600707,204323.000,28089,1,B%,1,100,33
1700428523.602082,205302.000,28247,1,B%,1,100,33
1700428524.596298,206274.000,28392,1,B%,1,100,33
1700428525.594605,207250.000,28549,1,B%,1,100,33
1700428526.591889,208225.000,28692,1,B%,1,100,32
1700428527.585082,209196.000,28835,1,B%,1,100,32
1700428528.586457,210175.000,28993,1,B%,1,100,33
1700428529.586810,211153.000,29150,1,B%,1,100,34
1700428530.585117,212129.000,29278,1,B%,1,100,34
1700428531.582401,213104.000,29436,1,B%,1,100,33
1700428532.578662,214078.000,29594,1,B%,1,100,33
1700428533.577992,215055.000,29737,1,B%,1,100,33
1700428534.571184,216026.000,29895,1,B%,1,100,34
1700428535.567446,217000.000,30041,1,B%,1,100,33
1700428536.561661,217972.000,30186,1,B%,1,100,33
1700428537.564059,218952.000,30344,1,B%,1,100,34
1700428538.559298,219925.000,30502,1,B%,1,100,34
1700428539.550445,220894.000,30644,1,B%,1,100,33
1700428540.552843,221874.000,30791,1,B%,1,100,32
1700428541.545013,222844.000,30949,1,B%,1,100,32
1700428542.547411,223824.000,31107,1,B%,1,100,32
1700428543.545718,224800.000,31249,1,B%,1,100,31
1700428544.541980,225774.000,31407,1,B%,1,100,32
1700428545.540287,226750.000,31551,1,B%,1,100,32
1700428546.537571,227725.000,31709,1,B%,1,100,32
1700428547.536901,228702.000,31851,1,B%,1,100,32
1700428548.532139,229675.000,32009,1,B%,1,100,34
1700428549.530446,230651.000,32166,1,B%,1,100,33
1700428550.532844,231631.000,32309,1,B%,1,100,33
1700428551.533197,232609.000,32455,1,B%,1,100,32
1700428552.530481,233584.000,32613,1,B%,1,100,32
1700428553.525719,234557.000,32770,1,B%,1,100,33
1700428554.524026,235533.000,32913,1,B%,1,100,33
1700428555.521311,236508.000,33071,1,B%,1,100,33
1700428556.516549,237481.000,33219,1,B%,1,100,33
1700428557.514856,238457.000,33362,1,B%,1,100,33
1700428558.515208,239435.000,33520,1,B%,1,100,32
1700428559.515561,240413.000,33677,1,B%,1,100,33
1700428560.509777,241385.000,33819,1,B%,1,100,32
1700428561.508084,242361.000,33969,1,B%,1,100,32
1700428562.503322,243334.000,34127,1,B%,1,100,33
1700428563.497538,244306.000,34269,1,B%,1,100,32
1700428564.498913,245285.000,34429,1,B%,1,100,33
1700428565.498243,246262.000,34572,1,B%,1,100,33
1700428566.493481,247235.000,34718,1,B%,1,100,33
1700428567.489743,248209.000,34877,1,B%,1,100,33
1700428568.490095,249187.000,35023,1,B%,1,100,32
1700428569.487379,250162.000,35180,1,B%,1,100,32
1700428570.487732,251140.000,35325,1,B%,1,100,33
1700428571.482970,252113.000,35484,1,B%,1,100,33
1700428572.481277,253089.000,35614,1,B%,1,100,33
1700428573.483676,254069.000,35771,1,B%,1,100,32
1700428574.475846,255039.000,35929,1,B%,1,100,32
1700428575.477221,256018.000,36071,1,B%,1,100,33
1700428576.476551,256995.000,36231,1,B%,1,100,34
1700428577.468721,257965.000,36361,1,B%,1,100,34
1700428578.471119,258945.000,36519,1,B%,1,100,34
1700428579.472495,259924.000,36664,1,B%,1,100,34
1700428580.470802,260900.000,36792,1,B%,1,100,34
1700428581.466040,261873.000,36934,1,B%,1,100,35
1700428582.462301,262847.000,37081,1,B%,1,100,35
1700428583.456517,263819.000,37228,1,B%,1,100,35
1700428584.450732,264791.000,37386,1,B%,1,100,35
1700428585.446993,265765.000,37546,1,B%,1,100,35
1700428586.442232,266738.000,37688,1,B%,1,100,34
1700428587.443607,267717.000,37834,1,B%,1,100,34
1700428588.438846,268690.000,37994,1,B%,1,100,33
1700428589.434084,269663.000,38138,1,B%,1,100,33
1700428590.432391,270639.000,38296,1,B%,1,100,33
1700428591.425584,271610.000,38455,1,B%,1,100,33
1700428592.422868,272585.000,38598,1,B%,1,100,31
1700428593.420152,273560.000,38759,1,B%,1,100,32
1700428594.419482,274537.000,38903,1,B%,1,100,31
1700428595.419834,275515.000,39061,1,B%,1,100,31
1700428596.416096,276489.000,39221,1,B%,1,100,32
1700428597.418494,277469.000,39366,1,B%,1,100,33
1700428598.413732,278442.000,39510,1,B%,1,100,33
1700428599.411016,279417.000,39670,1,B%,1,100,32
1700428600.411369,280395.000,39813,1,B%,1,100,32
1700428601.406608,281368.000,39973,1,B%,1,100,32
1700428602.405937,282345.000,40115,1,B%,1,100,32
1700428603.404244,283321.000,40261,1,B%,1,100,33
1700428604.402551,284297.000,40421,1,B%,1,100,32
1700428605.397790,285270.000,40564,1,B%,1,100,32
1700428606.394051,286244.000,40724,1,B%,1,100,32
1700428607.392358,287220.000,40883,1,B%,1,100,32
1700428608.394756,288200.000,41029,1,B%,1,100,32
1700428609.389995,289173.000,41176,1,B%,1,100,32
1700428610.382164,290143.000,41334,1,B%,1,100,32
1700428611.380471,291119.000,41494,1,B%,1,100,32
1700428612.373664,292090.000,41638,1,B%,1,100,32
1700428613.372994,293067.000,41797,1,B%,1,100,32
1700428614.371301,294043.000,41945,1,B%,1,100,32
1700428615.368585,295018.000,42089,1,B%,1,100,32
1700428616.369961,295997.000,42247,1,B%,1,100,32
1700428617.367244,296972.000,42406,1,B%,1,100,32
1700428618.364529,297947.000,42551,1,B%,1,100,32
1700428619.359767,298920.000,42713,1,B%,1,100,31
1700428620.355006,299893.000,42855,1,B%,1,100,32
1700428621.354335,300870.000,43014,1,B%,1,100,33
1700428622.351619,301845.000,43157,1,B%,1,100,33
1700428623.349926,302821.000,43317,1,B%,1,100,32
1700428624.348233,303797.000,43466,1,B%,1,100,31
1700428625.351655,304778.000,43625,1,B%,1,100,32
1700428626.346893,305751.000,43768,1,B%,1,100,32
1700428627.342131,306724.000,43928,1,B%,1,100,31
1700428628.340438,307700.000,44088,1,B%,1,100,32
1700428629.335677,308673.000,44236,1,B%,1,100,31
1700428630.338075,309653.000,44379,1,B%,1,100,32
1700428631.330245,310623.000,44536,1,B%,1,100,33
1700428632.326506,311597.000,44680,1,B%,1,100,32
1700428633.324813,312573.000,44840,1,B%,1,100,31
1700428634.318006,313544.000,45000,1,B%,1,100,32
1700428635.320404,314524.000,45130,1,B%,1,100,31
1700428636.315642,315497.000,45290,1,B%,1,100,32
1700428637.312927,316472.000,45447,1,B%,1,100,31
1700428638.311234,317448.000,45594,1,B%,1,100,30
1700428639.309541,318424.000,45754,1,B%,1,100,31
1700428640.303756,319396.000,45900,1,B%,1,100,31
1700428641.296949,320367.000,46059,1,B%,1,100,32
1700428642.297301,321345.000,46202,1,B%,1,100,31
1700428643.295608,322321.000,46360,1,B%,1,100,32
1700428644.298007,323301.000,46520,1,B%,1,100,32
1700428645.295291,324276.000,46669,1,B%,1,100,31
1700428646.292575,325251.000,46812,1,B%,1,100,32
1700428647.291905,326228.000,46972,1,B%,1,100,32
1700428648.285097,327199.000,47132,1,B%,1,100,32
1700428649.283404,328175.000,47274,1,B%,1,100,31
1700428650.280688,329150.000,47422,1,B%,1,100,31
1700428651.273881,330121.000,47580,1,B%,1,100,32
1700428652.274234,331099.000,47740,1,B%,1,100,31
1700428653.270495,332073.000,47884,1,B%,1,100,32
1700428654.265733,333046.000,48042,1,B%,1,100,31
1700428655.260972,334019.000,48202,1,B%,1,100,31
1700428656.253141,334989.000,48336,1,B%,1,100,32
1700428657.251448,335965.000,48494,1,B%,1,100,33
1700428658.248733,336940.000,48652,1,B%,1,100,33
1700428659.246017,337915.000,48797,1,B%,1,100,32
1700428660.246369,338893.000,48955,1,B%,1,100,31
1700428661.245699,339870.000,49104,1,B%,1,100,32
1700428662.238892,340841.000,49264,1,B%,1,100,32
1700428663.240267,341820.000,49407,1,B%,1,100,32
1700428664.237551,342795.000,49565,1,B%,1,100,32
1700428665.236881,343772.000,49727,1,B%,1,100,31
1700428666.236211,344749.000,49869,1,B%,1,100,31
1700428667.233495,345724.000,50012,1,B%,1,100,31
1700428668.230779,346699.000,50172,1,B%,1,100,30
1700428669.224995,347671.000,50331,1,B%,1,100,30
1700428670.223302,348647.000,50473,1,B%,1,100,30
1700428671.220586,349622.000,50607,1,B%,1,100,31
1700428672.217870,350597.000,50767,1,B%,1,100,31
1700428673.217200,351574.000,50909,1,B%,1,100,32
1700428674.212438,352547.000,51052,1,B%,1,100,31
1700428675.212791,353525.000,51210,1,B%,1,100,31
1700428676.205983,354496.000,51372,1,B%,1,100,32
1700428677.202245,355470.000,51504,1,B%,1,100,31
1700428678.200552,356446.000,51664,1,B%,1,100,32
1700428679.194767,357418.000,51807,1,B%,1,100,31
1700428680.195120,358396.000,51967,1,B%,1,100,31
1700428681.194450,359373.000,52109,1,B%,1,100,32
1700428682.196848,360353.000,52258,1,B%,1,100,32
1700428683.192086,361326.000,52400,1,B%,1,100,32
1700428684.188348,362300.000,52560,1,B%,1,100,31
1700428685.187677,363277.000,52705,1,B%,1,100,32
1700428686.179847,364247.000,52863,1,B%,1,100,31
1700428687.182246,365227.000,52998,1,B%,1,100,31
1700428688.183621,366206.000,53126,1,B%,1,100,31
1700428689.179883,367180.000,53285,1,B%,1,100,31
1700428690.177166,368155.000,53427,1,B%,1,100,32
1700428691.173428,369129.000,53587,1,B%,1,100,32
1700428692.171735,370105.000,53735,1,B%,1,100,32
1700428693.167996,371079.000,53892,1,B%,1,100,32
1700428694.164257,372053.000,54034,1,B%,1,100,31
1700428695.158473,373025.000,54194,1,B%,1,100,31
1700428696.159848,374004.000,54352,1,B%,1,100,31
1700428697.156110,374978.000,54497,1,B%,1,100,31
1700428698.151348,375951.000,54646,1,B%,1,100,31
1700428699.153746,376931.000,54805,1,B%,1,100,31
1700428700.147962,377903.000,54949,1,B%,1,100,31
1700428701.148314,378881.000,55108,1,B%,1,100,30
1700428702.149690,379860.000,55266,1,B%,1,100,30
1700428703.145951,380834.000,55395,1,B%,1,100,31
1700428704.145281,381811.000,55555,1,B%,1,100,32
1700428705.145634,382789.000,55698,1,B%,1,100,31
1700428706.142918,383764.000,55856,1,B%,1,100,31
1700428707.137133,384736.000,56015,1,B%,1,100,31
1700428708.135440,385712.000,56166,1,B%,1,100,31
1700428709.135793,386690.000,56311,1,B%,1,100,31
1700428710.139214,387671.000,56471,1,B%,1,100,31
1700428711.132407,388642.000,56615,1,B%,1,100,31
1700428712.124577,389612.000,56773,1,B%,1,100,31
1700428713.122884,390588.000,56919,1,B%,1,100,31
1700428714.116076,391559.000,57064,1,B%,1,100,30
1700428715.115406,392536.000,57221,1,B%,1,100,30
1700428716.112690,393511.000,57381,1,B%,1,100,30
1700428717.107929,394484.000,57525,1,B%,1,100,31
1700428718.110327,395464.000,57683,1,B%,1,100,31
1700428719.106588,396438.000,57831,1,B%,1,100,31
1700428720.107964,397417.000,57973,1,B%,1,100,31
1700428721.101156,398388.000,58131,1,B%,1,100,31
1700428722.093326,399358.000,58291,1,B%,1,100,31
1700428723.094702,400337.000,58434,1,B%,1,100,31
1700428724.091986,401312.000,58579,1,B%,1,100,31
1700428725.090293,402288.000,58739,1,B%,1,100,30
1700428726.085531,403261.000,58899,1,B%,1,100,31
1700428727.085884,404239.000,59042,1,B%,1,100,30
1700428728.083168,405214.000,59200,1,B%,1,100,31
1700428729.078406,406187.000,59347,1,B%,1,100,31
1700428730.076713,407163.000,59507,1,B%,1,100,30
1700428731.068883,408133.000,59650,1,B%,1,100,30
1700428732.069236,409111.000,59808,1,B%,1,100,31
1700428733.063451,410083.000,59967,1,B%,1,100,31
1700428734.062781,411060.000,60115,1,B%,1,100,31
1700428735.059042,412034.000,60260,1,B%,1,100,30
1700428736.053258,413006.000,60418,1,B%,1,100,30
1700428737.054633,413985.000,60577,1,B%,1,100,30
1700428738.052940,414961.000,60719,1,B%,1,100,30
1700428739.052270,415938.000,60877,1,B%,1,100,31
1700428740.050577,416914.000,61022,1,B%,1,100,31
1700428741.047861,417889.000,61179,1,B%,1,100,30
1700428742.044122,418863.000,61321,1,B%,1,100,30
1700428743.043452,419840.000,61479,1,B%,1,100,30
1700428744.041759,420816.000,61622,1,B%,1,100,30
1700428745.040066,421792.000,61768,1,B%,1,100,31
1700428746.038373,422768.000,61926,1,B%,1,100,30
1700428747.034634,423742.000,62083,1,B%,1,100,30
1700428748.036010,424721.000,62226,1,B%,1,100,30
1700428749.028180,425691.000,62384,1,B%,1,100,30
1700428750.020350,426661.000,62528,1,B%,1,100,31
1700428751.018656,427637.000,62686,1,B%,1,100,30
1700428752.011849,428608.000,62829,1,B%,1,100,30
1700428753.012202,429586.000,62986,1,B%,1,100,30
1700428754.009486,430561.000,63128,1,B%,1,100,30
1700428755.007793,431537.000,63287,1,B%,1,100,30
1700428756.006100,432513.000,63430,1,B%,1,100,30
1700428757.003384,433488.000,63588,1,B%,1,100,30
1700428758.001691,434464.000,63746,1,B%,1,100,31
1700428758.996929,435437.000,63888,1,B%,1,100,31
1700428759.995236,436413.000,64046,1,B%,1,100,31
1700428760.992520,437388.000,64190,1,B%,1,100,31
1700428761.993896,438367.000,64348,1,B%,1,100,31
1700428762.992203,439343.000,64490,1,B%,1,100,31
1700428763.984373,440313.000,64648,1,B%,1,100,30
1700428764.986771,441293.000,64806,1,B%,1,100,30
1700428765.982009,442266.000,64952,1,B%,1,100,30
1700428766.980316,443242.000,65094,1,B%,1,100,30
1700428767.978623,444218.000,65252,1,B%,1,100,30
1700428768.972839,445190.000,65395,1,B%,1,100,30
1700428769.972169,446167.000,17,1,B%,1,100,30
1700428770.966384,447139.000,162,1,B%,1,100,28
1700428771.966737,448117.000,320,1,B%,1,100,29
1700428772.961975,449090.000,463,1,B%,1,100,30
1700428773.960282,450066.000,621,1,B%,1,100,30
1700428774.962681,451046.000,763,1,B%,1,100,30
1700428775.960988,452022.000,924,1,B%,1,100,31
1700428776.958272,452997.000,1067,1,B%,1,100,30
1700428777.953510,453970.000,1225,1,B%,1,100,31
1700428778.954885,454949.000,1383,1,B%,1,100,30
1700428779.952170,455924.000,1525,1,B%,1,100,30
1700428780.948431,456898.000,1682,1,B%,1,100,30
1700428781.946738,457874.000,1831,1,B%,1,100,30
1700428782.947090,458852.000,1973,1,B%,1,100,30
1700428783.947443,459830.000,2131,1,B%,1,100,30
1700428784.941659,460802.000,2274,1,B%,1,100,30
1700428785.935874,461774.000,2432,1,B%,1,100,30
1700428786.930090,462746.000,2564,1,B%,1,100,30
1700428787.924305,463718.000,2722,1,B%,1,100,30
1700428788.925681,464697.000,2880,1,B%,1,100,30
1700428789.925011,465674.000,3025,1,B%,1,100,30
1700428790.920249,466647.000,3183,1,B%,1,100,30
1700428791.917533,467622.000,3314,1,B%,1,100,30
1700428792.919931,468602.000,3471,1,B%,1,100,31
1700428793.916193,469576.000,3613,1,B%,1,100,30
1700428794.912454,470550.000,3771,1,B%,1,100,30
1700428795.907692,471523.000,3916,1,B%,1,100,30
1700428796.903954,472497.000,4038,1,B%,1,100,30
1700428797.906352,473477.000,4151,1,B%,1,100,29
1700428798.901590,474450.000,4308,1,B%,1,100,30
1700428799.901943,475428.000,4450,1,B%,1,100,30
1700428800.898204,476402.000,4608,1,B%,1,100,30
1700428801.890374,477372.000,4766,1,B%,1,100,30
1700428802.889704,478349.000,4912,1,B%,1,100,30
1700428803.883919,479321.000,5054,1,B%,1,100,30
1700428804.882226,480297.000,5212,1,B%,1,100,30
1700428805.878488,481271.000,5370,1,B%,1,100,30
1700428806.876795,482247.000,5513,1,B%,1,100,30
1700428807.874079,483222.000,5656,1,B%,1,100,30
1700428808.871363,484197.000,5814,1,B%,1,100,30
1700428809.870692,485174.000,5974,1,B%,1,100,30
1700428810.866954,486148.000,6117,1,B%,1,100,30
1700428811.869352,487128.000,6275,1,B%,1,100,30
1700428812.865613,488102.000,6419,1,B%,1,100,30
1700428813.865966,489080.000,6577,1,B%,1,100,30
1700428814.862227,490054.000,6719,1,B%,1,100,29
1700428815.853374,491023.000,6877,1,B%,1,100,30
1700428816.855773,492003.000,7034,1,B%,1,100,30
1700428817.852034,492977.000,7183,1,B%,1,100,30
1700428818.848295,493951.000,7325,1,B%,1,100,30
1700428819.848648,494929.000,7483,1,B%,1,100,30
1700428820.842863,495901.000,7643,1,B%,1,100,30
1700428821.842193,496878.000,7786,1,B%,1,100,29
1700428822.839477,497853.000,7945,1,B%,1,100,29
1700428823.835738,498827.000,8091,1,B%,1,100,29
1700428824.832000,499801.000,8234,1,B%,1,100,29
1700428825.829284,500776.000,8392,1,B%,1,100,29
1700428826.829637,501754.000,8551,1,B%,1,100,30
1700428827.832035,502734.000,8693,1,B%,1,100,30
1700428828.829319,503709.000,8856,1,B%,1,100,30
1700428829.822512,504680.000,8999,1,B%,1,100,29
1700428830.820819,505656.000,9156,1,B%,1,100,29
1700428831.817080,506630.000,9298,1,B%,1,100,29
1700428832.813341,507604.000,9458,1,B%,1,100,29
1700428833.811648,508580.000,9603,1,B%,1,100,29
1700428834.806886,509553.000,9760,1,B%,1,100,29
1700428835.807239,510531.000,9902,1,B%,1,100,29
1700428836.801455,511503.000,10060,1,B%,1,100,29
1700428837.801807,512481.000,10218,1,B%,1,100,29
1700428838.797046,513454.000,10366,1,B%,1,100,29
1700428839.793307,514428.000,10508,1,B%,1,100,29
1700428840.792637,515405.000,10665,1,B%,1,100,28
1700428841.789921,516380.000,10808,1,B%,1,100,28
1700428842.788228,517356.000,10966,1,B%,1,100,29
1700428843.784489,518330.000,11124,1,B%,1,100,29
1700428844.787910,519311.000,11269,1,B%,1,100,30
1700428845.783149,520284.000,11412,1,B%,1,100,30
1700428846.779410,521258.000,11570,1,B%,1,100,30
1700428847.777717,522234.000,11728,1,B%,1,100,30
1700428848.771932,523206.000,11870,1,B%,1,100,30
1700428849.775354,524187.000,12029,1,B%,1,100,29
1700428850.768546,525158.000,12172,1,B%,1,100,29
1700428851.764807,526132.000,12330,1,B%,1,100,29
1700428852.764137,527109.000,12472,1,B%,1,100,29
1700428853.761421,528084.000,12630,1,B%,1,100,29
1700428854.763820,529064.000,12773,1,B%,1,100,29
1700428855.760081,530038.000,12931,1,B%,1,100,29
1700428856.757365,531013.000,13073,1,B%,1,100,29
1700428857.755672,531989.000,13231,1,B%,1,100,29
1700428858.758070,532969.000,13388,1,B%,1,100,29
1700428859.751263,533940.000,13537,1,B%,1,100,29
1700428860.742410,534909.000,13679,1,B%,1,100,29
1700428861.743786,535888.000,13839,1,B%,1,100,28
1700428862.738001,536860.000,13982,1,B%,1,100,29
1700428863.739377,537839.000,14142,1,B%,1,100,29
1700428864.738707,538816.000,14301,1,B%,1,100,29
1700428865.733945,539789.000,14445,1,B%,1,100,28
1700428866.731229,540764.000,14602,1,B%,1,100,28
1700428867.729536,541740.000,14748,1,B%,1,100,29
1700428868.726820,542715.000,14905,1,B%,1,100,29
1700428869.722058,543688.000,15049,1,B%,1,100,29
1700428870.717297,544661.000,15199,1,B%,1,100,29
1700428871.717649,545639.000,15357,1,B%,1,100,29
1700428872.720048,546619.000,15517,1,B%,1,100,28
1700428873.714263,547591.000,15659,1,B%,1,100,28
1700428874.710525,548565.000,15816,1,B%,1,100,29
1700428875.704740,549537.000,15967,1,B%,1,100,28
1700428876.698956,550509.000,16111,1,B%,1,100,28
1700428877.695217,551483.000,16269,1,B%,1,100,29
1700428878.692501,552458.000,16429,1,B%,1,100,29
1700428879.691831,553435.000,16572,1,B%,1,100,29
1700428880.691161,554412.000,16737,1,B%,1,100,28
1700428881.688445,555387.000,16879,1,B%,1,100,28
1700428882.688797,556365.000,17024,1,B%,1,100,29
1700428883.683013,557337.000,17182,1,B%,1,100,29
1700428884.680297,558312.000,17341,1,B%,1,100,28
1700428885.679627,559289.000,17483,1,B%,1,100,29
1700428886.676911,560264.000,17630,1,B%,1,100,29
1700428887.674195,561239.000,17788,1,B%,1,100,29
1700428888.669433,562212.000,17946,1,B%,1,100,29
1700428889.669786,563190.000,18090,1,B%,1,100,29
1700428890.662979,564161.000,18249,1,B%,1,100,29
1700428891.660263,565136.000,18395,1,B%,1,100,29
1700428892.658570,566112.000,18537,1,B%,1,100,29
1700428893.653808,567085.000,18695,1,B%,1,100,29
1700428894.654161,568063.000,18838,1,B%,1,100,29
1700428895.650422,569037.000,19000,1,B%,1,100,29
1700428896.652821,570017.000,19145,1,B%,1,100,29
1700428897.648059,570990.000,19288,1,B%,1,100,29
1700428898.646366,571966.000,19447,1,B%,1,100,29
1700428899.646719,572944.000,19588,1,B%,1,100,29
1700428900.642980,573918.000,19748,1,B%,1,100,29
1700428901.644355,574897.000,19899,1,B%,1,100,29
1700428902.641639,575872.000,20042,1,B%,1,100,29
1700428903.637901,576846.000,20184,1,B%,1,100,29
1700428904.631093,577817.000,20344,1,B%,1,100,29
1700428905.627354,578791.000,20488,1,B%,1,100,29
1700428906.623616,579765.000,20615,1,B%,1,100,28
1700428907.622946,580742.000,20760,1,B%,1,100,28
1700428908.621253,581718.000,20918,1,B%,1,100,28
1700428909.619560,582694.000,21063,1,B%,1,100,28
1700428910.620935,583673.000,21220,1,B%,1,100,28
1700428911.614128,584644.000,21364,1,B%,1,100,28
1700428912.612435,585620.000,21523,1,B%,1,100,28
1700428913.610742,586596.000,21667,1,B%,1,100,28
1700428914.602911,587566.000,21825,1,B%,1,100,28
1700428915.604287,588545.000,21985,1,B%,1,100,28
1700428916.607708,589526.000,22127,1,B%,1,100,29
1700428917.603969,590500.000,22271,1,B%,1,100,28
1700428918.602276,591476.000,22431,1,B%,1,100,28
1700428919.600583,592452.000,22589,1,B%,1,100,29
1700428920.592753,593422.000,22733,1,B%,1,100,28
1700428921.586969,594394.000,22891,1,B%,1,100,28
1700428922.584253,595369.000,23038,1,B%,1,100,28
1700428923.581537,596344.000,23196,1,B%,1,100,28
1700428924.584958,597325.000,23338,1,B%,1,100,28
1700428925.580196,598298.000,23496,1,B%,1,100,28
1700428926.576458,599272.000,23641,1,B%,1,100,28
1700428927.578856,600252.000,23799,1,B%,1,100,28
1700428928.571026,601222.000,23930,1,B%,1,100,29
1700428929.573424,602202.000,24088,1,B%,1,100,29
1700428930.569685,603176.000,24246,1,B%,1,100,29
1700428931.565947,604150.000,24391,1,B%,1,100,29
1700428932.566299,605128.000,24548,1,B%,1,100,29
1700428933.564606,606104.000,24695,1,B%,1,100,29
1700428934.567005,607084.000,24852,1,B%,1,100,28
1700428935.560197,608055.000,24997,1,B%,1,100,28
1700428936.556459,609029.000,25155,1,B%,1,100,28
1700428937.554766,610005.000,25313,1,B%,1,100,28
1700428938.554096,610982.000,25456,1,B%,1,100,28
1700428939.549334,611955.000,25599,1,B%,1,100,28
1700428940.541504,612925.000,25757,1,B%,1,100,28
1700428941.542879,613904.000,25915,1,B%,1,100,28
1700428942.536072,614875.000,26057,1,B%,1,100,28
1700428943.535402,615852.000,26201,1,B%,1,100,28
1700428944.533709,616828.000,26359,1,B%,1,100,28
1700428945.529970,617802.000,26517,1,B%,1,100,28
1700428946.531345,618781.000,26661,1,B%,1,100,28
1700428947.528630,619756.000,26819,1,B%,1,100,28
1700428948.525913,620731.000,26978,1,B%,1,100,28
1700428949.521152,621704.000,27122,1,B%,1,100,28
1700428950.517413,622678.000,27264,1,B%,1,100,28
1700428951.518789,623657.000,27424,1,B%,1,100,28
1700428952.517096,624633.000,27581,1,B%,1,100,28
1700428953.514380,625608.000,27724,1,B%,1,100,28
1700428954.511664,626583.000,27885,1,B%,1,100,28
1700428955.508948,627558.000,28027,1,B%,1,100,27
1700428956.502141,628529.000,28184,1,B%,1,100,28
1700428957.495333,629500.000,28327,1,B%,1,100,28
1700428958.492617,630475.000,28485,1,B%,1,100,27
1700428959.488879,631449.000,28629,1,B%,1,100,27
1700428960.488209,632426.000,28786,1,B%,1,100,28
1700428961.487538,633403.000,28930,1,B%,1,100,28
1700428962.488914,634382.000,29087,1,B%,1,100,27
1700428963.483129,635354.000,29229,1,B%,1,100,28
1700428964.481436,636330.000,29378,1,B%,1,100,28
1700428965.479743,637306.000,29521,1,B%,1,100,28
1700428966.472936,638277.000,29679,1,B%,1,100,28
1700428967.474311,639256.000,29837,1,B%,1,100,28
1700428968.473641,640233.000,29979,1,B%,1,100,28
1700428969.471948,641209.000,30137,1,B%,1,100,28
1700428970.469232,642184.000,30281,1,B%,1,100,28
1700428971.465493,643158.000,30439,1,B%,1,100,28
1700428972.463800,644134.000,30583,1,B%,1,100,28
1700428973.456993,645105.000,30741,1,B%,1,100,27
1700428974.455300,646081.000,30900,1,B%,1,100,27
1700428975.450538,647054.000,31048,1,B%,1,100,28
1700428976.452937,648034.000,31190,1,B%,1,100,28
1700428977.450221,649009.000,31350,1,B%,1,100,28
1700428978.444437,649981.000,31507,1,B%,1,100,27
1700428979.446835,650961.000,31650,1,B%,1,100,27
1700428980.440027,651932.000,31810,1,B%,1,100,27
1700428981.441403,652911.000,31952,1,B%,1,100,27
1700428982.439710,653887.000,32111,1,B%,1,100,27
1700428983.435971,654861.000,32256,1,B%,1,100,27
1700428984.435301,655838.000,32414,1,B%,1,100,27
1700428985.433608,656814.000,32559,1,B%,1,100,28
1700428986.432938,657791.000,32716,1,B%,1,100,28
1700428987.428176,658764.000,32861,1,B%,1,100,28
1700428988.424438,659738.000,33019,1,B%,1,100,28
1700428989.422745,660714.000,33177,1,B%,1,100,28
1700428990.422074,661691.000,33319,1,B%,1,100,28
1700428991.419358,662666.000,33465,1,B%,1,100,28
1700428992.414597,663639.000,33623,1,B%,1,100,27
1700428993.414949,664617.000,33781,1,B%,1,100,28
1700428994.409165,665589.000,33923,1,B%,1,100,27
1700428995.408495,666566.000,34081,1,B%,1,100,27
1700428996.407825,667543.000,34226,1,B%,1,100,27
1700428997.404086,668517.000,34384,1,B%,1,100,27
1700428998.406484,669497.000,34525,1,B%,1,100,28
1700428999.406837,670475.000,34668,1,B%,1,100,28
1700429000.401052,671447.000,34826,1,B%,1,100,27
1700429001.395268,672419.000,34971,1,B%,1,100,27
1700429002.390506,673392.000,35129,1,B%,1,100,27
1700429003.387790,674367.000,35272,1,B%,1,100,28
1700429004.388143,675345.000,35429,1,B%,1,100,27
1700429005.381336,676316.000,35572,1,B%,1,100,27
1700429006.377597,677290.000,35717,1,B%,1,100,27
1700429007.379995,678270.000,35875,1,B%,1,100,27
1700429008.372165,679240.000,36017,1,B%,1,100,26
1700429009.370472,680216.000,36175,1,B%,1,100,26
1700429010.367756,681191.000,36318,1,B%,1,100,26
1700429011.358903,682160.000,36479,1,B%,1,100,27
1700429012.361301,683140.000,36606,1,B%,1,100,28
1700429013.362677,684119.000,36764,1,B%,1,100,27
1700429014.362007,685096.000,36906,1,B%,1,100,27
1700429015.357245,686069.000,37034,1,B%,1,100,27
1700429016.353507,687043.000,37192,1,B%,1,100,27
1700429017.349768,688017.000,37322,1,B%,1,100,27
1700429018.343983,688989.000,37479,1,B%,1,100,27
1700429019.340245,689963.000,37621,1,B%,1,100,27
1700429020.334460,690935.000,37779,1,B%,1,100,27
1700429021.336859,691915.000,37937,1,B%,1,100,27
1700429022.333120,692889.000,38081,1,B%,1,100,27
1700429023.331427,693865.000,38239,1,B%,1,100,28
1700429024.330756,694842.000,38396,1,B%,1,100,28
1700429025.323949,695813.000,38540,1,B%,1,100,28
1700429026.322256,696789.000,38698,1,B%,1,100,28
1700429027.319540,697764.000,38856,1,B%,1,100,28
1700429028.318870,698741.000,38999,1,B%,1,100,28
1700429029.318200,699718.000,39157,1,B%,1,100,28
1700429030.312415,700690.000,39314,1,B%,1,100,28
1700429031.312768,701668.000,39458,1,B%,1,100,28
1700429032.308006,702641.000,39616,1,B%,1,100,28
1700429033.303245,703614.000,39776,1,B%,1,100,28
1700429034.299506,704588.000,39921,1,B%,1,100,28
1700429035.296790,705563.000,40081,1,B%,1,100,28
1700429036.294074,706538.000,40239,1,B%,1,100,28
1700429037.295450,707517.000,40381,1,B%,1,100,28
1700429038.292734,708492.000,40540,1,B%,1,100,29
1700429039.286949,709464.000,40685,1,B%,1,100,29
1700429040.288325,710443.000,40843,1,B%,1,100,29
1700429041.285609,711418.000,41001,1,B%,1,100,29
1700429042.286984,712397.000,41143,1,B%,1,100,30
1700429043.285291,713373.000,41303,1,B%,1,100,29
1700429044.281553,714347.000,41463,1,B%,1,100,29
1700429045.278837,715322.000,41606,1,B%,1,100,30
1700429046.272029,716293.000,41763,1,B%,1,100,29
1700429047.272382,717271.000,41921,1,B%,1,100,29
1700429048.266598,718243.000,42063,1,B%,1,100,30
1700429049.265927,719220.000,42221,1,B%,1,100,28
1700429050.265257,720197.000,42364,1,B%,1,100,28
