LocalTimestamp,EA,EL,PI,PR,PG,T1,AX,AY,AZ,GX,GY,GZ,MX,MY,MZ,SA,SR,SF,HR,BI,UN,PS
1970-01-01 00:00:00,753.0892871225659,-24648.782802666665,163033.8830449827,137815.38823529411,11977.98615916955,32.691160183066366,-0.0329093351242444,0.3243606447280053,0.0748226997985225,-0.3582740094022834,2.3970779046339827,0.4932693082605776,23.416386836803223,22.32773673606448,-41.48354600402955,247.2550915,0.43333325,5.111614285714285,43.34615384615385,1950.7692307692307,nan,
2023-07-11 14:44:00,1.7321297648456058,-18805.074599144893,131262.33285509326,105899.74031563844,7326.047345767575,36.14045238095238,0.2598667601683029,0.5986058906030856,0.7057180925666199,0.0783927068723702,0.6978330995792427,0.1848695652173913,22.394109396914445,18.77279102384292,-2.360448807854137,0.1268365,0.8888889999999999,23.29245238095238,46.47058823529412,1501.1764705882354,nan,Relaxed
2023-07-11 14:45:00,2.4269106141906875,-19047.2560932306,136187.03492276696,108553.71860308932,7382.960376091337,36.55958536585366,0.3454286657859974,0.6435475561426685,0.5726486129458388,0.8639174372523117,0.0153064729194187,0.484830250990753,30.47886393659181,20.15719947159841,-7.872523117569353,0.1356977142857142,0.7523808571428571,11.429519444444445,35.588235294117645,3550.5882352941176,nan,Relaxed
2023-07-11 14:46:00,3.602876017758047,-19236.48440100222,136093.2741935484,108494.63440860216,7340.645833333333,37.00784478935699,0.1695310435931308,0.8915217965653898,0.2415343461030383,0.3718408190224571,0.6949874504623514,0.3147496697490092,47.29128137384412,10.09445178335535,-20.5554821664465,0.2401816666666666,0.6999999999999998,8.286946961325967,35.62068965517241,1994.4827586206893,nan,Relaxed
2023-07-11 14:47:00,5.549327076496674,-19371.29535927384,133930.03362474783,107220.599865501,7353.8876933423,37.22827272727273,0.0896893588896232,0.9317263714474554,-0.0094025115664243,1.342846001321877,6.517779907468605,-0.0053562458691341,49.890945142101785,17.876404494382022,-49.64177131526768,0.7216821666666666,0.7111109999999999,6.657308888888888,43.888888888888886,1706.6666666666667,nan,Relaxed
2023-07-11 14:48:00,6.861270570477247,-19416.34229977913,134865.17741935485,107056.66666666669,7443.278225806452,37.29066888888889,0.2618631857237277,0.6425333773959022,0.5394752148050231,-0.1368995373430271,6.262434897554527,0.1704454725710509,29.446794448116325,18.37475214805023,-12.656972901520158,1.2018708333333332,0.7888888333333334,5.192764444444444,48.282051282051285,1548.7179487179487,mangiando e camminando ma sempre in maniera rilassata,Relaxed
2023-07-11 14:49:00,10.889894216426194,-19494.807978125416,138480.67652992602,109050.09414929387,7389.767989240081,37.55151662971176,0.2802212681638045,0.5942060766182298,0.6991968295904888,-0.0607437252311756,0.5947622192866578,0.1208553500660502,26.66116248348745,14.931968295904888,-4.3302509907529725,1.11417425,0.53333325,4.822467777777778,69.21818181818182,1098.1818181818182,nan,Relaxed
2023-07-11 14:50:00,907.4633287760532,-19758.288495192905,135032.1491935484,107241.35819892472,7320.47379032258,37.77070953436807,-0.0289174372523117,0.8207734478203436,0.3751776750330251,0.5304953764861294,-0.5474834874504624,-0.1699015852047556,36.3778071334214,17.15455746367239,-10.05878467635403,246.255515,0.9,4.869562983425414,59.58536585365854,1449.7560975609756,nan,Relaxed
2023-07-11 14:51:00,1000.0,-20232.421972447893,132316.34274193548,105575.5241935484,7177.530241935484,38.0170199556541,-0.0608096497025776,0.8470760079312624,0.3607283542630535,0.1282630535360211,0.8560819563780568,0.3859927296761402,36.3694646397885,16.18109715796431,-9.170522141440848,,,0.673378888888889,66.7719298245614,1054.7368421052631,nan,Relaxed
2023-07-11 14:52:00,1000.0,-20648.6825532475,134193.60053799595,105884.62811028917,7319.431069266981,38.19648444444445,0.2383177014531043,0.5645911492734479,0.6742628797886394,-0.4380059445178335,1.2022285336856011,0.8095092470277411,23.33487450462352,16.41215323645971,-4.682959048877146,,,0.0829211111111111,58.19512195121951,1421.4634146341464,nan,Relaxed
2023-07-11 14:53:00,1000.0,-21110.78183680156,137732.66465053763,107411.9616935484,7399.041666666667,38.34125055432372,0.1878645076007931,0.5452571050892268,0.7779537343027099,0.1421394580304031,0.5245750165234633,0.1800396563119629,20.97951090548579,11.114342366159947,-3.3734302709847985,,,0.0101685082872928,63.18604651162791,1322.7906976744189,nan,Relaxed
2023-07-11 14:54:00,1000.0,-21311.482549791344,140138.19086021505,108746.74529569891,7392.394489247312,38.439891352549886,0.1908923381770145,0.5855363276089828,0.7430640686922061,-0.1476955085865257,0.5953560105680317,0.0938632760898282,23.324966974900924,11.422060766182298,-4.015191545574637,,,0.0012444444444444,58.74468085106383,1336.1702127659576,nan,Relaxed
2023-07-11 14:55:00,1000.0,-21350.354267841285,140360.04976462678,108932.79825151312,7380.135171486214,38.50730376940133,0.1670508922670191,0.5958321216126901,0.739207534699273,-0.0387891606080634,0.6244216787838731,0.1775882352941176,23.39524124256444,10.732319894249835,-4.282881692002643,,,0.0001583333333333,61.26829268292683,1440.0,nan,Relaxed
2023-07-11 14:56:00,1000.0,-21396.591674833333,141035.0253164557,109321.24050632912,7286.253164556962,38.56326086956522,0.167425,0.5940375,0.7437125,0.19795,-0.0209875,0.3490499999999999,23.4875,10.5125,-4.25,,,0.0,62.0,1720.0,nan,Relaxed
2023-11-07 13:50:00,0.0810100029761904,-2373.2083311622023,148648.54725472548,116027.1710171017,8218.746174617461,28.663271641791045,0.1427063492063492,0.8877345679012346,0.2494788359788359,0.0309603174603174,0.2278139329805996,-0.0842627865961199,49.90299823633157,4.261022927689594,-23.215167548500883,0.0001354657534246,0.2219178904109589,61.10087313432836,22.705882352941178,2665.8823529411766,nan,Run
2023-11-07 13:51:00,0.0646884139844617,8362.728780018868,152300.09261744967,118253.31610738256,8021.078523489933,29.68318181818182,-0.0182600660066006,0.8619894389438943,0.2962765676567657,0.8941155115511551,15.437355115511552,5.408575577557756,48.124752475247526,20.388778877887788,-38.55643564356436,0.001301925,0.315000025,61.2321458563536,30.352941176470587,3550.5882352941176,nan,Run
2023-11-07 13:52:00,0.1060423532668881,-6433.99047717165,147125.37046979865,111569.1624161074,7010.363758389261,30.61219733924612,0.0915095709570957,0.8096349834983498,-0.1233016501650165,-0.4284330033003301,-4.97666600660066,-1.8631194719471948,45.58877887788779,44.83828382838284,-52.65676567656766,0.0002225581395348,0.2604651162790697,66.84874777777779,34.166666666666664,2496.6666666666665,ccomincio a correre con la cyclette,Run
2023-11-07 13:53:00,0.12317428190899,-8293.047952369589,148211.4448924731,111332.1995967742,6392.740591397849,31.41766962305987,-0.0510079312623925,0.824727032385988,0.458708526107072,1.3011037673496364,0.5611103767349636,0.0236662260409782,57.57105089226702,41.41639127561137,-41.60277594183741,0.00029778125,0.1902777395833333,85.43523444444443,57.075471698113205,1117.7358490566037,nan,Run
2023-11-07 13:54:00,0.1516237206208426,-10406.126604497782,149231.719274681,112853.18603089322,7394.817327065144,32.19774057649668,-0.0052100396301188,0.7452014531043593,0.5298626155878468,2.0518837516512547,-0.2428764861294584,-0.2521274768824306,56.56803170409511,43.7668428005284,-41.02840158520476,0.0003702421052631,0.2631578842105263,90.86767679558012,60.77777777777778,1106.6666666666667,nan,Run
2023-11-07 13:55:00,0.1750976326304106,-11657.27392307436,149968.69778374748,113361.99328408328,7219.65883143049,32.80187361419069,0.007419801980198,0.7768310231023101,0.4830481848184818,1.7097313531353135,1.1536237623762375,0.0861108910891089,59.043564356435645,43.00924092409241,-45.41320132013201,0.0002172142857142,0.2053571785714285,108.32475111111113,61.14035087719298,1050.5263157894738,nan,Run
2023-11-07 13:56:00,0.1964641042128603,-12525.347000133035,150134.28744123573,113656.93082605777,7274.486903962391,33.229262222222225,-0.0258791281373844,0.7729247027741084,0.5029709379128138,1.5976961690885074,0.5865878467635403,0.0909385733157199,59.2886393659181,42.03104359313078,-43.3672391017173,0.0002031941747572,0.1980583009708738,106.5076272222222,58.73076923076923,1126.1538461538462,nan,Run
2023-11-07 13:57:00,0.2171970753880266,-13205.525263946784,150343.6635325722,113930.43451981196,7268.161182001343,33.53331707317073,0.0021354029062087,0.7516017173051519,0.4893177014531044,-0.7204121532364597,-4.079795904887715,-1.6305118890356674,56.17899603698811,41.98348745046235,-40.606340819022456,0.0001871807228915,0.1518072891566265,93.89743259668508,55.32692307692308,1161.5384615384614,nan,Run
2023-11-07 13:58:00,0.302474699556541,-14755.91863566519,150194.760241773,114020.3512424446,7328.623908663532,33.73209756097561,-0.0337643564356435,0.7601452145214521,0.504337293729373,1.8170798679867988,1.1326904290429043,-0.4071900990099009,59.12211221122112,41.962376237623765,-42.78283828382838,0.0056941956521739,0.3463768478260869,62.53134055555555,57.431372549019606,1170.9803921568628,nan,Run
2023-11-07 13:59:00,340.8748144235033,-19122.096885407984,151214.44526527871,114562.28005372731,7286.458025520484,33.93221729490022,-0.0203936591809775,0.7670449141347424,0.5102708058124175,1.5167212681638045,1.393027080581242,0.2129293262879789,59.43659180977543,42.589828269484805,-43.90951122853369,19.58148896078432,0.4039215882352941,54.64757403314917,57.224489795918366,1198.3673469387754,nan,Run
2023-11-07 14:00:00,1000.0,-21410.24901910421,151389.96440564137,115541.49563465411,7216.84553391538,34.08174944567627,-0.0232351387054161,0.777992073976222,0.4366935270805812,2.98113606340819,-0.1777965653896963,-0.6506677675033026,57.55350066050198,42.80911492734478,-43.35468956406869,,,14.60503777777778,58.32,1203.2,nan,Run
2023-11-07 14:01:00,1000.0,-23816.78250587694,146590.99395567496,113209.08126259234,6382.6024177300205,34.215337028824834,-0.0336928665785997,0.7691902245706738,0.4956221928665785,1.4588044914134743,0.8153256274768824,-0.3891598414795245,59.25099075297226,41.58388375165126,-44.469616908850725,,,1.798548888888889,59.66666666666666,1175.686274509804,nan,Run
2023-11-07 14:02:00,1000.0,-22680.835064875835,142583.57555406314,110503.4311618536,6126.984553391538,34.45481374722838,-0.0729247524752475,0.7387669966996699,0.5540838283828383,2.0912066006600663,1.5468600660066003,0.6999095709570957,59.9973597359736,39.64356435643565,-40.58877887788779,,,0.2206171270718232,56.30769230769231,1136.1538461538462,nan,Run
2023-11-07 14:03:00,996.6770336847948,-24840.3087671676,145556.09603760912,111637.82202820684,7291.803895231699,34.31325277161863,0.0161611624834874,0.7500264200792602,0.5004365918097754,0.0879623513870542,-8.173171070013211,-1.7742575957727873,46.61889035667107,47.1340819022457,-29.15257595772788,,,0.0269616666666666,58.977777777777774,1317.3333333333333,nan,Run
2023-11-07 14:04:00,1000.0,-25397.24034048448,150796.16397849462,129438.6565860215,7855.340725806452,33.831022172949,0.0759973579920739,0.6586155878467636,0.7117014531043594,4.235554821664465,-8.143440554821664,3.235749009247028,43.0217965653897,53.08586525759577,-25.13870541611625,,,0.0033211111111111,65.74193548387096,973.548387096774,nan,Run
2023-11-07 14:05:00,1000.0,-24335.32173943459,149887.78374748153,125856.9442578912,7433.918737407656,33.98014855875832,0.1317419141914191,0.7912132013201321,0.6402640264026402,3.735151155115512,-9.694942574257423,2.5188356435643566,47.7049504950495,54.64026402640264,-31.2006600660066,,,0.0004060773480662,63.293103448275865,1020.6896551724138,nan,Run
2023-11-07 14:06:00,1000.0,-23585.98872296674,148523.0067159167,124129.49294828744,7241.520483546004,34.2529889135255,-0.1200620871862615,0.8030085865257597,0.3934471598414795,1.1441188903566712,0.9442027741083224,-0.4909986789960369,59.89564068692206,36.984147952443855,-47.03434610303831,,,4.111111111111112e-05,62.63636363636363,1077.090909090909,nan,Run
2023-11-07 14:07:00,1000.0,-23754.41063695898,148009.47145735394,123354.84217595702,7305.584284754869,34.694532150776055,-0.1393025099075297,0.7958216644649934,0.4194187582562748,1.8206585204755608,1.5824980184940556,0.5903996036988112,60.52443857331572,36.389035667107,-46.20673712021136,,,0.0,58.67307692307692,1133.8461538461538,nan,Run
2023-11-07 14:08:00,1000.0,-24789.621492175167,147291.50268817204,122208.20161290324,7436.569892473119,34.9680532150776,-0.0500178335535006,0.8209141347424043,0.3451261558784676,0.2093599735799207,-0.5796188903566712,1.4872919418758257,56.32562747688243,38.846763540290624,-45.23778071334214,,,0.0,57.28260869565217,1306.9565217391305,nan,Run
2023-11-07 14:09:00,1000.0,-25251.217087335182,144033.1431451613,117470.000672043,7099.524865591397,34.94674666666667,0.0361822985468956,0.7880885072655217,0.3419438573315719,-0.0489247027741083,-3.177391017173052,-2.9012133421400264,49.75099075297226,40.68229854689564,-39.62153236459709,,,0.0,55.58695652173913,1272.1739130434785,nan,Run
2023-11-07 14:10:00,1000.0,-24871.548104895788,143398.89254533243,115982.48287441237,7092.578912021491,34.993294900221734,0.0339332892998679,0.8711208718626156,0.1065105680317041,2.13132430647292,9.256589167767505,2.089894319682959,47.44187582562748,33.53170409511228,-41.85997357992074,,,0.0,46.526315789473685,1576.842105263158,nan,Run
2023-11-07 14:11:00,1000.0,-24986.42533895068,142236.03600543478,115115.85190217392,7037.929347826087,34.94603811659193,0.1684236157438292,-0.3221847898599066,0.6302234823215477,-1.920230153435624,0.7799966644429619,1.590196130753836,-10.216811207471649,9.00266844563042,-20.12875250166778,,,0.0,43.7948717948718,1536.4102564102564,nan,Run
2023-11-15 08:01:00,0.0455249784017278,11035.85184938445,161276.48167539266,126941.17408376964,10448.335078534032,28.984577586206896,0.1671305449936628,0.8782864385297845,0.2548491761723701,1.0957084917617237,2.961678073510773,0.0358542458808618,42.21292775665399,44.17490494296578,-25.367553865652724,7.676923076923076e-05,0.2564103076923077,52.95565652173913,42.65,1548.0,inizio con la sessione di corsa,Run
2023-11-15 08:02:00,0.053192554323725,6635.939472594236,161278.44697986578,126388.7288590604,10639.327516778523,29.634342222222223,0.2861544554455446,0.75273399339934,0.5170085808580859,0.6518831683168317,-3.5633445544554454,-0.7338772277227723,44.74983498349835,54.76765676567657,-37.403300330033005,0.0001518085106382,0.2829787127659574,82.69371988950276,60.517857142857146,1062.142857142857,nan,Run
2023-11-15 08:03:00,0.0628101740576496,2610.555433241685,162219.95500335796,126490.89926124916,11125.445936870385,30.219068736141907,0.2779742404227213,0.7855211360634082,0.5630647291941876,1.72263606340819,-4.927022457067371,2.244556142668428,48.05812417437252,56.72060766182299,-39.92073976221928,0.0001659727272727,0.2193939545454545,102.15714277777778,63.266666666666666,964.6666666666666,nan,Run
2023-11-15 08:04:00,0.0728379678135405,-467.068367236404,162232.31384408602,126708.25604838708,11310.292338709678,30.70114855875832,0.3256367239101717,0.7528553500660503,0.5742760898282695,3.383127476882431,-5.776073315719947,0.7676750330250991,46.317040951122856,58.39167767503302,-39.92536327608983,0.00018318,0.2206667,101.35504722222224,59.85714285714285,1080.0,nan,Run
2023-11-15 08:05:00,0.1330089633740288,-6656.583802011099,161815.67809139786,126917.20967741936,11480.352822580646,31.12006,0.3263549239920687,0.7472571050892266,0.5698248512888301,2.985888301387971,-7.318589557171183,0.6634950429610046,46.61136814276272,58.19101123595506,-40.55849306014541,0.0057096,0.42266664,73.83720386740332,59.11904761904762,1311.428571428571,nan,Run
2023-11-15 08:06:00,905.9401791762748,-24330.56961418958,164984.29684351914,130102.26326393551,11971.316991269308,31.36148780487805,0.2801023778071334,0.731894319682959,0.590782034346103,4.919331571994716,-5.75957397622193,2.8158203434610303,47.77476882430647,56.46036988110964,-39.486129458388376,333.42925966666667,0.9333333333333336,25.620372222222223,52.46666666666667,1873.3333333333333,nan,Run
2023-11-15 08:07:00,1000.0,-26528.98534397891,169129.8569509738,134924.9006044325,12359.070517125589,31.55252993348116,0.2112035690680766,0.7148360872438864,0.660827495042961,4.251735624586914,-6.006477858559154,1.9105690680766687,50.02643754130866,54.5102445472571,-35.68142762723067,,,3.202687222222222,46.294117647058826,4023.529411764706,nan,Run
2023-11-15 08:08:00,950.2437007206208,-25921.330584794898,161177.41733870967,132178.7755376344,11532.42069892473,31.6699645232816,0.2432219286657859,0.7628778071334215,0.3008025099075297,4.225452443857332,-2.2133579920739765,-2.611891677675033,46.04755614266843,51.19815059445178,-43.84874504623514,,,0.3943955555555556,54.58536585365854,1453.658536585366,nan,Run
2023-11-15 08:09:00,1000.0,-26529.09236264262,152324.45936870383,129801.3290799194,10705.877098723977,31.69615555555556,0.2932628797886393,0.829998678996037,0.0887675033025099,5.339004623513871,-6.080146631439895,-3.1416036988110965,42.03038309114928,55.84346103038309,-55.06274768824306,,,0.0483762430939226,61.0,944.0,nan,Run
2023-11-15 08:10:00,1000.0,-26527.93195241241,154182.03962390867,131130.4284754869,10740.813969106784,31.783869179600885,0.3394550858652576,0.7519154557463673,0.5627892998678996,4.193581902245707,-7.386759577278732,0.2526446499339497,47.10766182298547,58.51651254953765,-42.56076618229854,,,0.0059105555555555,51.0,25500.0,nan,Run
2023-11-15 08:11:00,1000.0,-26509.499445049947,153632.81653225806,131242.52217741936,10826.32997311828,31.855035476718403,0.2449577278731836,0.7562708058124173,0.5962212681638045,4.97446961690885,-7.745598414795244,-0.3000977542932629,49.05944517833554,56.24504623513871,-39.8216644649934,,,0.0007283333333333,41.0,12752.0,nan,Run
2023-11-15 08:12:00,1000.0,-26477.53058955654,152488.15648085964,130852.7239758227,10683.542646071188,31.851450110864747,0.2627265521796565,0.7829458388375166,0.3627463672391017,5.595198811096433,-5.038969616908851,-1.7919293262879787,46.067371202113605,54.89299867899604,-47.35336856010568,,,8.618784530386741e-05,42.833333333333336,2798.333333333333,nan,Run
2023-11-15 08:13:00,1000.0,-26470.79554618313,153223.936827957,131396.34610215054,10642.42741935484,31.84343777777778,0.1960951122853368,0.7553091149273448,0.5200145310435932,2.71022787318362,-3.656798546895641,-0.3097186261558785,51.84346103038309,50.36063408190225,-44.056142668428,,,0.0,48.7,2980.0,nan,Run
2023-11-15 08:14:00,1000.0,-26456.40198863082,153256.30490261922,131821.65950302215,10568.063801208866,32.07252993348115,0.1180151915455746,0.7937615587846765,0.4587166446499339,1.0080369881109643,0.3198480845442536,-0.3880660501981506,59.60700132100396,41.63474240422721,-50.6003963011889,,,0.0,53.87234042553192,1264.6808510638298,nan,Run
2023-11-15 08:15:00,1000.0,-26436.89643890244,154007.40860215054,132158.21572580645,10915.903897849465,32.29878492239468,0.1823718626155878,0.7663375165125494,0.5689200792602378,3.841276750330251,-4.27684214002642,0.8424147952443857,52.50594451783356,51.29722589167768,-42.0217965653897,,,0.0,57.2,2572.0,nan,Run
2023-11-15 08:16:00,1000.0,-26421.275475165374,152906.83881799865,131537.91000671592,10757.3559435863,32.259241685144126,0.1983797886393659,0.7589187582562748,0.3643309114927344,3.319136723910172,0.0850336856010568,0.4119894319682958,49.97027741083223,47.86789960369881,-45.28599735799207,,,0.0,52.80555555555556,1871.111111111111,nan,Run
2023-11-15 08:17:00,1000.0,-26471.093682853127,151555.01704545456,130080.21212121211,10314.13446969697,32.3826125,0.4398171641791044,0.8022574626865672,-0.1150167910447761,0.2530167910447761,1.1627425373134328,0.2071940298507462,34.37873134328358,60.46455223880597,-44.082089552238806,,,0.0,43.285714285714285,1554.2857142857142,fine sessione corsa,Run
2023-11-16 08:05:00,0.0866830165975103,-3545.8954363962653,146992.56,121330.38,10616.1775,30.3533347107438,-0.2095624242424242,-1.0225939393939394,0.1679187878787878,0.3495903030303029,-4.344923636363636,0.9676545454545454,-24.63272727272728,-5.752727272727273,-44.018181818181816,5.9806451612903225e-05,0.2172043225806451,109.67674166666666,41.89473684210526,1829.4736842105265,sessione palestra inizio,Gym
2023-11-16 08:05:00,0.0866830165975103,-3545.8954363962653,146992.56,121330.38,10616.1775,30.3533347107438,-0.2095624242424242,-1.0225939393939394,0.1679187878787878,0.3495903030303029,-4.344923636363636,0.9676545454545454,-24.63272727272728,-5.752727272727273,-44.018181818181816,5.9806451612903225e-05,0.2172043225806451,109.67674166666666,41.89473684210526,1829.4736842105265,trazione+flessione+chin up,Gym
2023-11-16 08:06:00,0.181046,-11214.892237603104,146386.51712558765,116711.05977165884,9612.47145735393,30.891548888888888,-0.3504679867986798,-0.2327511551155115,0.2355339933993399,-3.7534336633663368,-0.3265128712871287,3.085318811881188,10.507590759075908,15.936633663366337,-31.23762376237624,0.0210495217391304,0.3507246521739131,58.70225166666667,38.85,2896.0,nan,Gym
2023-11-16 08:07:00,12.41626627081021,-12927.413309205327,146188.2688172043,116879.31720430109,9548.63508064516,31.65804434589801,-0.3078949107732981,-0.5542683410442828,0.1602524785194976,-1.807062789160608,-4.07251090548579,4.107281559814937,-1.4791804362194316,10.837409120951753,-35.16523463317911,83.30178575000001,0.38333325,22.996611602209946,37.69565217391305,2615.6521739130435,nan,Gym
2023-11-16 08:08:00,0.2249766541019955,-13239.488017067628,150310.42511752853,124875.23572867695,10465.27065144392,32.272141906873614,-0.385720607661823,-0.8347668428005284,0.2483698811096433,-1.5689550858652577,-4.020785997357992,1.1830336856010568,-19.06538969616909,-7.361294583883752,-35.61492734478203,0.0856096666666666,0.288889,6.665908888888889,38.8,2014.6666666666667,riposo,Gym
2023-11-16 08:09:00,0.1840365704772475,-12051.853490683685,152150.5799731183,127473.34206989247,10656.85819892473,32.73206666666667,-0.2159015201586252,-1.019568407138136,0.1239015201586252,-0.248633840052875,0.1457660277594184,0.6617409120951752,-27.41176470588235,23.50033046926636,-46.79643093192333,0.0001066666666666,0.2222223333333333,3.2287933333333334,44.91176470588236,1740.0,nan,Gym
2023-11-16 08:10:00,0.1857983891352549,-12122.444348926829,152681.50806451612,127318.75336021504,10358.948252688171,33.18752771618625,-0.2309603698811096,-0.990832892998679,-0.1100713342140026,-0.0407642007926023,5.641080581241743,0.3980581241743725,-19.192866578599737,-0.7113606340819022,-53.14002642007926,0.0009548235294117,0.4588235882352941,9.659882320441987,37.44827586206897,1987.586206896552,nan,Gym
2023-11-16 08:11:00,6.905372346281909,-13446.8765824495,154159.40322580645,128262.2883064516,10966.807795698924,33.58550997782705,-0.2759001982815598,-0.6554111037673496,0.207792465300727,-2.371278916060806,-2.17104362194316,0.6897032385988104,-8.502313284864508,5.258426966292135,-32.41506939854594,43.47326104347826,0.2811594782608695,22.268815555555555,45.07142857142857,2235.714285714286,ripetizione con carico 5kg aggiunto,Gym
2023-11-16 08:12:00,13.68524779800222,-15446.198681149834,154853.22849462365,129020.45161290324,11043.030913978497,33.75055210643016,-0.3040250990752972,-0.546498678996037,-0.0192569352708058,-1.1927391017173052,-5.72082034346103,2.492461030383091,-0.1453104359313078,4.707397622192866,-46.64398943196829,62.622587125,0.2416666875,18.86459388888889,50.333333333333336,1693.3333333333333,nan,Gym
2023-11-16 08:13:00,0.4651019057649668,-13831.986431513304,151423.28139691066,135772.35930154467,10676.989926124916,33.83500222222222,-0.5042813738441215,-0.6003718626155878,0.3281598414795244,-0.8045594451783356,0.7603104359313078,-0.9053560105680316,-11.463672391017171,-15.354689564068693,-44.69550858652576,0.0398666111111111,0.6407407777777778,14.12879502762431,35.21739130434783,2940.8695652173915,nan,Gym
2023-11-16 08:14:00,0.8740051076581576,-18011.164032157605,156287.5934139785,140541.31451612903,10658.49126344086,34.23394235033259,-0.2981639127561137,-0.9566523463317912,-0.0690191672174487,-3.0064553866490416,-5.273064771976206,0.2065069398545935,-16.871777924653006,-2.1606080634501,-53.92729676140119,0.022024,0.4666667999999999,17.636727222222223,30.2,2374.4,nan,Gym
2023-11-16 08:15:00,0.9842493229744728,-18208.23886653496,157833.12373907195,142773.19636852725,11160.447881640888,34.39726164079823,-0.1163668208856576,-1.0296477197620622,0.0419167217448777,2.142487111698612,3.850062128222076,-1.2001414408460014,-22.91804362194316,13.458030403172504,-45.684071381361534,0.0172475454545454,0.478787909090909,16.230651666666667,36.44827586206897,2055.172413793104,inizio panca piana con 84kg caricati,Gym
2023-11-16 08:16:00,1.0683866175166297,-18320.437469687364,158443.77703156482,143499.46205507053,11336.553391537946,34.43620666666666,-0.2915871862615588,-0.9098428005284016,0.0552998678996037,-0.8405931307793925,1.0020568031704096,-0.0785594451783354,-17.297225891677677,18.5554821664465,-39.70343461030383,0.0113221111111111,0.3629631111111111,11.877897777777775,38.16,2371.2,nan,Gym
2023-11-16 08:17:00,1.0901464173140951,-18343.986028972253,160427.36852723605,145118.05447209146,11503.457296570276,34.34012860310421,-0.2646331791143423,-1.0055902181097158,0.0881606080634501,0.4753205551883675,2.63406807666887,-0.2784778585591539,-22.082617316589555,-0.9947124917382684,-32.75941837409121,0.0395468333333333,0.7444443333333334,6.475139444444445,38.42857142857143,2107.1428571428573,nan,Gym
2023-11-16 08:18:00,1.3737630920177384,-18601.158120838136,160813.6366689053,145497.9778374748,11633.345198119545,34.54188248337029,-0.0762291941875825,-0.1406479524438573,0.289664464993395,0.4774161162483487,2.989538969616909,0.434001321003963,20.155217965653897,12.723910171730514,-43.23117569352708,0.077496,0.4933332666666666,10.965509392265194,41.138888888888886,1650.0,inizio panca 1 rep,Gym
2023-11-16 08:19:00,1.243024115427303,-2906.052809190898,118289.10147849462,108322.47647849462,9236.530913978497,34.33999333333333,-0.3496836195508587,-0.6531486129458388,0.5102747688243064,0.2787067371202114,-0.1491961690885073,-0.5229379128137384,-8.844121532364596,-4.66776750330251,-21.07001321003963,0.0601405,0.4259259444444445,19.778246666666668,44.52,1606.4,riposo,Gym
2023-11-16 08:20:00,0.0310534035476718,26262.586714845896,24889.9186827957,28233.831989247312,3314.396505376344,32.78140354767184,-0.0483652575957727,0.0659894319682959,0.9396955085865256,1.074554821664465,0.2996552179656539,0.9010231175693526,-4.656538969616909,17.516512549537648,-5.157199471598415,0.407606,0.2,5.284844751381216,39.5,37120.0,nan,Gym
2023-11-16 08:21:00,26.912833229744727,-6276.8716980110985,134982.96977837474,109152.07186030892,10290.939556749496,33.159328159645234,-0.5965545274289491,-0.3344560475875743,0.3596655651024454,-3.300099140779908,6.04600991407799,2.31806080634501,1.043621943159286,-9.230006609385327,-32.80436219431593,0.0510105555555555,0.3333332222222222,7.214414444444444,41.42857142857143,3097.1428571428573,nan,Gym
2023-11-16 08:22:00,0.3247616940133037,-15327.248557891353,157560.4200268817,124328.71370967742,11427.216397849465,34.05521507760532,-0.4763546895640687,-0.8486657859973579,0.0043249669749009,-1.3976221928665786,0.7785369881109643,-0.7337523117569353,-14.383091149273447,-7.871862615587847,-40.42007926023778,0.0011356666666666,0.3666666666666667,5.752965555555555,39.06896551724138,2064.8275862068967,riprese esecuzione,Gym
2023-11-16 08:23:00,0.4349630188679245,-15999.739403066593,158615.25268817204,126247.40725806452,11773.939516129032,34.40076222222223,-0.2364758757435558,-0.1623251817580965,0.3254606741573034,-1.9343648380700595,-3.049098479841375,0.2282200925313946,17.195637805684072,12.547918043621944,-38.17382683410443,0.012468,0.5589744230769231,17.94367388888889,45.24242424242424,1705.4545454545455,2 esecuzione,Gym
2023-11-16 08:24:00,0.9134220299667036,-18071.52320772808,160494.11559139786,128810.16666666669,11920.184139784946,34.68268070953437,-0.2954537648612946,-1.0294247027741084,-0.04728071334214,-2.027723910171731,-7.596223910171731,-0.2475845442536327,-20.60501981505945,0.6796565389696169,-51.61492734478203,0.0245225714285714,0.5015873809523809,22.21002555555556,40.42307692307692,2418.4615384615386,riposo,Gym
2023-11-16 08:25:00,1.3554676407982262,-18589.896254831485,163011.0685483871,132074.71639784946,12303.538306451614,34.8819866962306,-0.2983965631196298,-1.0211434236615995,0.0203615333773959,-1.704706543291474,-4.44480304031725,-0.7400158625247852,-22.30799735624587,-1.380039656311963,-45.17514871116986,0.0522172222222222,0.5925925555555556,14.968623756906078,40.333333333333336,2205.925925925926,nan,Gym
2023-11-16 08:26:00,1.591962013318535,-18743.32632361598,166305.57190860214,134566.0483870968,13150.801075268815,35.030364444444444,-0.2128949801849405,-0.1098309114927344,0.3664260237780713,1.0147866578599736,-0.6714795244385735,2.909414795244386,16.505944517833555,20.15918097754293,-40.11030383091149,0.0394766,0.4133334,8.676093333333332,41.8,1696.0,terza ripetizione,Gym
2023-11-16 08:27:00,2.9527440221729493,-19138.70509111752,168873.36650975118,135597.65971755213,12979.273032952253,35.13812416851441,-0.2178684732319894,-0.7947362855254461,-0.0443344348975545,-2.8687237276933244,-1.488046926635823,-2.817688037012558,-10.16986120290813,5.498347653668209,-48.177792465300726,0.0842457647058823,0.3411764705882353,20.98456187845304,45.94117647058823,1730.5882352941176,riposo,Gym
2023-11-16 08:28:00,4.463549405105439,-19306.407745730303,169893.4247311828,136398.45900537635,12553.286962365592,35.09010199556541,-0.4368527080581241,-0.8770904887714663,0.0848150594451783,-5.506544914134742,-13.31599141347424,-0.2374280052840158,-14.25759577278732,-5.127476882430647,-40.02443857331572,0.1314227272727272,0.2424243636363636,13.400276111111111,38.8235294117647,1782.3529411764705,nan,Gym
2023-11-16 08:29:00,580.6783447869034,-19585.75382820422,169803.45698924732,136519.28360215054,12632.674059139785,35.158541019955656,-0.3011242564441507,-1.017027759418374,0.0001797752808988,0.2750376734963649,0.0871368142762723,-0.586142101784534,-22.1083939193655,-1.6378056840713813,-43.81031064111038,53.69678930769231,0.3230769230769231,13.378899444444444,39.93103448275862,1965.5172413793105,nan,Gym
2023-11-16 08:30:00,1000.0,-19762.728143194014,169960.81653225806,136536.64784946237,12824.167338709678,34.97985555555555,-0.3295277410832232,-1.016782034346103,-0.0171519154557463,-1.4513388375165124,-4.0519887714663145,-0.2282192866578599,-23.59114927344782,-2.342800528401585,-46.13077939233818,,,3.425000555555556,38.5,2387.2727272727275,quarta rep,Gym
2023-11-16 08:31:00,1000.0,-19767.528085116537,169972.80107526883,136543.0880376344,12934.11491935484,35.0730266075388,-0.2289101123595505,-0.0060304031725049,0.3624719101123595,-2.360351619299405,-6.5408493060145405,-0.7099048248512888,23.633840052875083,15.764044943820224,-36.44084600132188,,,0.4201226519337016,40.94444444444444,1882.2222222222224,nan,Gym
2023-11-16 08:32:00,473.6291345121952,1604.6902477871397,104831.28897849462,88992.41935483871,8848.96572580645,34.83343680709534,-0.261113606340819,-0.6506512549537649,0.4034742404227213,3.0300191545574635,1.6695660501981506,-0.754896961690885,-15.511889035667108,-0.7014531043593131,-22.492073976221928,,,0.0513383333333333,43.0625,1742.5,riposo,Gym
2023-11-16 08:34:00,5.607577600886918,21580.177205878048,36648.284274193546,38701.908602150535,4170.364247311828,32.87331485587583,-0.0681110376734963,0.0413595505617977,0.826867151354924,-1.432582286847323,-1.2066206212822208,0.7833945803040318,5.325842696629214,5.089887640449438,-7.50561797752809,0.3057257,0.2533333,3.915691712707182,39.0,69940.0,nan,Gym
2023-11-16 08:35:00,44.68925048945616,-15129.304990976694,162350.92069892472,140330.3057795699,12376.016129032258,33.45465188470067,-0.4703936591809776,-0.7663857331571995,0.3549114927344782,0.1288791281373844,2.768815059445178,0.0503844121532364,-11.077939233817702,0.3368560105680317,-26.331571994715983,0.0108,0.2857142857142857,10.724324444444443,38.96428571428572,2525.714285714286,cambio esercizio,Gym
2023-11-16 08:36:00,0.2591703207547169,-14236.404438872363,167133.9858870968,146417.8057795699,13892.231182795698,33.9380088691796,-0.2397541308658294,-1.0126986120290813,0.1599286186384666,-0.7514659616655651,0.8110740251156642,-0.0040165234633179,-26.0561797752809,16.05419695968275,-38.25512227362855,0.00062,0.133333,2.618387222222222,44.91428571428571,1699.428571428571,nan,Gym
2023-11-16 08:37:00,0.2223404223946785,-13351.240590590907,167461.70651443925,147402.760241773,14055.149764942917,34.16403777777778,-0.1754762219286657,-0.739103038309115,0.3206426684280052,3.5112430647291943,2.990073315719948,1.2495726552179658,-11.980845442536328,10.379788639365918,-41.22655217965654,8.4e-05,0.1,1.3541022222222223,50.05714285714286,1686.857142857143,nan,Gym
2023-11-16 08:38:00,0.2051154184239733,-12831.296119567149,169918.24193548388,149736.93413978495,14443.39180107527,34.44737028824834,-0.0672661822985468,-0.5479590488771466,0.3295951122853368,-3.3268996036988114,-2.9167021136063407,0.3043494055482167,2.6756935270805813,12.092470277410833,-34.822324966974904,0.0006096153846153,0.1641026153846154,9.843885082872928,49.95,1507.0,riposo,Gym
2023-11-16 08:39:00,0.1986879634146341,-12609.690702521064,167163.81518817204,148413.04233870967,13858.431451612903,34.558268292682925,-0.3487898215465962,-1.0025373430270983,0.1101282220753469,-2.2304838070059483,-10.443083278255122,1.280270323859881,-21.21744877726372,2.3231989424983475,-35.83608724388632,,,3.917837222222222,42.18181818181818,1728.4848484848485,nan,Gym
2023-11-16 08:40:00,0.1860689345172031,-12133.295442126526,166033.3813046402,148627.05783456625,14056.646940147948,34.48656,-0.3262861863846662,-1.0012921348314607,0.1467230667547918,-2.770866490416392,-7.0725499008592205,1.033687376074025,-25.0561797752809,8.631857237276932,-27.21414408460013,1.5e-05,0.066667,1.1842916666666667,37.80769230769231,2316.923076923077,nan,Gym
2023-11-16 08:41:00,0.1803040277469478,-11896.723199270811,165730.67809139786,149194.63037634408,13926.39314516129,34.418538802660755,-0.2705852047556142,-0.8724808454425362,0.1992430647291941,4.018023778071334,5.83642073976222,0.3265376486129458,-18.01585204755614,6.684280052840158,-37.386393659180975,0.0001125833333333,0.1500000833333333,14.853847222222225,43.26470588235294,1803.5294117647056,nan,Gym
2023-11-16 08:42:00,0.1948159290465632,-12458.428597268294,171026.89448924732,151770.44220430107,14622.195564516129,34.474024390243905,0.0019781890284203,-0.4281242564441506,0.3664838070059484,-3.750577660277594,-4.87712888301388,0.8688684732319896,6.982154659616656,22.27032385988103,-30.20555188367482,0.0005416119402985,0.2318408059701492,44.63959281767956,43.375,1503.0,seconda esecuzione,Gym
2023-11-16 08:42:00,0.1948159290465632,-12458.428597268294,171026.89448924732,151770.44220430107,14622.195564516129,34.474024390243905,0.0019781890284203,-0.4281242564441506,0.3664838070059484,-3.750577660277594,-4.87712888301388,0.8688684732319896,6.982154659616656,22.27032385988103,-30.20555188367482,0.0005416119402985,0.2318408059701492,44.63959281767956,43.375,1503.0,riposo,Gym
2023-11-16 08:43:00,0.2162193440621531,-13180.47924181687,169015.22177419355,150277.31653225806,14046.425403225809,34.652788888888885,-0.2772509907529722,-0.9998143989431968,0.1904927344782034,-4.057693527080581,-14.58001321003963,2.5593355350066047,-22.798546895640687,5.2298546895640685,-33.896301188903564,0.000195448275862,0.1310345862068965,48.50028666666667,52.94736842105263,1440.0,nan,Gym
2023-11-16 08:44:00,0.2137907103218645,-13104.457048571589,168880.8159838818,150615.04298186704,14111.867024848892,34.7179756097561,-0.2614686054196959,-1.0237944481163253,0.1557402511566424,-1.6311394580304033,-5.0289094514210175,1.5917131526768011,-24.98215465961665,12.223397224058164,-24.838730998017184,9.05e-05,0.1166665,13.465708333333332,44.39393939393939,1856.969696969697,terza ripetizione,Gym
2023-11-16 08:45:00,0.2049525875831485,-12825.206194348117,171447.52284946237,152839.9623655914,14688.44489247312,34.75946341463415,0.2089986789960369,0.0013447820343461,0.533394319682959,-0.0811208718626155,-0.9134147952443856,0.7613077939233817,29.63936591809776,28.968295904887714,-30.80845442536328,0.00046975,0.2523808928571429,15.646012222222224,42.06666666666667,2064.0,nan,Gym
2023-11-16 08:46:00,0.2248253607103218,-13419.914961011098,167576.67741935485,150239.39784946237,13739.748655913978,34.85921333333334,-0.3249848084544253,-1.0110620871862617,0.0762655217965653,-3.7769002642007927,-10.467945838837515,1.0621387054161162,-22.675693527080583,-0.9187582562747688,-42.24240422721268,0.0006340344827586,0.2551724137931034,52.44809834254144,41.35294117647059,1736.470588235294,nan,Gym
2023-11-16 08:47:00,0.2464986674057649,-13960.390895675166,168744.7950268817,151540.20295698923,13911.834677419354,34.77850776053215,-0.2317957699933906,-1.0031407799074683,0.0782828816920026,-0.149430931923331,2.449366159947125,-0.2301183079973562,-17.27428949107733,1.2610707204230007,-47.75611368142763,0.0006009069767441,0.2325581627906977,44.30834611111111,42.21212121212121,1813.3333333333333,nan,Gym
2023-11-16 08:48:00,0.2657214328523862,-14380.79024282464,169493.00268817204,152039.56787634408,14119.853494623656,34.81832372505544,-0.3089550858652576,-0.9651400264200792,0.0638923381770145,0.8818190224570674,1.8835092470277413,-0.9979643328929986,-19.71730515191545,11.700792602377808,-56.414795244385736,0.0006615454545454,0.2000000909090909,35.59721555555556,39.689655172413794,2044.1379310344828,nan,Gym
2023-11-16 08:49:00,0.2774450133185349,-14602.206667072143,169691.9616935484,151982.01142473117,13988.165994623656,34.83530376940133,-0.2845419695968275,-0.9898869795109057,0.142615333773959,0.7295393258426965,4.414966292134832,0.499916060806345,-20.274950429610048,3.67349636483807,-41.071381361533376,0.0006573513513513,0.163964,38.88994585635359,35.84375,1881.25,croci a 20 kg per manubrio,Gym
2023-11-16 08:50:00,0.372970522172949,-15866.99267687694,167945.50268817204,153432.7190860215,14997.887096774191,34.92473555555556,0.0925125495376486,0.1584379128137384,0.406945178335535,1.6686281373844123,0.7149947159841479,1.258943857331572,37.47886393659181,9.196169088507263,-36.68361955085865,0.0141766538461538,0.3512821538461538,27.899978888888885,42.63636363636363,1815.757575757576,nan,Gym
2023-11-16 08:51:00,0.5348518501664817,-17005.45348483907,163457.95698924732,150251.18346774194,12594.754032258064,34.91643902439024,-0.3431221928665786,-1.0096796565389696,0.1154108322324967,-2.2453335535006604,-5.506927344782034,1.1911360634081902,-22.487450462351383,-0.5627476882430648,-30.503963011889034,0.0099910303030303,0.2767676969696969,32.105315,47.30555555555556,1637.7777777777778,riposo,Gym
2023-11-16 08:52:00,0.5453375476718404,-17067.2314799612,163594.17876344087,151216.1317204301,12731.79435483871,34.970649667405766,-0.3113602115003305,-1.0210575016523462,0.1237904824851288,0.0641804362194315,0.5744937210839391,0.1485684071381361,-21.976867151354924,-10.092531394580304,-29.72108393919365,0.0040278888888888,0.162963,16.94961111111111,30.86206896551724,2015.1724137931035,nan,Gym
2023-11-16 08:53:00,0.5183704827968924,-16936.861937263042,166174.0557795699,152764.70228494622,13384.581989247312,34.948904444444445,-0.2783648380700594,-1.0161381361533377,0.1188466622604097,1.0797303370786515,6.806976867151355,-0.8522663582286848,-21.87772637144745,0.26305353602115,-38.98876404494382,0.0016849999999999,0.2222223333333333,11.84956629834254,45.12820512820513,1567.179487179487,seconda esecuzione croci,Gym
2023-11-16 08:54:00,0.6081123706992232,-17320.639523792455,167051.88306451612,153402.68279569893,14388.668682795698,35.17747671840355,-0.0024075297225891,-0.1219042272126816,0.3084372523117569,1.3507787318361957,3.691931968295905,0.037676354029062,23.85204755614267,9.921400264200791,-35.09048877146631,0.01171771875,0.29375009375,19.75601111111111,50.20512820512821,1492.3076923076924,nan,Gym
2023-11-16 08:55:00,0.7625526729490022,-17789.892937556542,163804.69220430107,151466.249327957,12438.453629032258,35.26542350332594,-0.3509933949801849,-1.0088830911492734,0.0613910171730515,-1.7831287978863937,-5.61902179656539,0.7022635402906209,-26.84147952443857,13.181638044914134,-32.16710700132101,0.0187731891891891,0.2396397027027027,35.79571277777778,45.21052631578947,1585.2631578947369,riposo,Gym
2023-11-16 08:56:00,0.8399628201997781,-17966.562753620423,166251.8434139785,153309.7049731183,13428.844086021503,34.93158444444445,-0.2668493060145406,-0.9896794448116324,0.2547012557832122,-0.6504871116986121,-0.3049517514871117,1.2715459352280238,-19.07666886979511,11.091209517514873,-23.372108393919365,0.0057305925925925,0.1901234814814815,29.60261104972376,47.457142857142856,1669.7142857142858,nan,Gym
2023-11-16 08:57:00,0.9196281319290466,-18099.830175553216,166931.55241935485,154319.18481182796,13594.245967741936,34.266951219512194,-0.3433804491413474,-0.8513989431968296,-0.1073870541611624,-1.1244815059445177,-1.306585865257596,0.4479815059445178,-20.36789960369881,-5.172391017173052,-39.74768824306473,0.0140682272727272,0.4969698181818182,25.97339333333333,45.125,1897.5,nan,Gym
2023-11-16 08:58:00,1.0332626071032187,-18275.29814093341,164284.23133826497,152942.59314055144,13173.68123739072,34.23250554323725,-0.2529543952412426,-0.9982927957699932,0.0213198942498347,1.112881031064111,4.701770654329147,0.2432868473231989,-23.20158625247852,2.907468605419696,-42.77065432914739,0.020817,0.6533334,11.69737,50.65116279069768,1383.2558139534883,nan,Gym
2023-11-16 08:59:00,1.2352111563192905,-18472.413729045456,166356.36198791134,154423.4768300873,14094.451981195432,34.02015299334811,-0.010335535006605,-0.1780944517833553,0.2757945838837516,-1.505914134742404,-3.014996036988111,0.0594405548216644,20.97886393659181,8.421400264200793,-39.581902245706736,0.0579697878787878,0.3616162727272727,24.250372928176795,44.03030303030303,1814.5454545454545,nan,Gym
2023-11-16 09:00:00,1.2646508867924529,-18521.511228852385,164950.2560483871,155076.26612903227,12560.356182795698,34.34562666666667,-0.1920356671070013,-1.0153817701453105,-0.0227417437252311,-0.9274531043593132,-2.618659180977543,0.1671096433289299,-23.58322324966975,5.04887714663144,-37.64002642007926,0.0266534193548387,0.1655915161290322,26.044634444444444,49.3421052631579,1469.4736842105262,cambio esercizio,Gym
2023-11-16 09:01:00,1.280749117647059,-18536.64816869589,165235.58602150538,156232.85887096773,12513.801075268815,34.29736807095343,-0.2214864507600793,-0.989540647719762,-0.0809061467283542,0.3855743555849305,-0.4278730998017184,-0.3114130865829478,-19.13020489094514,10.96232650363516,-56.68869795109055,0.0293951666666666,0.1888889,30.44422833333333,53.18181818181818,1854.5454545454545,nan,Gym
2023-11-16 09:02:00,1.6297270709534366,-18764.296011016628,161300.92069892472,156407.7130376344,11683.388440860215,34.41037694013304,-0.0916459709379128,-0.5098672391017173,0.2835118890356671,0.9956803170409512,0.7749002642007926,0.4324689564068692,5.984147952443857,3.700132100396301,-31.07331571994716,0.0350586,0.3333334,26.402844444444444,50.71428571428572,1458.095238095238,nan,Gym
2023-11-16 09:03:00,1.717299407325194,-18814.375854066595,155418.81518817204,153375.86491935485,9853.13508064516,34.36085777777778,-0.2363992068737607,-1.013711169861203,0.0676060806345009,-0.5376285525446134,-0.5121123595505618,0.8521910112359551,-22.77990746860542,2.108393919365499,-34.93192333113021,0.015853,0.3777776666666666,10.388558333333332,50.23684210526316,1571.578947368421,seconda esec,Gym
2023-11-16 09:04:00,2.0015066796008867,-18923.094273988914,152984.2061786434,153496.23908663532,9338.989926124916,34.647365853658535,-0.0944511228533685,-0.4213309114927344,0.2075449141347424,-1.941082562747688,-5.85653963011889,-0.4836816380449141,10.260898282694848,3.542932628797886,-36.68031704095112,0.0450233846153846,0.3538462307692308,9.50541049723757,45.457142857142856,1696.0,riposo,Gym
2023-11-16 09:05:00,2.2001749977802443,-18992.249054863485,151194.0107599193,151604.68056489577,8821.899125756558,34.81449445676275,-0.309398545935228,-0.9992161269001985,0.0450284203569068,-4.224132848645076,-12.670005948446796,0.9549187045604758,-19.71777924653007,0.9114342366159948,-44.47587574355585,0.0137404,0.2666666,7.469098333333333,52.83783783783784,1574.054054054054,nan,Gym
2023-11-16 09:06:00,2.2447692197558267,-19005.07464794561,153534.95295698923,153507.03293010753,8784.916666666666,34.98150554323725,-0.2674253632760898,-1.028181638044914,0.0913599735799207,-0.8235719947159841,-2.564442536327609,0.3656822985468956,-25.5997357992074,4.964993394980185,-47.88507265521797,0.003509,0.1,3.9897855555555553,42.97058823529412,1778.8235294117646,nan,Gym
2023-11-16 09:07:00,2.2215408747228382,-18998.52329892461,155699.94694425788,155281.59234385495,9153.202149093351,35.208780000000004,-0.1494663143989432,-0.7432998678996037,0.1448612945838837,1.4544134742404229,-0.384950462351387,-0.1288751651254954,-5.005284015852047,-4.494715984147953,-38.00924702774108,0.0569395,0.6666665,1.390146961325967,40.51351351351352,1554.5945945945946,nan,Gym
2023-11-16 09:08:00,2.1333035049944504,-18969.37982536293,156613.49193548388,156111.52822580645,9420.653897849465,35.30613525498892,-0.1916602775941837,-0.8230482485128883,0.1039828155981493,-2.4584388631857235,1.7909411764705885,-0.2219543952412426,-13.448116325181758,9.839391936549902,-37.38863185723728,0.050911,0.3,2.8409966666666664,54.43243243243244,1640.0,cambio esercizio,Gym
2023-11-16 09:09:00,1.9184834866962304,-18899.42909636364,157298.953597848,155904.55144586417,9485.914593140553,35.41086474501108,-0.1741804362194316,-0.97054990085922,0.0537997356245869,-0.540673496364838,-0.2940627891606081,0.9271520158625248,-18.163251817580964,15.15333773959022,-41.519497686715134,0.0215665,0.4,1.989181111111111,46.94285714285714,1728.0,nan,Gym
2023-11-16 09:10:00,1.904480129855716,-18894.14385708324,157424.63306451612,156537.8501344086,9477.643817204302,35.40647555555556,-0.2698804491413474,-0.9404583883751652,0.2144108322324966,0.5014867899603699,5.597044914134743,0.7009980184940556,-10.468295904887714,26.422721268163805,-28.74570673712021,,,0.4288651933701657,39.15384615384615,2270.769230769231,chest press prima esecuzione,Gym
2023-11-16 09:11:00,2.0554498492239466,-18946.93374098448,155528.94220430107,153990.81451612903,9465.977150537634,35.475432372505544,-0.4888375165125495,-0.7469874504623515,0.3123203434610304,-1.770492073976222,-2.7110713342140027,-0.6890607661822986,-6.920739762219287,12.610964332893,-22.684940554821665,0.0557833333333333,0.3777776666666666,2.452238888888889,49.92592592592592,2201.4814814814813,nan,Gym
2023-11-16 09:12:00,2.0705203240843506,-18952.805782203108,156606.33870967742,154011.40456989247,9590.997311827958,35.625492239467846,-0.4951870456047587,-0.6846774619960343,0.3454619960343688,-1.114844018506279,0.2310118968935889,-0.4625571711830799,-5.733641771315268,19.341044282881693,-16.234633179114343,0.0245086666666666,0.2888886666666667,1.8809344444444445,45.55,1962.0,nan,Gym
2023-11-16 09:13:00,2.035340145454545,-18940.77121041688,162049.2716535433,158275.83385826772,9844.940157480314,35.68568311688311,-0.3494713622291022,-0.9101300309597524,-0.0633142414860681,0.7315046439628483,7.496386996904025,0.6393065015479875,-21.22987616099072,1.686532507739938,-30.44814241486068,0.0059185,0.15000025,2.2191194805194803,40.785714285714285,2528.5714285714284,termine sessione,Gym
2023-11-19 20:47:00,0.0347942849999999,20500.718297515,142913.48585858586,111118.07171717173,9194.326262626262,30.628126666666667,0.4094514229636898,0.7528390578999019,0.3431648675171737,0.8851089303238471,1.4427870461236507,-0.4650755642787045,45.33267909715407,43.07850834151129,-52.27870461236506,0.0001075531914893,0.3985815957446809,50.768659166666666,38.37037037037037,1589.6296296296296,inizio sessione corsa,Run
2023-11-19 20:48:00,0.0399436699889258,15315.777633606864,143371.53485254693,111410.34383378016,9496.571045576407,30.82652328159645,0.3438951878707976,0.7855260382333553,0.3245484508899143,1.3795128543177324,0.3693124588002636,-1.6412050098879367,56.10744891232696,39.89123269611075,-59.5833882663151,4.500943396226415e-05,0.248427716981132,87.53265856353592,52.2093023255814,1354.4186046511627,nan,Run
2023-11-19 20:49:00,0.0455344894795127,11018.323137282392,143606.7317236754,111373.04225352113,9445.042253521127,31.115411504424777,0.4958106860158311,0.6988990765171503,0.3734419525065963,2.9129109498680736,-3.563802770448549,-2.417658970976253,48.3924802110818,51.33575197889182,-57.96569920844327,9.064556962025316e-05,0.342616075949367,85.54034222222222,56.35714285714285,1095.0,nan,Run
2023-11-19 20:50:00,0.050450888150609,8013.001545959026,144324.40683646113,111864.40616621984,9500.565013404826,31.128809312638584,0.6012748846407383,0.6153236651285432,0.4732036914963744,2.6248233355306527,-5.99049439683586,-3.5586051417270927,44.72050098879368,58.43704680290046,-53.81015161502966,0.000120492063492,0.4074074285714286,70.62240662983426,62.17741935483871,963.8709677419356,nan,Run
2023-11-19 20:51:00,0.0543672746400885,6016.605534727575,144713.78604963113,112637.5063715627,9512.845070422536,31.10629203539823,0.606089709762533,0.6546926121372032,0.4287025065963061,2.5037150395778363,-6.459668205804749,-1.807803430079156,43.99406332453826,58.349604221635886,-55.54551451187335,8.648333333333334e-05,0.3455555166666667,61.28798444444445,60.1864406779661,1008.813559322034,nan,Run
2023-11-19 20:52:00,0.0579321139380531,4435.662171766593,145300.4983255191,113312.7273945077,9656.73476222371,31.097103982300883,0.5041158657011191,0.6581527320605662,0.4629019091507571,2.2878762343647137,-6.292805134957209,-4.2887840684660965,48.63726135615536,52.704410796576695,-53.52402896642528,6.970422535211268e-05,0.2788731690140845,62.83291767955801,61.36206896551724,1033.7931034482758,nan,Run
2023-11-19 20:53:00,0.0626143650442477,2655.877876209071,145519.86068318822,113746.08037508372,9648.933690555928,31.33639601769912,0.4022312252964427,0.6578919631093544,0.3504789196310935,0.1199828722002634,1.2178293807641636,-1.319218050065876,48.61396574440053,36.76613965744401,-41.7733860342556,8.778571428571429e-05,0.2857142976190476,81.48523922651933,56.63414634146341,1457.560975609756,nan,Run
2023-11-19 20:54:00,0.2020527787610619,-9528.379882836283,146120.20174262734,115070.78217158176,9633.709785522788,31.63779424778761,0.3488958470665788,0.7116295319709953,0.4640916282135794,2.227990112063283,0.7560105471324983,-1.1221186552406064,57.92155570204351,40.11865524060646,-52.38694792353329,0.0120746451612903,0.6623656129032258,53.06237348066298,60.72549019607843,1163.137254901961,nan,Run
2023-11-19 20:55:00,0.6303111838316723,-17156.062903375416,149028.79275653925,117382.4178403756,9900.044936284374,31.839893569844783,0.3225016479894528,0.753121292023731,0.3903243243243243,0.7759446275543838,0.2542663150955834,-1.9864798945286748,57.236651285431776,39.88859591298616,-56.226104152933424,0.0173306315789473,0.4122807105263158,38.53133388888889,54.71428571428572,1218.7755102040817,nan,Run
2023-11-19 20:56:00,235.33033303433,-19648.433697582503,151118.08445040215,118757.2955764075,9851.064343163538,31.88824336283186,0.3195204485488126,0.7035679419525065,0.3767724274406333,-1.7022770448548814,-4.54305870712401,-2.7157486807387863,52.24934036939314,36.62335092348285,-53.53957783641161,19.52447143137255,0.3947713137254902,50.2416817679558,57.319148936170215,1244.2553191489362,nan,Run
2023-11-19 20:57:00,1000.0,-25961.21259430565,150091.73507712944,118673.08517773308,9794.97853789403,31.96158980044346,0.3585326301911667,0.6935319709953857,0.4943704680290046,1.5612307185234016,1.0762142386288729,-1.4613651944627553,58.60909690177983,41.34937376400791,-51.62096242584048,,,15.391107222222224,50.88095238095238,1420.952380952381,nan,Run
2023-11-19 20:58:00,742.8459009756637,-17429.748243152655,141255.5670241287,113970.69034852547,9522.411528150134,31.6673407079646,0.3358279499011206,0.5948490441661173,0.3083117996044825,-2.393439024390244,-4.927939353988134,-0.4836736980883322,42.35926170072511,33.05669083717864,-51.17864205669084,999.930115,0.133333,2.485775690607735,40.38461538461539,2347.692307692308,nan,Run
2023-11-19 20:59:00,1000.0,-23398.46489565891,154241.64477211796,122107.1233243968,10684.02144772118,31.52595575221239,0.7547297297297297,0.5519854976928148,0.3196987475280158,2.0480263678312465,-6.613085036255767,-1.930631509558339,37.88332234673698,59.792353328938695,-61.528675016479895,,,0.5781580110497238,63.71875,930.625,nan,Run
2023-11-19 21:00:00,1000.0,-22768.26114339535,154601.9597585513,126322.04560697518,10981.814218645204,31.422685144124166,0.6480118733509235,0.5942941952506596,0.3471510554089709,0.5494076517150396,-3.2991767810026382,-2.738361477572559,46.49208443271768,52.13192612137203,-59.7532981530343,,,0.0703729281767955,62.41379310344828,1026.2068965517242,nan,Run
2023-11-19 21:01:00,1000.0,-21524.989808285714,153318.4996646546,126376.73641851106,10653.479543930249,31.507172566371683,0.6258199208443272,0.5982229551451187,0.3812335092348285,1.135637203166227,-3.497478232189974,-2.359362137203166,48.29617414248021,51.443931398416886,-58.00527704485488,,,0.0085994444444444,61.98214285714285,1072.142857142857,nan,Run
2023-11-19 21:02:00,1000.0,-21045.28647201217,152507.4436997319,126820.33378016086,10178.342493297589,31.69348451327433,0.5174967061923583,0.613925559947299,0.4468530961791831,0.7571837944664032,0.8873353096179184,-1.674602766798419,56.028985507246375,44.46969696969697,-53.24835309617918,,,0.0010546961325966,56.708333333333336,1219.1666666666667,nan,Run
2023-11-19 21:03:00,1000.0,-21192.68459732226,152157.86327077748,127015.9390080429,10127.88471849866,32.03570953436807,0.4929215557020435,0.6281252471984179,0.4587791694133157,1.1299406723796968,0.8330731707317073,-1.4310533948582729,56.28872775214239,43.94792353328938,-52.5820698747528,,,0.0001303867403314,58.33962264150944,1127.5471698113208,nan,Run
2023-11-19 21:04:00,1000.0,-21316.911271097342,152803.90415549598,127291.07305630029,10373.785522788205,32.374896017699115,0.5219037574159525,0.6356849044166117,0.3952175346077785,0.8772874093605801,-0.2055662491760053,-1.267326961107449,54.70336189848385,43.63876071193145,-55.62228081740277,,,0.0,55.3469387755102,1239.1836734693877,nan,Run
2023-11-19 21:05:00,1000.0,-21272.43911166433,152535.3446088795,126804.90274841436,10416.75687103594,32.57311188811189,-0.2854241164241164,0.8462515592515591,-0.272968814968815,1.429573804573805,1.8936777546777548,-2.694800415800416,32.53430353430353,-0.2037422037422037,-72.12474012474013,,,0.0,43.0,3906.6666666666665,fino corsa,Run
2023-11-19 21:12:00,1000.0,-24649.41986649409,167347.78223495703,131815.7206303725,12636.812320916906,31.82559905660377,0.0781408450704225,0.9139901408450704,0.0556042253521126,-2.6839549295774647,-7.457722535211268,-0.2785239436619718,48.2774647887324,39.96197183098592,-31.91267605633803,,,0.0,38.35,1734.0,sessione workout,Gym
2023-11-19 21:12:00,1000.0,-24649.41986649409,167347.78223495703,131815.7206303725,12636.812320916906,31.82559905660377,0.0781408450704225,0.9139901408450704,0.0556042253521126,-2.6839549295774647,-7.457722535211268,-0.2785239436619718,48.2774647887324,39.96197183098592,-31.91267605633803,,,0.0,38.35,1734.0,inizio con spalle alzate ,Gym
2023-11-19 21:13:00,1000.0,-23784.95279587583,166657.23169912692,131557.09805238416,12460.871725990595,32.13591574279379,0.1761708443271767,0.8843753298153034,0.2432869393139841,0.2627697889182058,2.8883133245382586,0.4878627968337731,46.57849604221636,27.78034300791557,-53.78496042216359,,,0.0,36.8,2824.0,nan,Gym
2023-11-19 21:14:00,1000.0,-22596.048306292683,166129.97248322147,131368.4691275168,12297.976510067114,32.668667405764964,0.2040844884488449,0.8616693069306931,0.3260666666666666,0.0756211221122112,0.66036699669967,0.2361544554455445,46.19207920792079,35.71155115511551,-55.72739273927392,,,0.0,23.666666666666668,16893.333333333332,nan,Gym
2023-11-19 21:15:00,1000.0,-21877.28598989468,167078.78456375838,131762.37852348993,12347.117449664427,33.19319733924612,0.1209868073878628,0.893395778364116,0.1807532981530343,0.426226253298153,0.6826378627968337,0.0414182058047493,43.68271767810026,34.43271767810026,-58.74274406332454,,,0.0,20.25,13160.0,nan,Gym
2023-11-19 21:16:00,1000.0,-21771.19515462569,169294.8302013423,132581.2187919463,12530.922147651008,33.50851548672566,0.0449940594059405,0.8893240924092409,0.0471227722772277,-0.6338079207920793,-3.360496369636964,-0.3377115511551155,44.124752475247526,34.52871287128713,-41.135313531353134,,,0.0,36.94117647058823,2262.3529411764707,nan,Gym
2023-11-19 21:17:00,1000.0,-21851.685343337027,170695.35302013424,133037.47651006712,12334.688590604026,33.56651219512195,-0.0062663150955833,0.8721582069874754,0.0344390243902439,0.767596572181938,5.741056690837179,0.2684561634805537,41.25313117996045,36.056031641397496,-34.192485168094926,,,0.0,46.48648648648648,1651.891891891892,nan,Gym
2023-11-19 21:18:00,1000.0,-22122.130140477828,170616.10611148423,132754.94560107455,12276.1040967092,33.76239689578714,0.083462706270627,0.8430745874587459,0.1589366336633663,1.5450145214521454,4.375164356435644,1.2411742574257425,41.53333333333333,38.91023102310231,-41.92739273927393,,,0.0,40.516129032258064,1825.8064516129032,nan,Gym
2023-11-19 21:19:00,1000.0,-22187.262517751664,168800.66040268456,132115.64161073827,11999.38523489933,33.94686917960089,0.2086422442244224,0.8754739273927393,0.2112937293729373,0.1365749174917492,0.656196699669967,0.2379676567656765,39.47920792079208,36.17491749174918,-57.502970297029705,,,0.0,36.0,19506.666666666668,nan,Gym
2023-11-19 21:20:00,1000.0,-22193.04054627796,169202.7733065057,132002.47887323942,12655.932930918849,34.19171175166297,0.0986071193144363,0.385843111404087,0.318914963744232,1.1308642056690836,0.8868035596572181,-1.344381015161503,12.338826631509558,31.939353988134474,-48.24522083058668,,,0.0,27.0,6206.666666666667,nan,Gym
2023-11-19 21:21:00,1000.0,-21984.873142138586,168945.80188045668,131870.84822028206,11927.17528542646,34.277467849223946,0.2314630606860158,0.8775686015831135,0.1837678100263852,-0.454127308707124,0.0126312664907651,-0.2413746701846966,40.16622691292876,39.66622691292876,-57.23944591029024,,,0.0,29.36,3376.0,nan,Gym
2023-11-19 21:22:00,1000.0,-21984.413980223948,168578.07718120806,132365.72147651008,11789.20268456376,34.60691130820399,0.1875148514851485,0.900082508250825,0.1747102310231023,-0.0216250825082508,0.5658891089108911,0.161846204620462,42.62112211221122,36.77095709570957,-59.5960396039604,,,0.0,26.933333333333334,3938.6666666666665,nan,Gym
2023-11-19 21:23:00,984.5433396124032,-22047.623719547064,168776.7938213566,132401.6198791135,11777.259905977166,34.98919690265487,0.1752671503957783,0.8773654353562005,0.2380065963060686,-0.1528271767810026,1.7183284960422165,0.2497348284960422,41.61939313984169,37.2631926121372,-55.36279683377309,,,0.0,27.6,6152.0,nan,Gym
2023-11-19 21:24:00,351.9265395325444,-18183.860339988165,166727.1505376344,143180.98924731184,11213.455197132616,35.16057142857143,0.2603498233215547,0.6326466431095406,0.6618657243816254,-0.7944275618374559,-1.0582190812720849,-0.1765477031802121,30.85512367491166,48.40282685512368,-34.34628975265018,,,0.0,32.5,2120.0,nan,Gym
2023-11-20 22:51:00,0.0331352058823529,22460.85042177731,145245.40862944163,112545.35532994923,9621.418781725888,32.37552941176471,-0.246544794188862,-0.9943849878934624,0.064682808716707,0.2209515738498789,-2.0904818401937044,-0.1754019370460048,-22.76997578692493,-2.905569007263922,-43.05326876513317,0.0001194285714285,0.3650794761904762,19.580010416666667,16.142857142857142,3005.714285714286,inizio sessione corsa,Run
2023-11-20 22:52:00,0.0410479346622369,14542.07597505094,146035.05033557047,113079.33355704698,9785.321476510067,32.60518403547672,-0.2246613861386139,-0.8915537953795379,0.4553768976897689,-0.4059782178217822,2.3390884488448846,-0.5209775577557756,-32.93201320132013,-2.601980198019802,-44.84092409240924,8.495698924731182e-05,0.2709677849462366,69.36126333333334,48.85416666666666,1265.0,nan,Run
2023-11-20 22:53:00,0.0517491917960088,7391.508645062084,146373.81946308725,113297.7422818792,9663.143624161074,32.85224390243902,-0.2223779683377308,-0.8721708443271768,0.5242882585751979,-1.829622691292876,0.6841286279683378,-0.5839274406332453,-35.07651715039578,-2.238786279683377,-44.76517150395778,7.742307692307692e-05,0.2365384519230769,97.81142099447514,55.06382978723404,1251.914893617021,nan,Run
2023-11-20 22:54:00,0.0614303536585365,3100.50842867184,146435.82281879196,113520.91610738257,9740.203355704698,33.002356194690265,-0.3772745874587458,-0.825502310231023,0.5705531353135314,-1.5786547854785478,4.76504092409241,0.4749062706270627,-27.36171617161716,-12.023762376237624,-42.62772277227723,0.0001154302325581,0.2937984767441861,92.98044166666668,60.54385964912281,1054.7368421052631,nan,Run
2023-11-20 22:55:00,0.0694017375415282,473.4427456555924,146809.51509054325,114005.98457411134,9670.283031522467,33.00753215077606,-0.2227434036939314,-0.7623311345646437,0.6821424802110817,-1.2938608179419524,0.7173693931398416,0.3297130606860158,-34.9934036939314,-3.0422163588390503,-36.17348284960422,7.891e-05,0.27066666,90.53778950276242,56.61538461538461,1150.7692307692307,nan,Run
2023-11-20 22:56:00,0.0773229168514412,-1586.808204063193,146336.3438549362,114113.26662189388,9527.327736736064,33.174651884700666,-0.2086534653465346,-0.8061148514851485,0.6115854785478548,-1.517122112211221,0.2728706270627062,-0.0325320132013201,-36.25940594059406,-1.8646864686468647,-40.72079207920792,8.033333333333333e-05,0.2380952571428571,104.82758722222222,56.285714285714285,1196.734693877551,nan,Run
2023-11-20 22:57:00,143.886421303433,-11333.076190251384,147094.74161073825,114663.01275167786,9805.54966442953,33.15583592017738,-0.4098085808580858,-0.7749320132013201,0.7003854785478548,-3.277221782178217,7.752631683168317,1.6747201320132012,-23.3953795379538,-17.66072607260726,-35.50561056105611,22.28745542222222,0.4666665777777777,73.17943977900552,58.46428571428572,1083.571428571429,nan,Run
2023-11-20 22:58:00,1000.0,-22491.19335287583,149959.77598926894,116834.47820254862,9823.70690811536,32.97239024390244,-0.3911233509234828,-0.77605672823219,0.6610006596306068,-2.665211741424802,5.671437994722955,-1.0011147757255936,-25.513192612137203,-14.63126649076517,-37.5844327176781,,,18.04736,60.72413793103448,1028.2758620689656,nan,Run
2023-11-20 22:59:00,1000.0,-22145.464011024364,150222.8845637584,117091.67382550336,9539.675838926174,32.98841150442478,-0.1792567656765676,-0.8372191419141913,0.577547194719472,-1.138017821782178,0.173783498349835,-0.3605227722772278,-36.22838283828383,-0.66996699669967,-42.55973597359736,,,2.213757458563536,57.6875,1239.1666666666667,nan,Run
2023-11-20 23:00:00,1000.0,-21810.955221042128,150017.6899328859,117808.11610738256,9244.78187919463,33.2050354767184,-0.1918125412541254,-0.8742039603960396,0.5101386138613861,-1.4277036303630364,0.5481287128712872,-0.6670237623762376,-35.93201320132013,-1.161056105610561,-47.02376237623762,,,0.2705161111111111,54.255319148936174,1271.4893617021276,nan,Run
2023-11-20 23:01:00,1000.0,-21933.3804912816,149932.8233713902,118496.73404969778,9228.087306917394,33.30933259423503,-0.2793445544554455,-0.8184508250825082,0.6113537953795379,-2.137417821782178,2.68323102310231,0.4187518151815181,-31.28976897689769,-7.273927392739274,-41.13597359735974,,,0.0333116666666666,56.32692307692308,1126.1538461538462,nan,Run
2023-11-20 23:02:00,1000.0,-22079.474189767443,149670.8476510067,120541.22080536911,8911.878523489933,33.13960753880266,-0.3702026402640264,-0.8931016501650165,0.1654118811881188,0.6296580858085807,6.301817161716172,-0.6292640264026403,-19.55841584158416,-7.574917491749175,-42.94059405940594,,,0.004085635359116,48.73684210526316,1565.2631578947369,nan,Run
2023-11-20 23:03:00,1000.0,-21829.709328660752,149669.22214765102,123495.48859060404,8828.928187919462,33.19906208425721,-0.2065164907651715,-0.8560686015831134,0.5418535620052771,-1.6692988126649078,0.1154815303430079,-0.5855204485488126,-36.071240105540895,-0.8581794195250659,-45.06398416886544,,,0.0004994475138121,62.77966101694916,1021.6949152542372,nan,Run
2023-11-20 23:04:00,1000.0,-21206.98337789148,149710.96244131456,123313.70489604292,8878.327967806841,33.3010221238938,-0.1986356435643564,-0.8571207920792079,0.5524072607260726,-1.2155168316831684,0.5350561056105612,-0.5704633663366337,-35.29372937293729,-1.4917491749174918,-44.03828382838284,,,5.111111111111111e-05,60.127272727272725,1090.909090909091,nan,Run
2023-11-20 23:05:00,1000.0,-20634.260519160754,149735.30067114093,123746.47382550336,8978.581879194631,33.20741463414634,-0.3569861386138613,-0.8121498349834984,0.6226831683168317,-4.552136633663366,7.845429702970297,-2.7188957095709574,-26.351815181518152,-13.606600660066007,-39.56831683168317,,,0.0,64.71666666666667,994.6666666666666,nan,Run
2023-11-20 23:06:00,1000.0,-20519.829437903656,148896.05167785237,123409.40134228188,8899.856375838926,33.281266075388025,-0.3402598944591029,-0.8169881266490766,0.4873218997361477,-1.2312203166226914,0.2489815303430078,-0.5817486807387863,-31.21437994722956,-6.162928759894459,-46.41952506596306,,,0.0,58.79166666666666,1229.1666666666667,nan,Run
2023-11-20 23:07:00,1000.0,-20569.11332455544,148646.0489932886,123615.45704697986,8939.561073825504,33.33283592017739,-0.3611993399339934,-0.8758376237623763,0.4177300330033003,-2.277289108910891,4.921460726072607,-1.5743511551155114,-23.53597359735973,-14.68910891089109,-40.03498349834984,,,0.0,62.08771929824562,1021.0526315789474,nan,Run
2023-11-20 23:08:00,1000.0,-20583.805270026314,147436.46276595743,123274.52127659574,8806.08510638298,33.29501754385965,-0.2190104166666666,-1.0386666666666666,0.0397447916666666,-3.2766562500000003,-3.103260416666666,0.8950156250000001,-23.02083333333333,-12.614583333333334,-45.9375,,,0.0,49.0,2000.0,fine corsa,Run
