LocalTimestamp,EmotiBitTimestamp,PacketNumber,DataLength,TypeTag,ProtocolVersion,DataReliability,EL
1669722215.894132,1055002.000,35607,1,EL,1,100,-6533.200195
1669722215.956066,1055062.500,35622,2,EL,1,100,-6542.200195
1669722216.017999,1055123.000,35622,2,EL,1,100,-6538.000000
1669722216.084539,1055188.000,35640,1,EL,1,100,-6535.600098
1669722216.151080,1055253.000,35655,2,EL,1,100,-6534.399902
1669722216.217620,1055318.000,35655,2,EL,1,100,-6533.600098
1669722216.283136,1055382.000,35672,1,EL,1,100,-6534.799805
1669722216.348653,1055446.000,35690,2,EL,1,100,-6536.799805
1669722216.414169,1055510.000,35690,2,EL,1,100,-6537.000000
1669722216.481733,1055576.000,35706,1,EL,1,100,-6537.000000
1669722216.549297,1055642.000,35722,2,EL,1,100,-6538.200195
1669722216.616860,1055708.000,35722,2,EL,1,100,-6539.200195
1669722216.683912,1055773.500,35742,2,EL,1,100,-6543.399902
1669722216.750964,1055839.000,35742,2,EL,1,100,-6535.200195
1669722216.817504,1055904.000,35764,3,EL,1,100,-6532.600098
1669722216.884045,1055969.000,35764,3,EL,1,100,-6537.399902
1669722216.950585,1056034.000,35764,3,EL,1,100,-6536.000000
1669722217.016101,1056098.000,35779,1,EL,1,100,-6534.600098
1669722217.082129,1056162.500,35795,2,EL,1,100,-6537.200195
1669722217.148158,1056227.000,35795,2,EL,1,100,-6541.000000
1669722217.216745,1056294.000,35810,1,EL,1,100,-6540.000000
1669722217.283797,1056359.500,35828,2,EL,1,100,-6539.399902
1669722217.350849,1056425.000,35828,2,EL,1,100,-6541.000000
1669722217.417389,1056490.000,35843,1,EL,1,100,-6544.799805
1669722217.483929,1056555.000,35859,2,EL,1,100,-6544.399902
1669722217.550469,1056620.000,35859,2,EL,1,100,-6544.799805
1669722217.616498,1056684.500,35875,2,EL,1,100,-6544.600098
1669722217.682526,1056749.000,35875,2,EL,1,100,-6545.600098
1669722217.748042,1056813.000,35891,1,EL,1,100,-6546.600098
1669722217.814583,1056878.000,35905,2,EL,1,100,-6549.200195
1669722217.881123,1056943.000,35905,2,EL,1,100,-6550.399902
1669722217.947663,1057008.000,35922,1,EL,1,100,-6550.799805
1669722218.013691,1057072.500,35939,2,EL,1,100,-6546.399902
1669722218.079719,1057137.000,35939,2,EL,1,100,-6549.600098
1669722218.147283,1057203.000,35955,1,EL,1,100,-6553.799805
1669722218.214847,1057269.000,35972,2,EL,1,100,-6555.399902
1669722218.282411,1057335.000,35972,2,EL,1,100,-6552.799805
1669722218.349975,1057401.000,35990,1,EL,1,100,-6553.000000
1669722218.416515,1057466.000,36005,2,EL,1,100,-6552.000000
1669722218.483055,1057531.000,36005,2,EL,1,100,-6550.799805
1669722218.548571,1057595.000,36022,2,EL,1,100,-6549.600098
1669722218.614088,1057659.000,36022,2,EL,1,100,-6550.399902
1669722218.679604,1057723.000,36037,1,EL,1,100,-6554.000000
1669722218.746656,1057788.500,36052,2,EL,1,100,-6557.399902
1669722218.813708,1057854.000,36052,2,EL,1,100,-6557.600098
1669722218.882296,1057921.000,36067,1,EL,1,100,-6559.600098
1669722218.949347,1057986.500,36086,2,EL,1,100,-6558.000000
1669722219.016399,1058052.000,36086,2,EL,1,100,-6555.799805
1669722219.082940,1058117.000,36101,1,EL,1,100,-6554.000000
1669722219.148456,1058181.000,36116,2,EL,1,100,-6550.399902
1669722219.213972,1058245.000,36116,2,EL,1,100,-6551.000000
1669722219.279489,1058309.000,36132,1,EL,1,100,-6554.600098
1669722219.346541,1058374.500,36150,2,EL,1,100,-6554.000000
1669722219.413593,1058440.000,36150,2,EL,1,100,-6554.399902
1669722219.480133,1058505.000,36165,2,EL,1,100,-6555.600098
1669722219.546673,1058570.000,36165,2,EL,1,100,-6558.600098
1669722219.613213,1058635.000,36182,1,EL,1,100,-6558.200195
1669722219.679241,1058699.500,36196,2,EL,1,100,-6558.399902
1669722219.745270,1058764.000,36196,2,EL,1,100,-6558.000000
1669722219.812834,1058830.000,36212,1,EL,1,100,-6558.000000
1669722219.878862,1058894.500,36228,2,EL,1,100,-6557.799805
1669722219.944890,1058959.000,36228,2,EL,1,100,-6561.200195
1669722220.011430,1059024.000,36244,1,EL,1,100,-6563.799805
1669722220.077458,1059088.500,36258,2,EL,1,100,-6564.399902
1669722220.143487,1059153.000,36258,2,EL,1,100,-6561.000000
1669722220.210027,1059218.000,36275,2,EL,1,100,-6560.399902
1669722220.276567,1059283.000,36275,2,EL,1,100,-6560.799805
1669722220.342083,1059347.000,36292,1,EL,1,100,-6565.399902
1669722220.408623,1059412.000,36308,2,EL,1,100,-6562.200195
1669722220.475163,1059477.000,36308,2,EL,1,100,-6564.200195
1669722220.541704,1059542.000,36323,1,EL,1,100,-6564.399902
1669722220.607732,1059606.500,36339,2,EL,1,100,-6567.600098
1669722220.673760,1059671.000,36339,2,EL,1,100,-6568.399902
1669722220.740300,1059736.000,36354,1,EL,1,100,-6571.600098
1669722220.806840,1059801.000,36370,2,EL,1,100,-6568.000000
1669722220.873381,1059866.000,36370,2,EL,1,100,-6564.799805
1669722220.939921,1059931.000,36386,2,EL,1,100,-6563.799805
1669722221.006461,1059996.000,36386,2,EL,1,100,-6570.000000
1669722221.071977,1060060.000,36402,1,EL,1,100,-6569.600098
1669722221.138517,1060125.000,36416,2,EL,1,100,-6568.799805
1669722221.205057,1060190.000,36416,2,EL,1,100,-6569.600098
1669722221.271598,1060255.000,36433,1,EL,1,100,-6566.600098
1669722221.337626,1060319.500,36452,2,EL,1,100,-6568.000000
1669722221.403654,1060384.000,36452,2,EL,1,100,-6569.600098
1669722221.470194,1060449.000,36468,1,EL,1,100,-6571.000000
1669722221.537758,1060515.000,36483,2,EL,1,100,-6572.200195
1669722221.605322,1060581.000,36483,2,EL,1,100,-6575.399902
1669722221.672886,1060647.000,36499,1,EL,1,100,-6578.799805
1669722221.739426,1060712.000,36514,2,EL,1,100,-6574.600098
1669722221.805966,1060777.000,36514,2,EL,1,100,-6573.200195
1669722221.872506,1060842.000,36531,2,EL,1,100,-6570.799805
1669722221.939046,1060907.000,36531,2,EL,1,100,-6573.399902
1669722222.004563,1060971.000,36546,1,EL,1,100,-6575.600098
1669722222.071444,1061036.333,36566,3,EL,1,100,-6578.399902
1669722222.138325,1061101.667,36566,3,EL,1,100,-6576.399902
1669722222.205207,1061167.000,36566,3,EL,1,100,-6580.799805
1669722222.272259,1061232.500,36582,2,EL,1,100,-6582.799805
1669722222.339311,1061298.000,36582,2,EL,1,100,-6583.000000
1669722222.405851,1061363.000,36600,2,EL,1,100,-6584.399902
1669722222.472391,1061428.000,36600,2,EL,1,100,-6588.399902
1669722222.538931,1061493.000,36617,1,EL,1,100,-6586.000000
1669722222.605471,1061558.000,36633,2,EL,1,100,-6586.000000
1669722222.672011,1061623.000,36633,2,EL,1,100,-6588.600098
1669722222.737528,1061687.000,36650,1,EL,1,100,-6588.799805
1669722222.804068,1061752.000,36666,2,EL,1,100,-6587.799805
1669722222.870608,1061817.000,36666,2,EL,1,100,-6588.600098
1669722222.936124,1061881.000,36682,2,EL,1,100,-6590.799805
1669722223.001641,1061945.000,36682,2,EL,1,100,-6588.200195
1669722223.067157,1062009.000,36698,1,EL,1,100,-6585.799805
1669722223.134209,1062074.500,36712,2,EL,1,100,-6586.000000
1669722223.201261,1062140.000,36712,2,EL,1,100,-6584.600098
1669722223.269849,1062207.000,36729,1,EL,1,100,-6583.200195
1669722223.336900,1062272.500,36746,2,EL,1,100,-6586.399902
1669722223.403952,1062338.000,36746,2,EL,1,100,-6584.799805
1669722223.470493,1062403.000,36762,1,EL,1,100,-6588.399902
1669722223.536009,1062467.000,36777,2,EL,1,100,-6589.600098
1669722223.601525,1062531.000,36777,2,EL,1,100,-6588.799805
1669722223.667042,1062595.000,36793,1,EL,1,100,-6588.600098
1669722223.733582,1062660.000,36808,2,EL,1,100,-6585.200195
1669722223.800122,1062725.000,36808,2,EL,1,100,-6585.399902
1669722223.868198,1062791.500,36825,2,EL,1,100,-6587.200195
1669722223.936273,1062858.000,36825,2,EL,1,100,-6593.399902
1669722224.002814,1062923.000,36840,1,EL,1,100,-6592.399902
1669722224.069354,1062988.000,36855,2,EL,1,100,-6585.799805
1669722224.135894,1063053.000,36855,2,EL,1,100,-6589.000000
1669722224.202434,1063118.000,36870,1,EL,1,100,-6592.399902
1669722224.268974,1063183.000,36889,2,EL,1,100,-6599.200195
1669722224.335514,1063248.000,36889,2,EL,1,100,-6598.000000
1669722224.400007,1063311.000,36904,1,EL,1,100,-6594.600098
1669722224.468082,1063377.500,36919,2,EL,1,100,-6594.600098
1669722224.536158,1063444.000,36919,2,EL,1,100,-6595.200195
1669722224.602698,1063509.000,36935,1,EL,1,100,-6596.799805
1669722224.668726,1063573.500,36951,2,EL,1,100,-6596.200195
1669722224.734755,1063638.000,36951,2,EL,1,100,-6597.600098
1669722224.801295,1063703.000,36966,2,EL,1,100,-6608.200195
1669722224.867835,1063768.000,36966,2,EL,1,100,-6616.200195
1669722224.934375,1063833.000,36985,2,EL,1,100,-6610.000000
1669722225.000915,1063898.000,36985,2,EL,1,100,-6607.399902
1669722225.066432,1063962.000,37000,1,EL,1,100,-6607.399902
1669722225.132972,1064027.000,37015,2,EL,1,100,-6609.200195
1669722225.199512,1064092.000,37015,2,EL,1,100,-6609.200195
1669722225.265028,1064156.000,37031,1,EL,1,100,-6606.200195
1669722225.331568,1064221.000,37049,2,EL,1,100,-6607.200195
1669722225.398108,1064286.000,37049,2,EL,1,100,-6607.200195
1669722225.464649,1064351.000,37064,1,EL,1,100,-6607.000000
1669722225.532724,1064417.500,37080,2,EL,1,100,-6610.200195
1669722225.600800,1064484.000,37080,2,EL,1,100,-6610.799805
1669722225.667340,1064549.000,37097,2,EL,1,100,-6611.399902
1669722225.733880,1064614.000,37097,2,EL,1,100,-6607.600098
1669722225.799397,1064678.000,37113,2,EL,1,100,-6608.200195
1669722225.864913,1064742.000,37113,2,EL,1,100,-6612.399902
1669722225.931453,1064807.000,37128,2,EL,1,100,-6615.600098
1669722225.997993,1064872.000,37128,2,EL,1,100,-6610.600098
1669722226.063510,1064936.000,37144,1,EL,1,100,-6607.799805
1669722226.132097,1065003.000,37159,2,EL,1,100,-6605.200195
1669722226.200685,1065070.000,37159,2,EL,1,100,-6604.000000
1669722226.267225,1065135.000,37176,2,EL,1,100,-6603.600098
1669722226.333765,1065200.000,37176,2,EL,1,100,-6607.799805
1669722226.399793,1065264.500,37195,2,EL,1,100,-6610.000000
1669722226.465822,1065329.000,37195,2,EL,1,100,-6610.000000
1669722226.532362,1065394.000,37211,1,EL,1,100,-6610.600098
1669722226.599926,1065460.000,37226,2,EL,1,100,-6610.000000
1669722226.667489,1065526.000,37226,2,EL,1,100,-6613.600098
1669722226.733006,1065590.000,37242,1,EL,1,100,-6615.000000
1669722226.799546,1065655.000,37258,3,EL,1,100,-6614.600098
1669722226.866086,1065720.000,37258,3,EL,1,100,-6611.399902
1669722226.932626,1065785.000,37258,3,EL,1,100,-6616.600098
1669722226.999166,1065850.000,37274,2,EL,1,100,-6620.000000
1669722227.065706,1065915.000,37274,2,EL,1,100,-6618.000000
1669722227.131905,1065979.667,37290,3,EL,1,100,-6616.799805
1669722227.198104,1066044.333,37290,3,EL,1,100,-6620.399902
1669722227.264303,1066109.000,37290,3,EL,1,100,-6610.799805
1669722227.330587,1066173.750,37313,4,EL,1,100,-6611.399902
1669722227.396871,1066238.500,37313,4,EL,1,100,-6606.200195
1669722227.463156,1066303.250,37313,4,EL,1,100,-6608.000000
1669722227.529440,1066368.000,37313,4,EL,1,100,-6619.799805
1669722227.595980,1066433.000,37329,2,EL,1,100,-6621.600098
1669722227.662520,1066498.000,37329,2,EL,1,100,-6622.000000
1669722227.728036,1066562.000,37345,1,EL,1,100,-6622.000000
1669722227.795088,1066627.500,37359,2,EL,1,100,-6624.200195
1669722227.862140,1066693.000,37359,2,EL,1,100,-6634.799805
1669722227.927657,1066757.000,37376,2,EL,1,100,-6636.799805
1669722227.993173,1066821.000,37376,2,EL,1,100,-6636.200195
1669722228.059713,1066886.000,37393,1,EL,1,100,-6634.000000
1669722228.125741,1066950.500,37409,2,EL,1,100,-6637.000000
1669722228.191770,1067015.000,37409,2,EL,1,100,-6639.200195
1669722228.260357,1067082.000,37425,1,EL,1,100,-6640.799805
1669722228.327409,1067147.500,37444,2,EL,1,100,-6640.000000
1669722228.394461,1067213.000,37444,2,EL,1,100,-6638.799805
1669722228.461001,1067278.000,37459,1,EL,1,100,-6642.000000
1669722228.527542,1067343.000,37476,2,EL,1,100,-6638.399902
1669722228.594082,1067408.000,37476,2,EL,1,100,-6637.799805
1669722228.659598,1067472.000,37491,1,EL,1,100,-6638.000000
1669722228.725626,1067536.500,37507,2,EL,1,100,-6640.600098
1669722228.791655,1067601.000,37507,2,EL,1,100,-6642.200195
1669722228.859730,1067667.500,37522,2,EL,1,100,-6640.799805
1669722228.927806,1067734.000,37522,2,EL,1,100,-6640.799805
1669722228.994346,1067799.000,37538,1,EL,1,100,-6642.399902
1669722229.060886,1067864.000,37553,2,EL,1,100,-6644.000000
1669722229.127426,1067929.000,37553,2,EL,1,100,-6644.600098
1669722229.193966,1067994.000,37569,1,EL,1,100,-6646.799805
1669722229.260507,1068059.000,37588,2,EL,1,100,-6645.799805
1669722229.327047,1068124.000,37588,2,EL,1,100,-6643.399902
1669722229.391539,1068187.000,37604,1,EL,1,100,-6644.000000
1669722229.459103,1068253.000,37619,2,EL,1,100,-6644.399902
1669722229.526667,1068319.000,37619,2,EL,1,100,-6645.000000
1669722229.591160,1068382.000,37636,1,EL,1,100,-6644.399902
1669722229.657700,1068447.000,37651,2,EL,1,100,-6649.399902
1669722229.724240,1068512.000,37651,2,EL,1,100,-6648.799805
1669722229.790268,1068576.500,37666,2,EL,1,100,-6648.200195
1669722229.856297,1068641.000,37666,2,EL,1,100,-6651.799805
1669722229.923860,1068707.000,37682,1,EL,1,100,-6654.600098
1669722229.990912,1068772.500,37700,2,EL,1,100,-6651.399902
1669722230.057964,1068838.000,37700,2,EL,1,100,-6652.600098
1669722230.124504,1068903.000,37715,1,EL,1,100,-6657.000000
1669722230.190021,1068967.000,37733,2,EL,1,100,-6655.600098
1669722230.255537,1069031.000,37733,2,EL,1,100,-6654.600098
1669722230.321054,1069095.000,37750,1,EL,1,100,-6655.000000
1669722230.388106,1069160.500,37766,2,EL,1,100,-6653.799805
1669722230.455158,1069226.000,37766,2,EL,1,100,-6654.799805
1669722230.523745,1069293.000,37781,1,EL,1,100,-6653.600098
1669722230.590797,1069358.500,37797,2,EL,1,100,-6657.399902
1669722230.657849,1069424.000,37797,2,EL,1,100,-6657.200195
1669722230.724389,1069489.000,37812,2,EL,1,100,-6656.600098
1669722230.790929,1069554.000,37812,2,EL,1,100,-6655.600098
1669722230.855422,1069617.000,37828,1,EL,1,100,-6657.600098
1669722230.921962,1069682.000,37844,2,EL,1,100,-6658.399902
1669722230.988502,1069747.000,37844,2,EL,1,100,-6654.799805
1669722231.052995,1069810.000,37860,1,EL,1,100,-6655.000000
1669722231.121071,1069876.500,37874,2,EL,1,100,-6660.200195
1669722231.189146,1069943.000,37874,2,EL,1,100,-6661.200195
1669722231.255686,1070008.000,37891,1,EL,1,100,-6661.200195
1669722231.322227,1070073.000,37908,2,EL,1,100,-6660.399902
1669722231.388767,1070138.000,37908,2,EL,1,100,-6661.000000
1669722231.455307,1070203.000,37924,1,EL,1,100,-6663.600098
1669722231.521847,1070268.000,37940,2,EL,1,100,-6665.399902
1669722231.588387,1070333.000,37940,2,EL,1,100,-6664.399902
1669722231.653903,1070397.000,37955,2,EL,1,100,-6665.399902
1669722231.719420,1070461.000,37955,2,EL,1,100,-6664.000000
1669722231.785960,1070526.000,37970,1,EL,1,100,-6665.600098
1669722231.852500,1070591.000,37987,2,EL,1,100,-6671.200195
1669722231.919040,1070656.000,37987,2,EL,1,100,-6670.600098
1669722231.984557,1070720.000,38002,1,EL,1,100,-6669.000000
1669722232.051097,1070785.000,38017,2,EL,1,100,-6668.399902
1669722232.117637,1070850.000,38017,2,EL,1,100,-6669.000000
1669722232.184177,1070915.000,38032,1,EL,1,100,-6671.000000
1669722232.250205,1070979.500,38051,2,EL,1,100,-6668.600098
1669722232.316233,1071044.000,38051,2,EL,1,100,-6665.600098
1669722232.382774,1071109.000,38066,1,EL,1,100,-6664.000000
1669722232.448290,1071173.000,38082,2,EL,1,100,-6664.399902
1669722232.513807,1071237.000,38082,2,EL,1,100,-6661.799805
1669722232.580347,1071302.000,38097,2,EL,1,100,-6661.399902
1669722232.646887,1071367.000,38097,2,EL,1,100,-6659.799805
1669722232.713939,1071432.500,38118,2,EL,1,100,-6659.799805
1669722232.780991,1071498.000,38118,2,EL,1,100,-6663.399902
1669722232.848554,1071564.000,38134,2,EL,1,100,-6663.000000
1669722232.916118,1071630.000,38134,2,EL,1,100,-6664.399902
1669722232.982658,1071695.000,38150,1,EL,1,100,-6670.000000
1669722233.048687,1071759.500,38165,2,EL,1,100,-6672.399902
1669722233.114715,1071824.000,38165,2,EL,1,100,-6676.399902
1669722233.180231,1071888.000,38181,1,EL,1,100,-6675.600098
1669722233.246772,1071953.000,38201,2,EL,1,100,-6676.600098
1669722233.313312,1072018.000,38201,2,EL,1,100,-6674.799805
1669722233.381899,1072085.000,38216,2,EL,1,100,-6672.000000
1669722233.450487,1072152.000,38216,2,EL,1,100,-6672.000000
1669722233.517027,1072217.000,38231,1,EL,1,100,-6671.200195
1669722233.583055,1072281.500,38248,2,EL,1,100,-6669.399902
1669722233.649083,1072346.000,38248,2,EL,1,100,-6671.600098
1669722233.715623,1072411.000,38263,1,EL,1,100,-6674.600098
1669722233.781652,1072475.500,38278,2,EL,1,100,-6674.200195
1669722233.847680,1072540.000,38278,2,EL,1,100,-6677.200195
1669722233.914220,1072605.000,38294,1,EL,1,100,-6678.600098
1669722233.980248,1072669.500,38310,2,EL,1,100,-6676.399902
1669722234.046277,1072734.000,38310,2,EL,1,100,-6677.399902
1669722234.112817,1072799.000,38325,1,EL,1,100,-6678.799805
1669722234.178845,1072863.500,38342,2,EL,1,100,-6681.799805
1669722234.244873,1072928.000,38342,2,EL,1,100,-6685.399902
1669722234.311413,1072993.000,38358,2,EL,1,100,-6689.399902
1669722234.377954,1073058.000,38358,2,EL,1,100,-6687.000000
1669722234.444494,1073123.000,38376,1,EL,1,100,-6686.000000
1669722234.510522,1073187.500,38392,2,EL,1,100,-6684.799805
1669722234.576550,1073252.000,38392,2,EL,1,100,-6682.200195
1669722234.643090,1073317.000,38408,1,EL,1,100,-6681.000000
1669722234.709630,1073382.000,38422,2,EL,1,100,-6683.799805
1669722234.776170,1073447.000,38422,2,EL,1,100,-6684.000000
1669722234.841687,1073511.000,38438,1,EL,1,100,-6685.600098
1669722234.908227,1073576.000,38454,2,EL,1,100,-6685.799805
1669722234.974767,1073641.000,38454,2,EL,1,100,-6686.000000
1669722235.041307,1073706.000,38470,1,EL,1,100,-6689.200195
1669722235.107336,1073770.500,38485,2,EL,1,100,-6687.200195
1669722235.173364,1073835.000,38485,2,EL,1,100,-6690.399902
1669722235.239392,1073899.500,38503,2,EL,1,100,-6692.399902
1669722235.305420,1073964.000,38503,2,EL,1,100,-6695.799805
1669722235.371960,1074029.000,38518,1,EL,1,100,-6699.799805
1669722235.439013,1074094.500,38534,2,EL,1,100,-6706.000000
1669722235.506064,1074160.000,38534,2,EL,1,100,-6705.000000
1669722235.573628,1074226.000,38552,1,EL,1,100,-6699.600098
1669722235.640168,1074291.000,38567,2,EL,1,100,-6700.799805
1669722235.706708,1074356.000,38567,2,EL,1,100,-6697.600098
1669722235.773249,1074421.000,38582,1,EL,1,100,-6699.399902
1669722235.839277,1074485.500,38599,2,EL,1,100,-6697.600098
1669722235.905305,1074550.000,38599,2,EL,1,100,-6698.200195
1669722235.971333,1074614.500,38614,2,EL,1,100,-6699.600098
1669722236.037362,1074679.000,38614,2,EL,1,100,-6701.600098
1669722236.104925,1074745.000,38630,1,EL,1,100,-6702.600098
1669722236.172489,1074811.000,38647,2,EL,1,100,-6704.200195
1669722236.240053,1074877.000,38647,2,EL,1,100,-6703.399902
1669722236.306593,1074942.000,38665,1,EL,1,100,-6706.600098
1669722236.373133,1075007.000,38680,2,EL,1,100,-6707.200195
1669722236.439673,1075072.000,38680,2,EL,1,100,-6708.799805
1669722236.505190,1075136.000,38696,1,EL,1,100,-6710.600098
1669722236.571730,1075201.000,38713,2,EL,1,100,-6706.600098
1669722236.638270,1075266.000,38713,2,EL,1,100,-6706.799805
1669722236.704810,1075331.000,38729,1,EL,1,100,-6703.600098
1669722236.770838,1075395.500,38746,2,EL,1,100,-6704.000000
1669722236.836867,1075460.000,38746,2,EL,1,100,-6703.200195
1669722236.903407,1075525.000,38763,2,EL,1,100,-6704.399902
1669722236.969947,1075590.000,38763,2,EL,1,100,-6702.600098
1669722237.036487,1075655.000,38778,1,EL,1,100,-6700.799805
1669722237.104051,1075721.000,38793,2,EL,1,100,-6700.000000
1669722237.171615,1075787.000,38793,2,EL,1,100,-6699.200195
1669722237.239179,1075853.000,38809,1,EL,1,100,-6699.200195
1669722237.305719,1075918.000,38827,2,EL,1,100,-6702.000000
1669722237.372259,1075983.000,38827,2,EL,1,100,-6701.399902
1669722237.438799,1076048.000,38842,1,EL,1,100,-6704.000000
1669722237.503803,1076111.500,38858,2,EL,1,100,-6709.399902
1669722237.568808,1076175.000,38858,2,EL,1,100,-6711.200195
1669722237.636372,1076241.000,38873,1,EL,1,100,-6709.399902
1669722237.703424,1076306.500,38889,2,EL,1,100,-6704.600098
1669722237.770476,1076372.000,38889,2,EL,1,100,-6711.799805
1669722237.839063,1076439.000,38904,1,EL,1,100,-6713.799805
1669722237.905603,1076504.000,38928,3,EL,1,100,-6713.000000
1669722237.972144,1076569.000,38928,3,EL,1,100,-6709.600098
1669722238.038684,1076634.000,38928,3,EL,1,100,-6706.000000
1669722238.104712,1076698.500,38943,2,EL,1,100,-6705.799805
1669722238.170740,1076763.000,38943,2,EL,1,100,-6707.600098
1669722238.238304,1076829.000,38960,1,EL,1,100,-6708.799805
1669722238.304844,1076894.000,38976,2,EL,1,100,-6712.799805
1669722238.371384,1076959.000,38976,2,EL,1,100,-6711.799805
1669722238.439972,1077026.000,38992,1,EL,1,100,-6710.799805
1669722238.506512,1077091.000,39008,2,EL,1,100,-6710.799805
1669722238.573052,1077156.000,39008,2,EL,1,100,-6711.000000
1669722238.639592,1077221.000,39024,2,EL,1,100,-6712.000000
1669722238.706132,1077286.000,39024,2,EL,1,100,-6714.000000
1669722238.771649,1077350.000,39039,1,EL,1,100,-6716.200195
1669722238.838189,1077415.000,39055,2,EL,1,100,-6715.600098
1669722238.904729,1077480.000,39055,2,EL,1,100,-6714.600098
1669722238.970245,1077544.000,39070,1,EL,1,100,-6713.799805
1669722239.036785,1077609.000,39086,2,EL,1,100,-6716.799805
1669722239.103326,1077674.000,39086,2,EL,1,100,-6718.200195
1669722239.169866,1077739.000,39101,1,EL,1,100,-6719.399902
1669722239.236406,1077804.000,39120,2,EL,1,100,-6718.399902
1669722239.302946,1077869.000,39120,2,EL,1,100,-6716.799805
1669722239.368974,1077933.500,39134,2,EL,1,100,-6719.399902
1669722239.435002,1077998.000,39134,2,EL,1,100,-6719.399902
1669722239.502566,1078064.000,39150,1,EL,1,100,-6720.399902
1669722239.569106,1078129.000,39166,2,EL,1,100,-6723.600098
1669722239.635647,1078194.000,39166,2,EL,1,100,-6722.799805
1669722239.702187,1078259.000,39182,1,EL,1,100,-6721.799805
1669722239.767703,1078323.000,39196,2,EL,1,100,-6720.399902
1669722239.833220,1078387.000,39196,2,EL,1,100,-6721.600098
1669722239.900783,1078453.000,39213,1,EL,1,100,-6723.200195
1669722239.967835,1078518.500,39228,2,EL,1,100,-6725.399902
1669722240.034887,1078584.000,39228,2,EL,1,100,-6723.399902
1669722240.103475,1078651.000,39244,1,EL,1,100,-6725.200195
1669722240.170015,1078716.000,39259,2,EL,1,100,-6725.000000
1669722240.236555,1078781.000,39259,2,EL,1,100,-6723.200195
1669722240.303095,1078846.000,39277,1,EL,1,100,-6722.200195
1669722240.368100,1078909.500,39292,2,EL,1,100,-6722.200195
1669722240.433104,1078973.000,39292,2,EL,1,100,-6723.200195
1669722240.500156,1079038.500,39309,2,EL,1,100,-6722.200195
1669722240.567208,1079104.000,39309,2,EL,1,100,-6721.799805
1669722240.633748,1079169.000,39326,1,EL,1,100,-6721.600098
1669722240.700288,1079234.000,39341,2,EL,1,100,-6720.799805
1669722240.766829,1079299.000,39341,2,EL,1,100,-6726.399902
1669722240.833369,1079364.000,39356,1,EL,1,100,-6729.000000
1669722240.899909,1079429.000,39373,2,EL,1,100,-6728.000000
1669722240.966449,1079494.000,39373,2,EL,1,100,-6730.200195
1669722241.031965,1079558.000,39388,1,EL,1,100,-6734.399902
1669722241.099017,1079623.500,39404,2,EL,1,100,-6731.000000
1669722241.166069,1079689.000,39404,2,EL,1,100,-6727.000000
1669722241.231586,1079753.000,39419,2,EL,1,100,-6725.799805
1669722241.297102,1079817.000,39419,2,EL,1,100,-6727.200195
1669722241.363642,1079882.000,39437,1,EL,1,100,-6728.399902
1669722241.429670,1079946.500,39452,2,EL,1,100,-6732.600098
1669722241.495699,1080011.000,39452,2,EL,1,100,-6731.600098
1669722241.563262,1080077.000,39469,1,EL,1,100,-6731.399902
1669722241.629291,1080141.500,39483,2,EL,1,100,-6736.799805
1669722241.695319,1080206.000,39483,2,EL,1,100,-6735.600098
1669722241.762883,1080272.000,39499,1,EL,1,100,-6733.000000
1669722241.828399,1080336.000,39515,2,EL,1,100,-6730.600098
1669722241.893916,1080400.000,39515,2,EL,1,100,-6732.600098
1669722241.960456,1080465.000,39531,1,EL,1,100,-6733.600098
1669722242.026484,1080529.500,39546,2,EL,1,100,-6733.399902
1669722242.092512,1080594.000,39546,2,EL,1,100,-6730.600098
1669722242.159053,1080659.000,39562,2,EL,1,100,-6728.799805
1669722242.225593,1080724.000,39562,2,EL,1,100,-6729.200195
1669722242.292133,1080789.000,39579,1,EL,1,100,-6734.799805
1669722242.358673,1080854.000,39595,2,EL,1,100,-6735.000000
1669722242.425213,1080919.000,39595,2,EL,1,100,-6735.799805
1669722242.491753,1080984.000,39610,1,EL,1,100,-6739.399902
1669722242.558293,1081049.000,39626,2,EL,1,100,-6736.399902
1669722242.624833,1081114.000,39626,2,EL,1,100,-6737.000000
1669722242.689326,1081177.000,39641,1,EL,1,100,-6739.200195
1669722242.757402,1081243.500,39659,2,EL,1,100,-6736.200195
1669722242.825477,1081310.000,39659,2,EL,1,100,-6735.000000
1669722242.892018,1081375.000,39675,1,EL,1,100,-6738.200195
1669722242.958558,1081440.000,39691,2,EL,1,100,-6740.600098
1669722243.025098,1081505.000,39691,2,EL,1,100,-6740.200195
1669722243.091126,1081569.500,39705,2,EL,1,100,-6741.799805
1669722243.157154,1081634.000,39705,2,EL,1,100,-6740.399902
1669722243.223694,1081699.000,39727,2,EL,1,100,-6741.600098
1669722243.290235,1081764.000,39727,2,EL,1,100,-6745.000000
1669722243.357798,1081830.000,39744,1,EL,1,100,-6744.799805
1669722243.425362,1081896.000,39760,2,EL,1,100,-6745.200195
1669722243.492926,1081962.000,39760,2,EL,1,100,-6747.200195
1669722243.559466,1082027.000,39776,2,EL,1,100,-6746.600098
1669722243.626006,1082092.000,39776,2,EL,1,100,-6744.200195
1669722243.692546,1082157.000,39792,1,EL,1,100,-6744.399902
1669722243.759086,1082222.000,39806,2,EL,1,100,-6745.600098
1669722243.825627,1082287.000,39806,2,EL,1,100,-6745.799805
1669722243.891143,1082351.000,39823,1,EL,1,100,-6749.200195
1669722243.958195,1082416.500,39838,2,EL,1,100,-6748.799805
1669722244.025247,1082482.000,39838,2,EL,1,100,-6746.200195
1669722244.090763,1082546.000,39854,1,EL,1,100,-6747.200195
1669722244.155768,1082609.500,39870,2,EL,1,100,-6744.600098
1669722244.220773,1082673.000,39870,2,EL,1,100,-6745.200195
1669722244.287313,1082738.000,39887,2,EL,1,100,-6746.000000
1669722244.353853,1082803.000,39887,2,EL,1,100,-6748.000000
1669722244.422440,1082870.000,39902,1,EL,1,100,-6751.000000
1669722244.490004,1082936.000,39919,2,EL,1,100,-6751.600098
1669722244.557568,1083002.000,39919,2,EL,1,100,-6752.200195
1669722244.624108,1083067.000,39934,1,EL,1,100,-6752.600098
1669722244.690136,1083131.500,39949,2,EL,1,100,-6748.600098
1669722244.756165,1083196.000,39949,2,EL,1,100,-6746.799805
1669722244.821681,1083260.000,39964,1,EL,1,100,-6750.600098
1669722244.888221,1083325.000,39981,2,EL,1,100,-6749.000000
1669722244.954761,1083390.000,39981,2,EL,1,100,-6749.000000
1669722245.023349,1083457.000,39996,1,EL,1,100,-6749.399902
1669722245.090913,1083523.000,40011,2,EL,1,100,-6749.399902
1669722245.158476,1083589.000,40011,2,EL,1,100,-6749.000000
1669722245.225016,1083654.000,40027,1,EL,1,100,-6751.600098
1669722245.291557,1083719.000,40045,2,EL,1,100,-6753.799805
1669722245.358097,1083784.000,40045,2,EL,1,100,-6757.799805
1669722245.424637,1083849.000,40060,2,EL,1,100,-6759.399902
1669722245.491177,1083914.000,40060,2,EL,1,100,-6757.600098
1669722245.556693,1083978.000,40077,1,EL,1,100,-6759.000000
1669722245.623745,1084043.500,40091,2,EL,1,100,-6767.000000
1669722245.690797,1084109.000,40091,2,EL,1,100,-6766.600098
1669722245.758361,1084175.000,40109,1,EL,1,100,-6765.000000
1669722245.824389,1084239.500,40125,2,EL,1,100,-6766.200195
1669722245.890418,1084304.000,40125,2,EL,1,100,-6767.399902
1669722245.957981,1084370.000,40141,1,EL,1,100,-6772.399902
1669722246.024010,1084434.500,40157,2,EL,1,100,-6772.000000
1669722246.090038,1084499.000,40157,2,EL,1,100,-6767.399902
1669722246.157602,1084565.000,40173,1,EL,1,100,-6763.000000
1669722246.223118,1084629.000,40191,2,EL,1,100,-6761.399902
1669722246.288635,1084693.000,40191,2,EL,1,100,-6761.399902
1669722246.355175,1084758.000,40207,2,EL,1,100,-6767.399902
1669722246.421715,1084823.000,40207,2,EL,1,100,-6768.600098
1669722246.487231,1084887.000,40222,1,EL,1,100,-6764.799805
1669722246.553771,1084952.000,40238,2,EL,1,100,-6764.000000
1669722246.620311,1085017.000,40238,2,EL,1,100,-6764.200195
1669722246.688899,1085084.000,40253,1,EL,1,100,-6765.600098
1669722246.756463,1085150.000,40269,2,EL,1,100,-6763.399902
1669722246.824027,1085216.000,40269,2,EL,1,100,-6766.000000
1669722246.890567,1085281.000,40285,1,EL,1,100,-6776.399902
1669722246.956595,1085345.500,40300,2,EL,1,100,-6772.399902
1669722247.022623,1085410.000,40300,2,EL,1,100,-6773.799805
1669722247.087116,1085473.000,40315,1,EL,1,100,-6779.200195
1669722247.153656,1085538.000,40334,2,EL,1,100,-6776.799805
1669722247.220196,1085603.000,40334,2,EL,1,100,-6775.799805
1669722247.287760,1085669.000,40353,1,EL,1,100,-6775.399902
1669722247.355836,1085735.500,40369,2,EL,1,100,-6773.200195
1669722247.423911,1085802.000,40369,2,EL,1,100,-6774.000000
1669722247.490452,1085867.000,40384,2,EL,1,100,-6777.799805
1669722247.556992,1085932.000,40384,2,EL,1,100,-6774.799805
1669722247.623532,1085997.000,40400,1,EL,1,100,-6774.200195
1669722247.689560,1086061.500,40415,2,EL,1,100,-6778.200195
1669722247.755588,1086126.000,40415,2,EL,1,100,-6774.200195
1669722247.824176,1086193.000,40431,1,EL,1,100,-6771.000000
1669722247.890716,1086258.000,40446,2,EL,1,100,-6767.399902
1669722247.957256,1086323.000,40446,2,EL,1,100,-6767.600098
1669722248.023796,1086388.000,40462,1,EL,1,100,-6770.399902
1669722248.089824,1086452.500,40477,2,EL,1,100,-6772.399902
1669722248.155853,1086517.000,40477,2,EL,1,100,-6771.200195
1669722248.223417,1086583.000,40494,1,EL,1,100,-6771.600098
1669722248.289445,1086647.500,40511,2,EL,1,100,-6772.399902
1669722248.355473,1086712.000,40511,2,EL,1,100,-6773.600098
1669722248.421672,1086776.667,40532,3,EL,1,100,-6769.399902
1669722248.487871,1086841.333,40532,3,EL,1,100,-6773.799805
1669722248.554070,1086906.000,40532,3,EL,1,100,-6777.600098
1669722248.620610,1086971.000,40547,1,EL,1,100,-6779.799805
1669722248.686638,1087035.500,40562,2,EL,1,100,-6781.000000
1669722248.752666,1087100.000,40562,2,EL,1,100,-6780.200195
1669722248.820230,1087166.000,40577,1,EL,1,100,-6779.600098
1669722248.886258,1087230.500,40596,2,EL,1,100,-6780.399902
1669722248.952287,1087295.000,40596,2,EL,1,100,-6779.600098
1669722249.019850,1087361.000,40611,1,EL,1,100,-6781.600098
1669722249.085367,1087425.000,40627,2,EL,1,100,-6784.200195
1669722249.150883,1087489.000,40627,2,EL,1,100,-6785.000000
1669722249.217423,1087554.000,40644,2,EL,1,100,-6783.200195
1669722249.283964,1087619.000,40644,2,EL,1,100,-6783.600098
1669722249.349480,1087683.000,40660,1,EL,1,100,-6788.200195
1669722249.418067,1087750.000,40677,2,EL,1,100,-6789.600098
1669722249.486655,1087817.000,40677,2,EL,1,100,-6788.399902
1669722249.553195,1087882.000,40694,1,EL,1,100,-6787.799805
1669722249.619735,1087947.000,40708,2,EL,1,100,-6789.000000
1669722249.686275,1088012.000,40708,2,EL,1,100,-6789.399902
1669722249.752815,1088077.000,40724,1,EL,1,100,-6787.600098
1669722249.819356,1088142.000,40740,2,EL,1,100,-6789.200195
1669722249.885896,1088207.000,40740,2,EL,1,100,-6790.600098
1669722249.951412,1088271.000,40756,1,EL,1,100,-6792.200195
1669722250.019488,1088337.500,40771,2,EL,1,100,-6794.600098
1669722250.087564,1088404.000,40771,2,EL,1,100,-6798.200195
1669722250.154104,1088469.000,40786,1,EL,1,100,-6798.799805
1669722250.220644,1088534.000,40806,2,EL,1,100,-6797.200195
1669722250.287184,1088599.000,40806,2,EL,1,100,-6791.399902
1669722250.353212,1088663.500,40822,2,EL,1,100,-6794.000000
1669722250.419240,1088728.000,40822,2,EL,1,100,-6789.799805
1669722250.486804,1088794.000,40837,1,EL,1,100,-6793.600098
1669722250.552321,1088858.000,40853,2,EL,1,100,-6798.399902
1669722250.617837,1088922.000,40853,2,EL,1,100,-6799.799805
1669722250.686424,1088989.000,40868,1,EL,1,100,-6798.000000
1669722250.753477,1089054.500,40884,2,EL,1,100,-6805.000000
1669722250.820529,1089120.000,40884,2,EL,1,100,-6800.799805
1669722250.887069,1089185.000,40900,1,EL,1,100,-6799.000000
1669722250.953097,1089249.500,40917,2,EL,1,100,-6790.600098
1669722251.019125,1089314.000,40917,2,EL,1,100,-6790.000000
1669722251.086689,1089380.000,40932,1,EL,1,100,-6790.399902
1669722251.153229,1089445.000,40949,2,EL,1,100,-6791.399902
1669722251.219769,1089510.000,40949,2,EL,1,100,-6797.200195
1669722251.286309,1089575.000,40966,2,EL,1,100,-6801.200195
1669722251.352849,1089640.000,40966,2,EL,1,100,-6796.200195
1669722251.418366,1089704.000,40982,1,EL,1,100,-6790.799805
1669722251.484906,1089769.000,40997,2,EL,1,100,-6798.799805
1669722251.551446,1089834.000,40997,2,EL,1,100,-6800.200195
1669722251.616962,1089898.000,41013,1,EL,1,100,-6801.399902
1669722251.685550,1089965.000,41028,2,EL,1,100,-6800.799805
1669722251.754138,1090032.000,41028,2,EL,1,100,-6800.399902
1669722251.820678,1090097.000,41044,1,EL,1,100,-6801.600098
1669722251.887218,1090162.000,41059,2,EL,1,100,-6802.799805
1669722251.953758,1090227.000,41059,2,EL,1,100,-6800.600098
1669722252.019274,1090291.000,41075,1,EL,1,100,-6798.799805
1669722252.085303,1090355.500,41090,2,EL,1,100,-6794.600098
1669722252.151331,1090420.000,41090,2,EL,1,100,-6797.000000
1669722252.217871,1090485.000,41111,2,EL,1,100,-6798.799805
1669722252.284411,1090550.000,41111,2,EL,1,100,-6795.600098
1669722252.352998,1090617.000,41126,1,EL,1,100,-6797.600098
1669722252.420051,1090682.500,41141,2,EL,1,100,-6800.600098
1669722252.487103,1090748.000,41141,2,EL,1,100,-6799.200195
1669722252.553643,1090813.000,41157,1,EL,1,100,-6799.000000
1669722252.619671,1090877.500,41173,2,EL,1,100,-6798.200195
1669722252.685699,1090942.000,41173,2,EL,1,100,-6800.399902
1669722252.753263,1091008.000,41188,1,EL,1,100,-6802.000000
1669722252.818779,1091072.000,41206,2,EL,1,100,-6801.200195
1669722252.884296,1091136.000,41206,2,EL,1,100,-6802.200195
1669722252.950836,1091201.000,41221,1,EL,1,100,-6804.600098
1669722253.017376,1091266.000,41237,2,EL,1,100,-6805.000000
1669722253.083916,1091331.000,41237,2,EL,1,100,-6806.000000
1669722253.150456,1091396.000,41253,2,EL,1,100,-6806.399902
1669722253.216996,1091461.000,41253,2,EL,1,100,-6802.000000
1669722253.282513,1091525.000,41271,1,EL,1,100,-6799.000000
1669722253.349565,1091590.500,41285,2,EL,1,100,-6802.000000
1669722253.416617,1091656.000,41285,2,EL,1,100,-6798.200195
1669722253.481110,1091719.000,41301,1,EL,1,100,-6797.399902
1669722253.547650,1091784.000,41317,2,EL,1,100,-6803.000000
1669722253.614190,1091849.000,41317,2,EL,1,100,-6800.600098
1669722253.680218,1091913.500,41338,2,EL,1,100,-6802.600098
1669722253.746246,1091978.000,41338,2,EL,1,100,-6805.799805
1669722253.812786,1092043.000,41354,2,EL,1,100,-6805.399902
1669722253.879327,1092108.000,41354,2,EL,1,100,-6802.600098
1669722253.947402,1092174.500,41370,2,EL,1,100,-6805.799805
1669722254.015478,1092241.000,41370,2,EL,1,100,-6800.799805
1669722254.083042,1092307.000,41385,1,EL,1,100,-6799.200195
1669722254.149582,1092372.000,41401,2,EL,1,100,-6798.399902
1669722254.216122,1092437.000,41401,2,EL,1,100,-6802.799805
1669722254.282662,1092502.000,41418,1,EL,1,100,-6803.200195
1669722254.348178,1092566.000,41434,2,EL,1,100,-6796.399902
1669722254.413695,1092630.000,41434,2,EL,1,100,-6796.000000
1669722254.480235,1092695.000,41449,1,EL,1,100,-6797.200195
1669722254.547799,1092761.000,41465,2,EL,1,100,-6801.600098
1669722254.615363,1092827.000,41465,2,EL,1,100,-6798.799805
1669722254.682926,1092893.000,41480,1,EL,1,100,-6797.399902
1669722254.748955,1092957.500,41496,2,EL,1,100,-6796.200195
1669722254.814983,1093022.000,41496,2,EL,1,100,-6796.799805
1669722254.881523,1093087.000,41512,2,EL,1,100,-6801.000000
1669722254.948063,1093152.000,41512,2,EL,1,100,-6805.799805
1669722255.015627,1093218.000,41528,1,EL,1,100,-6805.399902
1669722255.083191,1093284.000,41542,2,EL,1,100,-6812.000000
1669722255.150755,1093350.000,41542,2,EL,1,100,-6812.600098
1669722255.217295,1093415.000,41559,1,EL,1,100,-6807.600098
1669722255.283835,1093480.000,41578,2,EL,1,100,-6800.399902
1669722255.350375,1093545.000,41578,2,EL,1,100,-6803.799805
1669722255.415891,1093609.000,41594,1,EL,1,100,-6806.799805
1669722255.482432,1093674.000,41609,2,EL,1,100,-6804.799805
1669722255.548972,1093739.000,41609,2,EL,1,100,-6802.600098
1669722255.615512,1093804.000,41625,1,EL,1,100,-6801.000000
1669722255.682052,1093869.000,41640,2,EL,1,100,-6802.399902
1669722255.748592,1093934.000,41640,2,EL,1,100,-6804.000000
1669722255.814620,1093998.500,41657,2,EL,1,100,-6807.200195
1669722255.880649,1094063.000,41657,2,EL,1,100,-6807.000000
1669722255.947189,1094128.000,41672,1,EL,1,100,-6805.200195
1669722256.013729,1094193.000,41689,2,EL,1,100,-6806.200195
1669722256.080269,1094258.000,41689,2,EL,1,100,-6806.399902
1669722256.146809,1094323.000,41704,1,EL,1,100,-6808.600098
1669722256.213349,1094388.000,41723,2,EL,1,100,-6809.000000
1669722256.279889,1094453.000,41723,2,EL,1,100,-6803.600098
1669722256.345406,1094517.000,41738,1,EL,1,100,-6803.600098
1669722256.410922,1094581.000,41753,2,EL,1,100,-6805.200195
1669722256.476439,1094645.000,41753,2,EL,1,100,-6805.000000
1669722256.544002,1094711.000,41769,1,EL,1,100,-6801.000000
1669722256.611054,1094776.500,41785,2,EL,1,100,-6802.799805
1669722256.678106,1094842.000,41785,2,EL,1,100,-6805.000000
1669722256.746694,1094909.000,41800,1,EL,1,100,-6806.600098
1669722256.813234,1094974.000,41817,2,EL,1,100,-6806.200195
1669722256.879774,1095039.000,41817,2,EL,1,100,-6806.200195
1669722256.946314,1095104.000,41831,2,EL,1,100,-6807.000000
1669722257.012854,1095169.000,41831,2,EL,1,100,-6812.200195
1669722257.078371,1095233.000,41847,1,EL,1,100,-6817.399902
1669722257.144911,1095298.000,41863,2,EL,1,100,-6818.399902
1669722257.211451,1095363.000,41863,2,EL,1,100,-6808.600098
1669722257.276967,1095427.000,41881,1,EL,1,100,-6803.000000
1669722257.345043,1095493.500,41897,2,EL,1,100,-6806.399902
1669722257.413119,1095560.000,41897,2,EL,1,100,-6811.600098
1669722257.479659,1095625.000,41913,1,EL,1,100,-6817.799805
1669722257.546199,1095690.000,41929,2,EL,1,100,-6815.799805
1669722257.612739,1095755.000,41929,2,EL,1,100,-6820.200195
1669722257.678256,1095819.000,41945,1,EL,1,100,-6826.000000
1669722257.745307,1095884.500,41960,2,EL,1,100,-6826.799805
1669722257.812359,1095950.000,41960,2,EL,1,100,-6824.799805
1669722257.878900,1096015.000,41978,2,EL,1,100,-6821.399902
1669722257.945440,1096080.000,41978,2,EL,1,100,-6817.600098
1669722258.013003,1096146.000,41993,1,EL,1,100,-6815.600098
1669722258.080055,1096211.500,42009,2,EL,1,100,-6816.799805
1669722258.147107,1096277.000,42009,2,EL,1,100,-6820.600098
1669722258.213647,1096342.000,42025,1,EL,1,100,-6826.000000
1669722258.280699,1096407.500,42042,2,EL,1,100,-6826.000000
1669722258.347751,1096473.000,42042,2,EL,1,100,-6825.799805
1669722258.416339,1096540.000,42059,1,EL,1,100,-6823.799805
1669722258.482879,1096605.000,42076,2,EL,1,100,-6827.200195
1669722258.549419,1096670.000,42076,2,EL,1,100,-6823.399902
1669722258.615959,1096735.000,42091,1,EL,1,100,-6822.399902
1669722258.680964,1096798.500,42106,2,EL,1,100,-6821.200195
1669722258.745968,1096862.000,42106,2,EL,1,100,-6822.200195
1669722258.812509,1096927.000,42122,2,EL,1,100,-6826.200195
1669722258.879049,1096992.000,42122,2,EL,1,100,-6822.399902
1669722258.947124,1097058.500,42143,2,EL,1,100,-6824.000000
1669722259.015200,1097125.000,42143,2,EL,1,100,-6822.399902
1669722259.082252,1097190.500,42158,2,EL,1,100,-6820.799805
1669722259.149304,1097256.000,42158,2,EL,1,100,-6818.200195
1669722259.215844,1097321.000,42175,1,EL,1,100,-6818.399902
1669722259.281360,1097385.000,42192,2,EL,1,100,-6821.600098
1669722259.346877,1097449.000,42192,2,EL,1,100,-6822.000000
1669722259.413417,1097514.000,42208,1,EL,1,100,-6822.000000
1669722259.479957,1097579.000,42224,2,EL,1,100,-6819.000000
1669722259.546497,1097644.000,42224,2,EL,1,100,-6818.200195
1669722259.614061,1097710.000,42239,1,EL,1,100,-6819.000000
1669722259.681625,1097776.000,42254,2,EL,1,100,-6819.200195
1669722259.749189,1097842.000,42254,2,EL,1,100,-6819.799805
1669722259.815729,1097907.000,42271,2,EL,1,100,-6816.000000
1669722259.882269,1097972.000,42271,2,EL,1,100,-6813.200195
1669722259.947785,1098036.000,42286,1,EL,1,100,-6818.399902
1669722260.014837,1098101.500,42301,2,EL,1,100,-6818.799805
1669722260.081889,1098167.000,42301,2,EL,1,100,-6818.399902
1669722260.146382,1098230.000,42316,1,EL,1,100,-6819.799805
1669722260.212922,1098295.000,42335,2,EL,1,100,-6823.600098
1669722260.279462,1098360.000,42335,2,EL,1,100,-6822.799805
1669722260.346002,1098425.000,42350,1,EL,1,100,-6822.200195
1669722260.412542,1098490.000,42367,2,EL,1,100,-6821.000000
1669722260.479083,1098555.000,42367,2,EL,1,100,-6823.600098
1669722260.545111,1098619.500,42383,2,EL,1,100,-6822.799805
1669722260.611139,1098684.000,42383,2,EL,1,100,-6822.000000
1669722260.678703,1098750.000,42399,1,EL,1,100,-6823.799805
1669722260.744219,1098814.000,42414,2,EL,1,100,-6824.000000
1669722260.809736,1098878.000,42414,2,EL,1,100,-6824.799805
1669722260.876276,1098943.000,42431,1,EL,1,100,-6825.000000
1669722260.942475,1099007.667,42445,3,EL,1,100,-6826.000000
1669722261.008674,1099072.333,42445,3,EL,1,100,-6824.200195
1669722261.074872,1099137.000,42445,3,EL,1,100,-6822.200195
1669722261.141413,1099202.000,42461,1,EL,1,100,-6826.000000
1669722261.208977,1099268.000,42478,2,EL,1,100,-6828.000000
1669722261.276540,1099334.000,42478,2,EL,1,100,-6825.200195
1669722261.344104,1099400.000,42494,1,EL,1,100,-6826.000000
1669722261.411156,1099465.500,42509,2,EL,1,100,-6823.600098
1669722261.478208,1099531.000,42509,2,EL,1,100,-6825.200195
1669722261.544748,1099596.000,42526,1,EL,1,100,-6825.200195
1669722261.610776,1099660.500,42540,2,EL,1,100,-6829.799805
1669722261.676805,1099725.000,42540,2,EL,1,100,-6827.799805
1669722261.743345,1099790.000,42558,1,EL,1,100,-6828.600098
1669722261.809885,1099855.000,42574,2,EL,1,100,-6828.799805
1669722261.876425,1099920.000,42574,2,EL,1,100,-6827.200195
1669722261.942965,1099985.000,42590,2,EL,1,100,-6824.799805
1669722262.009505,1100050.000,42590,2,EL,1,100,-6824.399902
1669722262.075022,1100114.000,42605,1,EL,1,100,-6825.000000
1669722262.141562,1100179.000,42621,2,EL,1,100,-6827.399902
1669722262.208102,1100244.000,42621,2,EL,1,100,-6827.600098
1669722262.273618,1100308.000,42638,1,EL,1,100,-6828.399902
1669722262.341694,1100374.500,42654,2,EL,1,100,-6825.799805
1669722262.409770,1100441.000,42654,2,EL,1,100,-6828.600098
1669722262.476310,1100506.000,42669,1,EL,1,100,-6831.399902
1669722262.542850,1100571.000,42685,2,EL,1,100,-6831.399902
1669722262.609390,1100636.000,42685,2,EL,1,100,-6834.600098
1669722262.674906,1100700.000,42700,1,EL,1,100,-6833.799805
1669722262.741958,1100765.500,42716,2,EL,1,100,-6831.000000
1669722262.809011,1100831.000,42716,2,EL,1,100,-6829.200195
1669722262.875551,1100896.000,42732,2,EL,1,100,-6827.600098
1669722262.942091,1100961.000,42732,2,EL,1,100,-6828.600098
1669722263.007607,1101025.000,42750,1,EL,1,100,-6831.799805
1669722263.073635,1101089.500,42764,2,EL,1,100,-6829.399902
1669722263.139664,1101154.000,42764,2,EL,1,100,-6829.000000
1669722263.206204,1101219.000,42781,1,EL,1,100,-6833.399902
1669722263.272744,1101284.000,42798,2,EL,1,100,-6833.600098
1669722263.339284,1101349.000,42798,2,EL,1,100,-6832.600098
1669722263.405824,1101414.000,42814,1,EL,1,100,-6834.399902
1669722263.471852,1101478.500,42829,2,EL,1,100,-6831.399902
1669722263.537881,1101543.000,42829,2,EL,1,100,-6831.000000
1669722263.604421,1101608.000,42845,1,EL,1,100,-6828.600098
1669722263.669425,1101671.500,42860,2,EL,1,100,-6830.399902
1669722263.734430,1101735.000,42860,2,EL,1,100,-6834.600098
1669722263.800970,1101800.000,42877,2,EL,1,100,-6833.000000
1669722263.867510,1101865.000,42877,2,EL,1,100,-6834.000000
1669722263.933027,1101929.000,42892,1,EL,1,100,-6835.200195
1669722264.001102,1101995.500,42907,2,EL,1,100,-6835.600098
1669722264.069178,1102062.000,42907,2,EL,1,100,-6835.000000
1669722264.135718,1102127.000,42929,3,EL,1,100,-6836.600098
1669722264.202258,1102192.000,42929,3,EL,1,100,-6834.799805
1669722264.268798,1102257.000,42929,3,EL,1,100,-6834.600098
1669722264.334315,1102321.000,42946,1,EL,1,100,-6836.600098
1669722264.401367,1102386.500,42961,2,EL,1,100,-6836.799805
1669722264.468419,1102452.000,42961,2,EL,1,100,-6834.399902
1669722264.533935,1102516.000,42977,1,EL,1,100,-6832.799805
1669722264.601499,1102582.000,42993,2,EL,1,100,-6837.799805
1669722264.669063,1102648.000,42993,2,EL,1,100,-6838.600098
1669722264.736626,1102714.000,43008,1,EL,1,100,-6841.200195
1669722264.803167,1102779.000,43024,2,EL,1,100,-6840.600098
1669722264.869707,1102844.000,43024,2,EL,1,100,-6843.200195
1669722264.935223,1102908.000,43039,1,EL,1,100,-6843.799805
1669722265.002275,1102973.500,43055,2,EL,1,100,-6840.799805
1669722265.069327,1103039.000,43055,2,EL,1,100,-6838.399902
1669722265.135355,1103103.500,43073,2,EL,1,100,-6839.799805
1669722265.201384,1103168.000,43073,2,EL,1,100,-6842.399902
1669722265.267924,1103233.000,43091,1,EL,1,100,-6844.000000
1669722265.332928,1103296.500,43105,2,EL,1,100,-6846.000000
1669722265.397933,1103360.000,43105,2,EL,1,100,-6841.799805
1669722265.465497,1103426.000,43121,1,EL,1,100,-6841.799805
1669722265.532037,1103491.000,43137,2,EL,1,100,-6843.799805
1669722265.598577,1103556.000,43137,2,EL,1,100,-6844.000000
1669722265.667164,1103623.000,43153,1,EL,1,100,-6843.600098
1669722265.734216,1103688.500,43167,2,EL,1,100,-6840.399902
1669722265.801268,1103754.000,43167,2,EL,1,100,-6841.000000
1669722265.867808,1103819.000,43184,1,EL,1,100,-6839.799805
1669722265.933325,1103883.000,43199,2,EL,1,100,-6840.799805
1669722265.998841,1103947.000,43199,2,EL,1,100,-6840.799805
1669722266.065382,1104012.000,43215,2,EL,1,100,-6839.600098
1669722266.131922,1104077.000,43215,2,EL,1,100,-6839.399902
1669722266.198462,1104142.000,43231,1,EL,1,100,-6840.600098
1669722266.266537,1104208.500,43248,2,EL,1,100,-6843.799805
1669722266.334613,1104275.000,43248,2,EL,1,100,-6844.200195
1669722266.402177,1104341.000,43265,1,EL,1,100,-6844.200195
1669722266.468717,1104406.000,43282,2,EL,1,100,-6847.399902
1669722266.535257,1104471.000,43282,2,EL,1,100,-6845.600098
1669722266.600773,1104535.000,43297,1,EL,1,100,-6845.399902
1669722266.667314,1104600.000,43312,2,EL,1,100,-6843.200195
1669722266.733854,1104665.000,43312,2,EL,1,100,-6841.000000
1669722266.798347,1104728.000,43327,1,EL,1,100,-6843.600098
1669722266.865910,1104794.000,43344,2,EL,1,100,-6845.399902
1669722266.933474,1104860.000,43344,2,EL,1,100,-6843.799805
1669722267.001038,1104926.000,43359,1,EL,1,100,-6840.600098
1669722267.067578,1104991.000,43375,2,EL,1,100,-6838.600098
1669722267.134118,1105056.000,43375,2,EL,1,100,-6840.600098
1669722267.200146,1105120.500,43392,2,EL,1,100,-6839.200195
1669722267.266175,1105185.000,43392,2,EL,1,100,-6844.399902
1669722267.333738,1105251.000,43408,1,EL,1,100,-6847.000000
1669722267.399255,1105315.000,43423,2,EL,1,100,-6848.200195
1669722267.464771,1105379.000,43423,2,EL,1,100,-6847.600098
1669722267.531312,1105444.000,43442,1,EL,1,100,-6845.799805
1669722267.597340,1105508.500,43456,2,EL,1,100,-6852.200195
1669722267.663368,1105573.000,43456,2,EL,1,100,-6851.200195
1669722267.730420,1105638.500,43472,2,EL,1,100,-6848.000000
1669722267.797472,1105704.000,43472,2,EL,1,100,-6845.399902
1669722267.862988,1105768.000,43488,1,EL,1,100,-6845.000000
1669722267.929528,1105833.000,43504,2,EL,1,100,-6846.799805
1669722267.996068,1105898.000,43504,2,EL,1,100,-6847.600098
1669722268.061585,1105962.000,43519,1,EL,1,100,-6847.399902
1669722268.128125,1106027.000,43535,2,EL,1,100,-6845.799805
1669722268.194665,1106092.000,43535,2,EL,1,100,-6848.600098
1669722268.260182,1106156.000,43552,1,EL,1,100,-6850.799805
1669722268.326722,1106221.000,43568,2,EL,1,100,-6849.000000
1669722268.393262,1106286.000,43568,2,EL,1,100,-6851.000000
1669722268.460314,1106351.500,43584,2,EL,1,100,-6851.000000
1669722268.527366,1106417.000,43584,2,EL,1,100,-6849.399902
1669722268.594930,1106483.000,43600,1,EL,1,100,-6846.600098
1669722268.661982,1106548.500,43614,2,EL,1,100,-6845.600098
1669722268.729033,1106614.000,43614,2,EL,1,100,-6852.200195
1669722268.795574,1106679.000,43630,1,EL,1,100,-6856.799805
1669722268.861090,1106743.000,43646,2,EL,1,100,-6855.799805
1669722268.926606,1106807.000,43646,2,EL,1,100,-6853.000000
1669722268.995194,1106874.000,43662,1,EL,1,100,-6855.200195
1669722269.062246,1106939.500,43676,2,EL,1,100,-6855.399902
1669722269.129298,1107005.000,43676,2,EL,1,100,-6856.200195
1669722269.195838,1107070.000,43693,1,EL,1,100,-6850.799805
1669722269.261866,1107134.500,43710,2,EL,1,100,-6850.000000
1669722269.327895,1107199.000,43710,2,EL,1,100,-6852.000000
1669722269.394435,1107264.000,43732,3,EL,1,100,-6851.799805
1669722269.460975,1107329.000,43732,3,EL,1,100,-6852.399902
1669722269.527515,1107394.000,43732,3,EL,1,100,-6855.000000
1669722269.595079,1107460.000,43747,1,EL,1,100,-6854.399902
1669722269.661107,1107524.500,43763,2,EL,1,100,-6853.799805
1669722269.727135,1107589.000,43763,2,EL,1,100,-6853.000000
1669722269.793675,1107654.000,43780,1,EL,1,100,-6854.000000
1669722269.859704,1107718.500,43796,2,EL,1,100,-6858.399902
1669722269.925732,1107783.000,43796,2,EL,1,100,-6858.600098
1669722269.993296,1107849.000,43811,1,EL,1,100,-6859.799805
1669722270.059324,1107913.500,43827,2,EL,1,100,-6858.600098
1669722270.125352,1107978.000,43827,2,EL,1,100,-6860.399902
1669722270.191892,1108043.000,43843,2,EL,1,100,-6859.399902
1669722270.258433,1108108.000,43843,2,EL,1,100,-6857.000000
1669722270.323949,1108172.000,43861,1,EL,1,100,-6856.200195
1669722270.390489,1108237.000,43875,2,EL,1,100,-6857.000000
1669722270.457029,1108302.000,43875,2,EL,1,100,-6856.200195
1669722270.522546,1108366.000,43892,1,EL,1,100,-6854.200195
1669722270.590621,1108432.500,43907,2,EL,1,100,-6860.799805
1669722270.658697,1108499.000,43907,2,EL,1,100,-6861.799805
1669722270.726261,1108565.000,43923,1,EL,1,100,-6859.399902
1669722270.792801,1108630.000,43940,2,EL,1,100,-6858.600098
1669722270.859341,1108695.000,43940,2,EL,1,100,-6859.799805
1669722270.925881,1108760.000,43956,1,EL,1,100,-6860.600098
1669722270.991398,1108824.000,43971,2,EL,1,100,-6858.200195
1669722271.056914,1108888.000,43971,2,EL,1,100,-6857.799805
1669722271.122942,1108952.500,43988,2,EL,1,100,-6859.600098
1669722271.188971,1109017.000,43988,2,EL,1,100,-6857.799805
1669722271.256534,1109083.000,44005,1,EL,1,100,-6858.600098
1669722271.324098,1109149.000,44020,2,EL,1,100,-6860.399902
1669722271.391662,1109215.000,44020,2,EL,1,100,-6860.600098
1669722271.458202,1109280.000,44035,1,EL,1,100,-6858.399902
1669722271.524230,1109344.500,44052,2,EL,1,100,-6856.799805
1669722271.590259,1109409.000,44052,2,EL,1,100,-6857.600098
1669722271.657822,1109475.000,44067,1,EL,1,100,-6859.799805
1669722271.723339,1109539.000,44082,2,EL,1,100,-6865.799805
1669722271.788855,1109603.000,44082,2,EL,1,100,-6864.399902
1669722271.856419,1109669.000,44098,1,EL,1,100,-6863.200195
1669722271.923983,1109735.000,44114,2,EL,1,100,-6863.600098
1669722271.991547,1109801.000,44114,2,EL,1,100,-6864.000000
1669722272.058087,1109866.000,44129,2,EL,1,100,-6865.000000
1669722272.124627,1109931.000,44129,2,EL,1,100,-6866.200195
1669722272.190143,1109995.000,44146,1,EL,1,100,-6867.399902
1669722272.257195,1110060.500,44162,2,EL,1,100,-6866.399902
1669722272.324247,1110126.000,44162,2,EL,1,100,-6864.399902
1669722272.389764,1110190.000,44178,1,EL,1,100,-6864.399902
1669722272.455792,1110254.500,44196,2,EL,1,100,-6865.000000
1669722272.521820,1110319.000,44196,2,EL,1,100,-6865.799805
1669722272.588360,1110384.000,44212,1,EL,1,100,-6865.600098
1669722272.653877,1110448.000,44226,2,EL,1,100,-6862.799805
1669722272.719393,1110512.000,44226,2,EL,1,100,-6858.799805
1669722272.785933,1110577.000,44242,1,EL,1,100,-6859.200195
1669722272.853497,1110643.000,44258,2,EL,1,100,-6862.000000
1669722272.921061,1110709.000,44258,2,EL,1,100,-6865.200195
1669722272.988625,1110775.000,44274,2,EL,1,100,-6870.600098
1669722273.056189,1110841.000,44274,2,EL,1,100,-6875.399902
1669722273.122729,1110906.000,44289,1,EL,1,100,-6873.600098
1669722273.188757,1110970.500,44307,2,EL,1,100,-6867.600098
1669722273.254785,1111035.000,44307,2,EL,1,100,-6868.000000
1669722273.321325,1111100.000,44322,1,EL,1,100,-6869.399902
1669722273.387354,1111164.500,44338,2,EL,1,100,-6866.399902
1669722273.453382,1111229.000,44338,2,EL,1,100,-6865.399902
1669722273.521969,1111296.000,44354,1,EL,1,100,-6865.799805
1669722273.589533,1111362.000,44371,2,EL,1,100,-6866.200195
1669722273.657097,1111428.000,44371,2,EL,1,100,-6867.000000
1669722273.723637,1111493.000,44386,1,EL,1,100,-6868.600098
1669722273.789665,1111557.500,44403,2,EL,1,100,-6873.600098
1669722273.855694,1111622.000,44403,2,EL,1,100,-6872.200195
1669722273.922234,1111687.000,44418,1,EL,1,100,-6866.600098
1669722273.988262,1111751.500,44434,2,EL,1,100,-6862.600098
1669722274.054290,1111816.000,44434,2,EL,1,100,-6866.000000
1669722274.120319,1111880.500,44449,2,EL,1,100,-6872.200195
1669722274.186347,1111945.000,44449,2,EL,1,100,-6872.399902
1669722274.252887,1112010.000,44467,1,EL,1,100,-6872.399902
1669722274.319427,1112075.000,44484,2,EL,1,100,-6871.000000
1669722274.385967,1112140.000,44484,2,EL,1,100,-6869.399902
1669722274.452507,1112205.000,44500,1,EL,1,100,-6866.799805
1669722274.519047,1112270.000,44515,2,EL,1,100,-6865.200195
1669722274.585588,1112335.000,44515,2,EL,1,100,-6865.200195
1669722274.651104,1112399.000,44536,2,EL,1,100,-6868.600098
1669722274.716620,1112463.000,44536,2,EL,1,100,-6869.200195
1669722274.783161,1112528.000,44552,2,EL,1,100,-6871.200195
1669722274.849701,1112593.000,44552,2,EL,1,100,-6870.600098
1669722274.916241,1112658.000,44567,2,EL,1,100,-6868.600098
1669722274.982781,1112723.000,44567,2,EL,1,100,-6871.000000
1669722275.049321,1112788.000,44582,1,EL,1,100,-6872.600098
1669722275.115861,1112853.000,44599,2,EL,1,100,-6875.399902
1669722275.182401,1112918.000,44599,2,EL,1,100,-6870.799805
1669722275.247918,1112982.000,44616,1,EL,1,100,-6870.600098
1669722275.313946,1113046.500,44631,2,EL,1,100,-6879.200195
1669722275.379974,1113111.000,44631,2,EL,1,100,-6883.200195
1669722275.446514,1113176.000,44646,1,EL,1,100,-6882.200195
1669722275.512031,1113240.000,44663,2,EL,1,100,-6875.399902
1669722275.577547,1113304.000,44663,2,EL,1,100,-6874.399902
1669722275.644087,1113369.000,44680,1,EL,1,100,-6874.399902
1669722275.710628,1113434.000,44696,2,EL,1,100,-6876.000000
1669722275.777168,1113499.000,44696,2,EL,1,100,-6877.000000
1669722275.844731,1113565.000,44711,2,EL,1,100,-6876.200195
1669722275.912295,1113631.000,44711,2,EL,1,100,-6874.799805
1669722275.977812,1113695.000,44727,1,EL,1,100,-6876.600098
1669722276.044864,1113760.500,44742,2,EL,1,100,-6876.200195
1669722276.111916,1113826.000,44742,2,EL,1,100,-6878.600098
1669722276.177432,1113890.000,44759,1,EL,1,100,-6879.399902
1669722276.244996,1113956.000,44775,2,EL,1,100,-6879.200195
1669722276.312560,1114022.000,44775,2,EL,1,100,-6879.600098
1669722276.380123,1114088.000,44791,1,EL,1,100,-6881.000000
1669722276.446664,1114153.000,44807,2,EL,1,100,-6879.600098
1669722276.513204,1114218.000,44807,2,EL,1,100,-6878.200195
1669722276.578720,1114282.000,44823,1,EL,1,100,-6881.799805
1669722276.645772,1114347.500,44838,2,EL,1,100,-6884.399902
1669722276.712824,1114413.000,44838,2,EL,1,100,-6882.000000
1669722276.778852,1114477.500,44854,2,EL,1,100,-6878.799805
1669722276.844881,1114542.000,44854,2,EL,1,100,-6878.200195
1669722276.910397,1114606.000,44869,1,EL,1,100,-6879.000000
1669722276.976425,1114670.500,44887,2,EL,1,100,-6878.600098
1669722277.042454,1114735.000,44887,2,EL,1,100,-6880.600098
1669722277.108994,1114800.000,44902,1,EL,1,100,-6882.399902
1669722277.175534,1114865.000,44920,2,EL,1,100,-6879.799805
1669722277.242074,1114930.000,44920,2,EL,1,100,-6879.799805
1669722277.308614,1114995.000,44935,1,EL,1,100,-6884.799805
1669722277.375154,1115060.000,44951,2,EL,1,100,-6887.000000
1669722277.441694,1115125.000,44951,2,EL,1,100,-6884.799805
1669722277.507211,1115189.000,44967,1,EL,1,100,-6880.000000
1669722277.572727,1115253.000,44983,2,EL,1,100,-6883.600098
1669722277.638243,1115317.000,44983,2,EL,1,100,-6886.200195
1669722277.704784,1115382.000,44997,2,EL,1,100,-6890.000000
1669722277.771324,1115447.000,44997,2,EL,1,100,-6888.000000
1669722277.837864,1115512.000,45014,1,EL,1,100,-6885.000000
1669722277.905940,1115578.500,45029,2,EL,1,100,-6883.399902
1669722277.974015,1115645.000,45029,2,EL,1,100,-6882.399902
1669722278.041579,1115711.000,45045,1,EL,1,100,-6885.600098
1669722278.108119,1115776.000,45060,2,EL,1,100,-6890.399902
1669722278.174659,1115841.000,45060,2,EL,1,100,-6890.399902
1669722278.240176,1115905.000,45078,1,EL,1,100,-6890.799805
1669722278.307228,1115970.500,45093,2,EL,1,100,-6889.799805
1669722278.374279,1116036.000,45093,2,EL,1,100,-6887.799805
1669722278.438772,1116099.000,45109,1,EL,1,100,-6886.399902
1669722278.506336,1116165.000,45125,2,EL,1,100,-6887.399902
1669722278.573900,1116231.000,45125,2,EL,1,100,-6884.000000
1669722278.640952,1116296.500,45140,2,EL,1,100,-6883.200195
1669722278.708004,1116362.000,45140,2,EL,1,100,-6886.000000
1669722278.774544,1116427.000,45155,1,EL,1,100,-6886.399902
1669722278.841084,1116492.000,45172,2,EL,1,100,-6886.200195
1669722278.907624,1116557.000,45172,2,EL,1,100,-6885.200195
1669722278.974164,1116622.000,45187,1,EL,1,100,-6885.600098
1669722279.039681,1116686.000,45202,2,EL,1,100,-6887.399902
1669722279.105197,1116750.000,45202,2,EL,1,100,-6888.600098
1669722279.172761,1116816.000,45218,1,EL,1,100,-6891.600098
1669722279.240325,1116882.000,45236,2,EL,1,100,-6891.600098
1669722279.307889,1116948.000,45236,2,EL,1,100,-6891.399902
1669722279.374429,1117013.000,45251,1,EL,1,100,-6893.600098
1669722279.440457,1117077.500,45267,2,EL,1,100,-6890.600098
1669722279.506485,1117142.000,45267,2,EL,1,100,-6888.000000
1669722279.574049,1117208.000,45284,1,EL,1,100,-6891.000000
1669722279.640589,1117273.000,45300,2,EL,1,100,-6891.000000
1669722279.707129,1117338.000,45300,2,EL,1,100,-6892.600098
1669722279.773669,1117403.000,45316,2,EL,1,100,-6896.399902
1669722279.840209,1117468.000,45316,2,EL,1,100,-6899.600098
1669722279.906238,1117532.500,45337,2,EL,1,100,-6899.600098
1669722279.972266,1117597.000,45337,2,EL,1,100,-6897.600098
1669722280.038294,1117661.500,45352,2,EL,1,100,-6895.799805
1669722280.104323,1117726.000,45352,2,EL,1,100,-6896.200195
1669722280.172910,1117793.000,45369,1,EL,1,100,-6894.000000
1669722280.240474,1117859.000,45385,2,EL,1,100,-6896.399902
1669722280.308038,1117925.000,45385,2,EL,1,100,-6898.399902
1669722280.374578,1117990.000,45401,1,EL,1,100,-6897.600098
1669722280.440606,1118054.500,45417,2,EL,1,100,-6900.799805
1669722280.506634,1118119.000,45417,2,EL,1,100,-6897.000000
1669722280.572663,1118183.500,45433,2,EL,1,100,-6894.600098
1669722280.638691,1118248.000,45433,2,EL,1,100,-6897.200195
1669722280.704207,1118312.000,45448,1,EL,1,100,-6898.799805
1669722280.771771,1118378.000,45466,2,EL,1,100,-6894.600098
1669722280.839335,1118444.000,45466,2,EL,1,100,-6895.200195
1669722280.907923,1118511.000,45481,1,EL,1,100,-6898.000000
1669722280.974463,1118576.000,45497,2,EL,1,100,-6897.600098
1669722281.041003,1118641.000,45497,2,EL,1,100,-6898.399902
1669722281.107543,1118706.000,45512,1,EL,1,100,-6902.000000
1669722281.174083,1118771.000,45530,2,EL,1,100,-6902.600098
1669722281.240623,1118836.000,45530,2,EL,1,100,-6901.200195
1669722281.306139,1118900.000,45545,1,EL,1,100,-6901.000000
1669722281.372168,1118964.500,45561,2,EL,1,100,-6899.600098
1669722281.438196,1119029.000,45561,2,EL,1,100,-6899.799805
1669722281.504224,1119093.500,45577,2,EL,1,100,-6900.799805
1669722281.570253,1119158.000,45577,2,EL,1,100,-6902.000000
1669722281.637816,1119224.000,45593,1,EL,1,100,-6903.200195
1669722281.703845,1119288.500,45607,2,EL,1,100,-6905.799805
1669722281.769873,1119353.000,45607,2,EL,1,100,-6908.600098
1669722281.837437,1119419.000,45624,1,EL,1,100,-6907.000000
1669722281.902953,1119483.000,45639,2,EL,1,100,-6905.000000
1669722281.968470,1119547.000,45639,2,EL,1,100,-6902.200195
1669722282.035010,1119612.000,45655,1,EL,1,100,-6901.200195
1669722282.101038,1119676.500,45670,2,EL,1,100,-6902.799805
1669722282.167066,1119741.000,45670,2,EL,1,100,-6902.200195
1669722282.234630,1119807.000,45690,1,EL,1,100,-6906.399902
1669722282.300658,1119871.500,45705,2,EL,1,100,-6905.399902
1669722282.366687,1119936.000,45705,2,EL,1,100,-6902.600098
1669722282.433227,1120001.000,45722,2,EL,1,100,-6901.200195
1669722282.499767,1120066.000,45722,2,EL,1,100,-6904.200195
1669722282.568354,1120133.000,45737,1,EL,1,100,-6905.200195
1669722282.634895,1120198.000,45752,2,EL,1,100,-6907.200195
1669722282.701435,1120263.000,45752,2,EL,1,100,-6908.399902
1669722282.767975,1120328.000,45767,1,EL,1,100,-6908.200195
1669722282.833491,1120392.000,45784,2,EL,1,100,-6907.799805
1669722282.899008,1120456.000,45784,2,EL,1,100,-6909.000000
1669722282.965548,1120521.000,45799,1,EL,1,100,-6910.799805
1669722283.032600,1120586.500,45814,2,EL,1,100,-6911.000000
1669722283.099652,1120652.000,45814,2,EL,1,100,-6909.399902
1669722283.166192,1120717.000,45830,1,EL,1,100,-6911.600098
1669722283.232732,1120782.000,45848,2,EL,1,100,-6912.000000
1669722283.299272,1120847.000,45848,2,EL,1,100,-6912.399902
1669722283.364789,1120911.000,45863,2,EL,1,100,-6909.399902
1669722283.430305,1120975.000,45863,2,EL,1,100,-6909.399902
1669722283.497869,1121041.000,45880,1,EL,1,100,-6910.399902
1669722283.565433,1121107.000,45894,2,EL,1,100,-6913.000000
1669722283.632996,1121173.000,45894,2,EL,1,100,-6912.600098
1669722283.699536,1121238.000,45912,1,EL,1,100,-6911.799805
1669722283.765565,1121302.500,45928,2,EL,1,100,-6910.799805
1669722283.831593,1121367.000,45928,2,EL,1,100,-6911.600098
1669722283.899157,1121433.000,45944,1,EL,1,100,-6910.799805
1669722283.965185,1121497.500,45958,2,EL,1,100,-6912.200195
1669722284.031213,1121562.000,45958,2,EL,1,100,-6913.799805
1669722284.098777,1121628.000,45974,1,EL,1,100,-6914.399902
1669722284.164805,1121692.500,45992,2,EL,1,100,-6914.399902
1669722284.230834,1121757.000,45992,2,EL,1,100,-6915.600098
1669722284.296862,1121821.500,46008,2,EL,1,100,-6913.399902
1669722284.362890,1121886.000,46008,2,EL,1,100,-6912.000000
1669722284.429430,1121951.000,46023,1,EL,1,100,-6912.799805
1669722284.495970,1122016.000,46039,2,EL,1,100,-6910.799805
1669722284.562510,1122081.000,46039,2,EL,1,100,-6912.200195
1669722284.628027,1122145.000,46054,1,EL,1,100,-6912.399902
1669722284.694567,1122210.000,46070,2,EL,1,100,-6919.200195
1669722284.761107,1122275.000,46070,2,EL,1,100,-6922.799805
1669722284.827647,1122340.000,46086,1,EL,1,100,-6923.200195
1669722284.893676,1122404.500,46103,2,EL,1,100,-6920.000000
1669722284.959704,1122469.000,46103,2,EL,1,100,-6917.000000
1669722285.026244,1122534.000,46118,1,EL,1,100,-6915.200195
1669722285.093467,1122599.667,46140,3,EL,1,100,-6916.600098
1669722285.160689,1122665.333,46140,3,EL,1,100,-6917.600098
1669722285.227912,1122731.000,46140,3,EL,1,100,-6917.600098
1669722285.295475,1122797.000,46157,1,EL,1,100,-6918.000000
1669722285.362016,1122862.000,46173,2,EL,1,100,-6915.600098
1669722285.428556,1122927.000,46173,2,EL,1,100,-6915.000000
1669722285.494072,1122991.000,46189,1,EL,1,100,-6917.399902
1669722285.561124,1123056.500,46205,2,EL,1,100,-6920.799805
1669722285.628176,1123122.000,46205,2,EL,1,100,-6921.200195
1669722285.693693,1123186.000,46219,2,EL,1,100,-6921.200195
1669722285.759209,1123250.000,46219,2,EL,1,100,-6923.600098
1669722285.826773,1123316.000,46236,1,EL,1,100,-6924.600098
1669722285.894337,1123382.000,46251,2,EL,1,100,-6918.399902
1669722285.961900,1123448.000,46251,2,EL,1,100,-6918.399902
1669722286.028440,1123513.000,46267,1,EL,1,100,-6919.399902
1669722286.094981,1123578.000,46282,2,EL,1,100,-6918.399902
1669722286.161521,1123643.000,46282,2,EL,1,100,-6917.000000
1669722286.228061,1123708.000,46300,1,EL,1,100,-6918.000000
1669722286.294089,1123772.500,46315,2,EL,1,100,-6919.399902
1669722286.360117,1123837.000,46315,2,EL,1,100,-6920.600098
1669722286.426658,1123902.000,46331,1,EL,1,100,-6923.600098
1669722286.492686,1123966.500,46347,2,EL,1,100,-6927.399902
1669722286.558714,1124031.000,46347,2,EL,1,100,-6925.200195
1669722286.625766,1124096.500,46362,2,EL,1,100,-6924.000000
1669722286.692818,1124162.000,46362,2,EL,1,100,-6926.200195
1669722286.758334,1124226.000,46377,1,EL,1,100,-6927.799805
1669722286.825898,1124292.000,46394,2,EL,1,100,-6928.799805
1669722286.893462,1124358.000,46394,2,EL,1,100,-6930.000000
1669722286.961026,1124424.000,46409,1,EL,1,100,-6929.799805
1669722287.027566,1124489.000,46424,2,EL,1,100,-6927.200195
1669722287.094106,1124554.000,46424,2,EL,1,100,-6925.399902
1669722287.159623,1124618.000,46440,1,EL,1,100,-6928.399902
1669722287.225651,1124682.500,46458,2,EL,1,100,-6931.200195
1669722287.291679,1124747.000,46458,2,EL,1,100,-6931.600098
1669722287.357196,1124811.000,46473,1,EL,1,100,-6929.000000
1669722287.424759,1124877.000,46490,2,EL,1,100,-6931.200195
1669722287.492323,1124943.000,46490,2,EL,1,100,-6933.399902
1669722287.559887,1125009.000,46504,2,EL,1,100,-6929.399902
1669722287.627451,1125075.000,46504,2,EL,1,100,-6922.600098
1669722287.693991,1125140.000,46520,1,EL,1,100,-6925.000000
1669722287.760019,1125204.500,46536,2,EL,1,100,-6928.399902
1669722287.826047,1125269.000,46536,2,EL,1,100,-6930.200195
1669722287.891564,1125333.000,46554,1,EL,1,100,-6933.600098
1669722287.958104,1125398.000,46568,2,EL,1,100,-6935.600098
1669722288.024644,1125463.000,46568,2,EL,1,100,-6935.799805
1669722288.091184,1125528.000,46584,1,EL,1,100,-6931.600098
1669722288.159260,1125594.500,46602,2,EL,1,100,-6925.000000
1669722288.227335,1125661.000,46602,2,EL,1,100,-6926.399902
1669722288.293876,1125726.000,46618,1,EL,1,100,-6928.399902
1669722288.359904,1125790.500,46634,2,EL,1,100,-6929.799805
1669722288.425932,1125855.000,46634,2,EL,1,100,-6930.000000
1669722288.493496,1125921.000,46651,1,EL,1,100,-6930.000000
1669722288.559012,1125985.000,46666,2,EL,1,100,-6928.799805
1669722288.624529,1126049.000,46666,2,EL,1,100,-6927.600098
1669722288.691069,1126114.000,46682,2,EL,1,100,-6929.600098
1669722288.757609,1126179.000,46682,2,EL,1,100,-6929.600098
1669722288.823126,1126243.000,46698,1,EL,1,100,-6928.600098
1669722288.890177,1126308.500,46713,2,EL,1,100,-6926.399902
1669722288.957229,1126374.000,46713,2,EL,1,100,-6928.399902
1669722289.022746,1126438.000,46728,1,EL,1,100,-6928.200195
1669722289.089286,1126503.000,46745,2,EL,1,100,-6936.200195
1669722289.155826,1126568.000,46745,2,EL,1,100,-6935.000000
1669722289.222366,1126633.000,46762,1,EL,1,100,-6933.399902
1669722289.288394,1126697.500,46778,2,EL,1,100,-6938.799805
1669722289.354423,1126762.000,46778,2,EL,1,100,-6938.600098
1669722289.420963,1126827.000,46793,2,EL,1,100,-6934.000000
1669722289.487503,1126892.000,46793,2,EL,1,100,-6931.399902
1669722289.554043,1126957.000,46809,1,EL,1,100,-6933.399902
1669722289.620583,1127022.000,46824,2,EL,1,100,-6932.799805
1669722289.687123,1127087.000,46824,2,EL,1,100,-6929.600098
1669722289.753664,1127152.000,46840,1,EL,1,100,-6930.200195
1669722289.821739,1127218.500,46855,2,EL,1,100,-6926.600098
1669722289.889815,1127285.000,46855,2,EL,1,100,-6926.399902
1669722289.956355,1127350.000,46871,1,EL,1,100,-6929.600098
1669722290.021871,1127414.000,46886,2,EL,1,100,-6927.000000
1669722290.087388,1127478.000,46886,2,EL,1,100,-6930.200195
1669722290.154952,1127544.000,46905,2,EL,1,100,-6934.000000
1669722290.222515,1127610.000,46905,2,EL,1,100,-6939.399902
1669722290.290079,1127676.000,46922,1,EL,1,100,-6940.600098
1669722290.356278,1127740.667,46943,3,EL,1,100,-6938.799805
1669722290.422477,1127805.333,46943,3,EL,1,100,-6936.399902
1669722290.488676,1127870.000,46943,3,EL,1,100,-6937.600098
1669722290.556240,1127936.000,46958,1,EL,1,100,-6942.799805
1669722290.622268,1128000.500,46973,2,EL,1,100,-6941.399902
1669722290.688296,1128065.000,46973,2,EL,1,100,-6937.399902
1669722290.754836,1128130.000,46989,2,EL,1,100,-6941.200195
1669722290.821377,1128195.000,46989,2,EL,1,100,-6936.399902
1669722290.889964,1128262.000,47005,1,EL,1,100,-6933.799805
1669722290.956504,1128327.000,47020,2,EL,1,100,-6940.799805
1669722291.023044,1128392.000,47020,2,EL,1,100,-6942.200195
1669722291.089584,1128457.000,47036,1,EL,1,100,-6944.000000
1669722291.156124,1128522.000,47053,2,EL,1,100,-6945.799805
1669722291.222665,1128587.000,47053,2,EL,1,100,-6943.000000
1669722291.288181,1128651.000,47069,1,EL,1,100,-6935.000000
1669722291.354721,1128716.000,47084,2,EL,1,100,-6926.600098
1669722291.421261,1128781.000,47084,2,EL,1,100,-6930.600098
1669722291.487801,1128846.000,47101,2,EL,1,100,-6936.200195
1669722291.554342,1128911.000,47101,2,EL,1,100,-6940.200195
1669722291.619858,1128975.000,47116,1,EL,1,100,-6944.799805
1669722291.686398,1129040.000,47131,2,EL,1,100,-6947.000000
1669722291.752938,1129105.000,47131,2,EL,1,100,-6949.799805
1669722291.820502,1129171.000,47147,1,EL,1,100,-6953.799805
1669722291.888066,1129237.000,47165,2,EL,1,100,-6955.200195
1669722291.955630,1129303.000,47165,2,EL,1,100,-6953.000000
1669722292.022170,1129368.000,47180,1,EL,1,100,-6946.399902
1669722292.088198,1129432.500,47197,2,EL,1,100,-6943.799805
1669722292.154226,1129497.000,47197,2,EL,1,100,-6942.600098
1669722292.220254,1129561.500,47213,2,EL,1,100,-6944.399902
1669722292.286283,1129626.000,47213,2,EL,1,100,-6945.399902
1669722292.351799,1129690.000,47229,1,EL,1,100,-6945.799805
1669722292.419363,1129756.000,47245,2,EL,1,100,-6942.399902
1669722292.486927,1129822.000,47245,2,EL,1,100,-6944.000000
1669722292.555514,1129889.000,47261,1,EL,1,100,-6950.399902
1669722292.622054,1129954.000,47275,2,EL,1,100,-6954.799805
1669722292.688595,1130019.000,47275,2,EL,1,100,-6953.200195
1669722292.755135,1130084.000,47291,1,EL,1,100,-6950.399902
1669722292.821675,1130149.000,47307,2,EL,1,100,-6948.000000
1669722292.888215,1130214.000,47307,2,EL,1,100,-6942.200195
1669722292.953731,1130278.000,47323,1,EL,1,100,-6942.399902
1669722293.020272,1130343.000,47338,2,EL,1,100,-6943.000000
1669722293.086812,1130408.000,47338,2,EL,1,100,-6944.200195
1669722293.154887,1130474.500,47356,2,EL,1,100,-6945.799805
1669722293.222963,1130541.000,47356,2,EL,1,100,-6950.600098
1669722293.289503,1130606.000,47371,1,EL,1,100,-6956.000000
1669722293.356043,1130671.000,47387,2,EL,1,100,-6962.399902
1669722293.422583,1130736.000,47387,2,EL,1,100,-6965.200195
1669722293.489123,1130801.000,47405,1,EL,1,100,-6960.000000
1669722293.554640,1130865.000,47420,2,EL,1,100,-6955.399902
1669722293.620156,1130929.000,47420,2,EL,1,100,-6951.600098
1669722293.686696,1130994.000,47435,1,EL,1,100,-6950.399902
1669722293.752725,1131058.500,47452,2,EL,1,100,-6945.600098
1669722293.818753,1131123.000,47452,2,EL,1,100,-6945.799805
1669722293.886317,1131189.000,47467,1,EL,1,100,-6951.000000
1669722293.952345,1131253.500,47483,2,EL,1,100,-6954.200195
1669722294.018373,1131318.000,47483,2,EL,1,100,-6957.000000
1669722294.085937,1131384.000,47500,2,EL,1,100,-6954.600098
1669722294.153501,1131450.000,47500,2,EL,1,100,-6957.600098
1669722294.222088,1131517.000,47518,1,EL,1,100,-6957.200195
1669722294.288628,1131582.000,47533,2,EL,1,100,-6948.000000
1669722294.355169,1131647.000,47533,2,EL,1,100,-6952.399902
1669722294.421709,1131712.000,47549,1,EL,1,100,-6958.600098
1669722294.487225,1131776.000,47564,2,EL,1,100,-6959.000000
1669722294.552742,1131840.000,47564,2,EL,1,100,-6958.799805
1669722294.618258,1131904.000,47580,1,EL,1,100,-6958.399902
1669722294.685310,1131969.500,47595,2,EL,1,100,-6960.600098
1669722294.752362,1132035.000,47595,2,EL,1,100,-6959.399902
1669722294.820949,1132102.000,47614,1,EL,1,100,-6959.399902
1669722294.888001,1132167.500,47628,2,EL,1,100,-6957.000000
1669722294.955053,1132233.000,47628,2,EL,1,100,-6955.799805
1669722295.021593,1132298.000,47644,1,EL,1,100,-6954.200195
1669722295.087110,1132362.000,47660,2,EL,1,100,-6954.200195
1669722295.152626,1132426.000,47660,2,EL,1,100,-6955.799805
1669722295.219167,1132491.000,47678,2,EL,1,100,-6954.799805
1669722295.285707,1132556.000,47678,2,EL,1,100,-6955.399902
1669722295.351223,1132620.000,47693,1,EL,1,100,-6957.200195
1669722295.417251,1132684.500,47709,2,EL,1,100,-6960.000000
1669722295.483279,1132749.000,47709,2,EL,1,100,-6959.799805
1669722295.550843,1132815.000,47724,1,EL,1,100,-6961.000000
1669722295.617383,1132880.000,47745,3,EL,1,100,-6960.200195
1669722295.683923,1132945.000,47745,3,EL,1,100,-6962.200195
1669722295.750464,1133010.000,47745,3,EL,1,100,-6959.200195
1669722295.815980,1133074.000,47761,1,EL,1,100,-6958.799805
1669722295.882008,1133138.500,47777,2,EL,1,100,-6958.000000
1669722295.948037,1133203.000,47777,2,EL,1,100,-6956.000000
1669722296.014577,1133268.000,47792,1,EL,1,100,-6954.600098
1669722296.081117,1133333.000,47809,2,EL,1,100,-6950.000000
1669722296.147657,1133398.000,47809,2,EL,1,100,-6952.600098
1669722296.213685,1133462.500,47825,2,EL,1,100,-6952.600098
1669722296.279714,1133527.000,47825,2,EL,1,100,-6957.399902
1669722296.347277,1133593.000,47841,1,EL,1,100,-6958.399902
1669722296.413306,1133657.500,47857,2,EL,1,100,-6957.600098
1669722296.479334,1133722.000,47857,2,EL,1,100,-6959.200195
1669722296.545874,1133787.000,47873,1,EL,1,100,-6961.200195
1669722296.611902,1133851.500,47887,2,EL,1,100,-6962.399902
1669722296.677931,1133916.000,47887,2,EL,1,100,-6961.799805
1669722296.744471,1133981.000,47903,1,EL,1,100,-6965.399902
1669722296.810499,1134045.500,47921,2,EL,1,100,-6964.600098
1669722296.876527,1134110.000,47921,2,EL,1,100,-6964.399902
1669722296.944091,1134176.000,47937,1,EL,1,100,-6964.600098
1669722297.011655,1134242.000,47952,2,EL,1,100,-6962.399902
1669722297.079219,1134308.000,47952,2,EL,1,100,-6962.000000
1669722297.145759,1134373.000,47970,3,EL,1,100,-6957.799805
1669722297.212299,1134438.000,47970,3,EL,1,100,-6959.000000
1669722297.278839,1134503.000,47970,3,EL,1,100,-6961.000000
1669722297.344355,1134567.000,47985,2,EL,1,100,-6959.399902
1669722297.409872,1134631.000,47985,2,EL,1,100,-6963.000000
1669722297.477436,1134697.000,48002,1,EL,1,100,-6965.600098
1669722297.544999,1134763.000,48016,2,EL,1,100,-6968.600098
1669722297.612563,1134829.000,48016,2,EL,1,100,-6969.799805
1669722297.679103,1134894.000,48032,2,EL,1,100,-6967.799805
1669722297.745644,1134959.000,48032,2,EL,1,100,-6962.799805
1669722297.812184,1135024.000,48048,1,EL,1,100,-6963.200195
1669722297.878212,1135088.500,48064,2,EL,1,100,-6966.600098
1669722297.944240,1135153.000,48064,2,EL,1,100,-6967.000000
1669722298.010780,1135218.000,48079,1,EL,1,100,-6968.000000
1669722298.078344,1135284.000,48095,2,EL,1,100,-6971.399902
1669722298.145908,1135350.000,48095,2,EL,1,100,-6964.799805
1669722298.213472,1135416.000,48112,1,EL,1,100,-6961.000000
1669722298.280012,1135481.000,48128,2,EL,1,100,-6966.799805
1669722298.346552,1135546.000,48128,2,EL,1,100,-6969.200195
1669722298.413092,1135611.000,48143,1,EL,1,100,-6972.799805
1669722298.479120,1135675.500,48159,2,EL,1,100,-6968.799805
1669722298.545149,1135740.000,48159,2,EL,1,100,-6968.399902
1669722298.612712,1135806.000,48174,1,EL,1,100,-6968.200195
1669722298.678741,1135870.500,48190,2,EL,1,100,-6966.200195
1669722298.744769,1135935.000,48190,2,EL,1,100,-6968.000000
1669722298.810285,1135999.000,48206,2,EL,1,100,-6969.399902
1669722298.875802,1136063.000,48206,2,EL,1,100,-6970.200195
1669722298.942342,1136128.000,48222,1,EL,1,100,-6971.799805
1669722299.008882,1136193.000,48236,2,EL,1,100,-6975.600098
1669722299.075422,1136258.000,48236,2,EL,1,100,-6971.799805
1669722299.142986,1136324.000,48253,1,EL,1,100,-6970.600098
1669722299.210550,1136390.000,48270,2,EL,1,100,-6973.399902
1669722299.278114,1136456.000,48270,2,EL,1,100,-6970.200195
1669722299.344654,1136521.000,48286,1,EL,1,100,-6967.799805
1669722299.410682,1136585.500,48301,2,EL,1,100,-6973.000000
1669722299.476710,1136650.000,48301,2,EL,1,100,-6976.600098
1669722299.542227,1136714.000,48317,2,EL,1,100,-6976.399902
1669722299.607743,1136778.000,48317,2,EL,1,100,-6975.399902
1669722299.675307,1136844.000,48332,1,EL,1,100,-6975.799805
1669722299.742871,1136910.000,48349,2,EL,1,100,-6980.600098
1669722299.810435,1136976.000,48349,2,EL,1,100,-6975.600098
1669722299.877486,1137041.500,48364,2,EL,1,100,-6973.600098
1669722299.944539,1137107.000,48364,2,EL,1,100,-6977.799805
1669722300.011079,1137172.000,48380,1,EL,1,100,-6982.200195
1669722300.077619,1137237.000,48395,2,EL,1,100,-6985.200195
1669722300.144159,1137302.000,48395,2,EL,1,100,-6982.799805
1669722300.209675,1137366.000,48413,1,EL,1,100,-6980.200195
1669722300.275703,1137430.500,48428,2,EL,1,100,-6977.000000
1669722300.341732,1137495.000,48428,2,EL,1,100,-6978.000000
1669722300.410319,1137562.000,48444,1,EL,1,100,-6981.799805
1669722300.477371,1137627.500,48460,2,EL,1,100,-6978.000000
1669722300.544423,1137693.000,48460,2,EL,1,100,-6976.200195
1669722300.610451,1137757.500,48475,2,EL,1,100,-6981.000000
1669722300.676480,1137822.000,48475,2,EL,1,100,-6979.799805
1669722300.744044,1137888.000,48490,1,EL,1,100,-6978.799805
1669722300.809901,1137952.333,48512,3,EL,1,100,-6979.399902
1669722300.875759,1138016.667,48512,3,EL,1,100,-6979.000000
1669722300.941617,1138081.000,48512,3,EL,1,100,-6980.399902
1669722301.008157,1138146.000,48528,2,EL,1,100,-6979.799805
1669722301.074697,1138211.000,48528,2,EL,1,100,-6979.200195
1669722301.140725,1138275.500,48544,2,EL,1,100,-6981.000000
1669722301.206753,1138340.000,48544,2,EL,1,100,-6987.200195
1669722301.272270,1138404.000,48562,1,EL,1,100,-6986.799805
1669722301.339322,1138469.500,48577,2,EL,1,100,-6984.399902
1669722301.406374,1138535.000,48577,2,EL,1,100,-6983.200195
1669722301.474961,1138602.000,48594,1,EL,1,100,-6984.399902
1669722301.542013,1138667.500,48608,2,EL,1,100,-6983.399902
1669722301.609065,1138733.000,48608,2,EL,1,100,-6986.200195
1669722301.675605,1138798.000,48624,1,EL,1,100,-6990.200195
1669722301.741122,1138862.000,48640,2,EL,1,100,-6986.200195
1669722301.806638,1138926.000,48640,2,EL,1,100,-6987.399902
1669722301.873178,1138991.000,48656,2,EL,1,100,-6987.799805
1669722301.939718,1139056.000,48656,2,EL,1,100,-6991.399902
1669722302.006258,1139121.000,48671,1,EL,1,100,-6985.000000
1669722302.074334,1139187.500,48688,2,EL,1,100,-6984.399902
1669722302.142410,1139254.000,48688,2,EL,1,100,-6985.000000
1669722302.208950,1139319.000,48704,2,EL,1,100,-6983.399902
1669722302.275490,1139384.000,48704,2,EL,1,100,-6981.600098
1669722302.342030,1139449.000,48720,1,EL,1,100,-6981.799805
1669722302.408058,1139513.500,48736,2,EL,1,100,-6980.200195
1669722302.474087,1139578.000,48736,2,EL,1,100,-6985.799805
1669722302.542674,1139645.000,48752,1,EL,1,100,-6989.799805
1669722302.608702,1139709.500,48766,2,EL,1,100,-6989.200195
1669722302.674731,1139774.000,48766,2,EL,1,100,-6989.600098
1669722302.741271,1139839.000,48782,1,EL,1,100,-6987.399902
1669722302.807811,1139904.000,48798,2,EL,1,100,-6987.000000
1669722302.874351,1139969.000,48798,2,EL,1,100,-6986.000000
1669722302.939867,1140033.000,48814,1,EL,1,100,-6984.200195
1669722303.006408,1140098.000,48828,2,EL,1,100,-6985.799805
1669722303.072948,1140163.000,48828,2,EL,1,100,-6982.600098
1669722303.139488,1140228.000,48845,2,EL,1,100,-6982.600098
1669722303.206028,1140293.000,48845,2,EL,1,100,-6984.799805
1669722303.271544,1140357.000,48862,1,EL,1,100,-6984.799805
1669722303.338084,1140422.000,48878,2,EL,1,100,-6987.399902
1669722303.404625,1140487.000,48878,2,EL,1,100,-6986.600098
1669722303.471165,1140552.000,48894,1,EL,1,100,-6987.000000
1669722303.537705,1140617.000,48909,2,EL,1,100,-6987.000000
1669722303.604245,1140682.000,48909,2,EL,1,100,-6991.200195
1669722303.669761,1140746.000,48924,1,EL,1,100,-6991.000000
1669722303.736301,1140811.000,48941,2,EL,1,100,-6987.600098
1669722303.802842,1140876.000,48941,2,EL,1,100,-6985.399902
