LocalTimestamp,EmotiBitTimestamp,PacketNumber,DataLength,TypeTag,ProtocolVersion,DataReliability,SR
1667057618.890877,228845,35891,1,SR,1,100,0.200000
1667057619.227736,229174,35942,1,SR,1,100,0.266667
1667057619.759133,229693,36071,1,SR,1,100,0.466667
1667057620.490188,230407,36171,1,SR,1,100,0.400000
1667057621.153666,231055,36284,1,SR,1,100,0.466667
1667057621.746496,231634,36355,1,SR,1,100,0.333333
1667057622.351613,232225,36405,1,SR,1,100,0.066667
1667057622.554343,232423,36440,1,SR,1,100,0.066667
1667057622.752977,232617,36553,1,SR,1,100,0.533333
1667057623.420551,233269,36587,1,SR,1,100,0.066667
1667057623.752290,233593,36668,1,SR,1,100,0.266667
1667057624.552969,234375,36828,1,SR,1,100,0.533333
1667057625.752964,235547,36942,1,SR,1,100,0.066667
1667057625.951598,235741,36975,1,SR,1,100,0.066667
1667057626.284361,236066,37072,1,SR,1,100,0.333333
1667057627.019511,236784,37144,1,SR,1,100,0.133333
1667057627.287770,237046,37242,1,SR,1,100,0.466667
1667057628.151930,237890,37324,1,SR,1,100,0.133333
1667057628.681279,238407,37438,1,SR,1,100,0.266667
1667057629.210629,238924,37506,1,SR,1,100,0.133333
1667057629.743049,239444,37617,1,SR,1,100,0.333333
1667057630.610281,240291,37731,1,SR,1,100,0.200000
1667057630.942020,240615,37796,1,SR,1,100,0.266667
1667057631.475465,241136,37895,1,SR,1,100,0.400000
1667057632.274097,241916,37996,1,SR,1,100,0.266667
1667057632.806518,242436,38094,1,SR,1,100,0.400000
1667057633.468972,243083,38241,1,SR,1,100,0.600000
1667057634.202075,243799,38291,1,SR,1,100,0.200000
1667057634.669991,244256,38373,1,SR,1,100,0.266667
1667057635.336541,244907,38473,1,SR,1,100,0.200000
1667057635.933467,245490,38553,1,SR,1,100,0.133333
1667057636.330735,245878,38621,1,SR,1,100,0.133333
1667057636.865204,246400,38685,1,SR,1,100,0.066667
1667057637.065885,246596,38718,1,SR,1,100,0.066667
1667057637.266567,246792,38777,1,SR,1,100,0.266667
1667057637.933117,247443,38859,1,SR,1,100,0.066667
1667057638.134823,247640,38892,1,SR,1,100,0.066667
1667057638.334481,247835,38913,1,SR,1,100,0.066667
1667057638.531067,248027,38945,1,SR,1,100,0.066667
1667057638.867926,248356,39010,1,SR,1,100,0.133333
1667057639.532428,249005,39172,1,SR,1,100,0.466667
1667057640.260411,249716,39240,1,SR,1,100,0.133333
1667057640.526622,249976,39319,1,SR,1,100,0.400000
1667057641.061090,250498,39404,1,SR,1,100,0.400000
1667057641.590440,251015,39453,1,SR,1,100,0.133333
1667057642.122861,251535,39537,1,SR,1,100,0.200000
1667057642.588729,251990,39641,1,SR,1,100,0.400000
1667057643.252207,252638,39723,1,SR,1,100,0.333333
1667057643.982238,253351,39835,1,SR,1,100,0.266667
1667057644.384626,253744,39871,1,SR,1,100,0.133333
1667057644.650836,254004,39920,1,SR,1,100,0.133333
1667057645.182233,254523,40050,1,SR,1,100,0.400000
1667057645.848783,255174,40130,1,SR,1,100,0.266667
1667057646.515333,255825,40230,1,SR,1,100,0.266667
1667057647.181884,256476,40344,1,SR,1,100,0.333333
1667057648.176077,257447,40512,1,SR,1,100,0.400000
1667057648.845699,258101,40592,1,SR,1,100,0.266667
1667057649.381192,258624,40645,1,SR,1,100,0.066667
1667057649.711907,258947,40724,1,SR,1,100,0.200000
1667057650.043646,259271,40791,1,SR,1,100,0.266667
1667057650.442962,259661,40842,1,SR,1,100,0.266667
1667057650.840230,260049,40906,1,SR,1,100,0.200000
1667057651.175041,260376,40957,1,SR,1,100,0.266667
1667057651.573333,260765,40990,1,SR,1,100,0.066667
1667057651.775038,260962,41039,1,SR,1,100,0.133333
1667057652.039201,261220,41089,1,SR,1,100,0.133333
1667057652.305411,261480,41110,1,SR,1,100,0.066667
1667057652.772304,261936,41204,1,SR,1,100,0.133333
1667057653.036466,262194,41246,1,SR,1,100,0.200000
1667057653.372301,262522,41314,1,SR,1,100,0.266667
1667057653.901650,263039,41393,1,SR,1,100,0.266667
1667057654.433047,263558,41478,1,SR,1,100,0.266667
1667057654.830315,263946,41637,1,SR,1,100,0.866667
1667057656.495155,265572,41766,1,SR,1,100,0.066667
1667057656.695837,265768,41799,1,SR,1,100,0.066667
1667057656.894470,265962,41847,1,SR,1,100,0.133333
1667057657.161705,266223,41883,1,SR,1,100,0.133333
1667057657.425868,266481,41933,1,SR,1,100,0.133333
1667057657.829279,266875,42047,1,SR,1,100,0.533333
1667057658.627910,267655,42150,1,SR,1,100,0.333333
1667057659.095826,268112,42168,1,SR,1,100,0.066667
1667057659.294460,268306,42218,1,SR,1,100,0.133333
1667057659.557599,268563,42268,1,SR,1,100,0.200000
1667057660.160668,269152,42365,1,SR,1,100,0.200000
1667057660.891723,269866,42511,1,SR,1,100,0.400000
1667057661.422096,270384,42544,1,SR,1,100,0.066667
1667057662.880111,271808,42885,1,SR,1,100,0.866667
1667057664.676008,273562,43093,1,SR,1,100,0.466667
1667057665.544263,274410,43222,1,SR,1,100,0.400000
1667057666.077708,274931,43288,1,SR,1,100,0.266667
1667057666.743234,275581,43481,1,SR,1,100,0.866667
1667057668.141863,276947,43627,1,SR,1,100,0.333333
1667057668.874966,277663,43714,1,SR,1,100,0.266667
1667057669.274282,278053,43827,1,SR,1,100,0.600000
1667057670.539805,279289,43957,1,SR,1,100,0.066667
1667057671.341508,280072,44180,1,SR,1,100,0.733333
1667057672.207716,280918,44218,1,SR,1,100,0.133333
1667057672.606008,281307,44266,1,SR,1,100,0.066667
1667057672.807714,281504,44299,1,SR,1,100,0.066667
1667057673.271534,281957,44444,1,SR,1,100,0.533333
1667057674.469481,283127,44593,1,SR,1,100,0.333333
1667057675.067431,283711,44691,1,SR,1,100,0.400000
1667057675.867086,284492,44786,1,SR,1,100,0.200000
1667057676.464012,285075,44918,1,SR,1,100,0.466667
1667057677.329196,285920,45064,1,SR,1,100,0.533333
1667057678.262981,286832,45209,1,SR,1,100,0.466667
1667057679.129189,287678,45332,1,SR,1,100,0.466667
1667057679.729186,288264,45381,1,SR,1,100,0.200000
1667057680.464337,288982,45511,1,SR,1,100,0.333333
1667057681.061262,289565,45593,1,SR,1,100,0.200000
1667057681.390954,289887,45626,1,SR,1,100,0.133333
1667057681.794365,290281,45693,1,SR,1,100,0.133333
1667057682.594020,291062,45837,1,SR,1,100,0.200000
1667057683.059889,291517,45921,1,SR,1,100,0.266667
1667057683.858520,292297,46066,1,SR,1,100,0.400000
1667057685.054420,293465,46196,1,SR,1,100,0.133333
1667057685.586840,293985,46280,1,SR,1,100,0.066667
1667057685.787522,294181,46344,1,SR,1,100,0.333333
1667057686.651682,295025,46491,1,SR,1,100,0.333333
1667057687.516866,295870,46668,1,SR,1,100,0.600000
1667057688.511060,296841,46846,1,SR,1,100,0.800000
1667057690.779993,299057,47091,1,SR,1,100,0.133333
1667057691.046203,299317,47172,1,SR,1,100,0.400000
1667057692.177598,300422,47364,1,SR,1,100,0.466667
1667057692.910700,301138,47510,1,SR,1,100,0.666667
1667057694.313425,302508,47687,1,SR,1,100,0.400000
1667057695.108984,303285,47756,1,SR,1,100,0.066667
1667057695.307618,303479,47809,1,SR,1,100,0.266667
1667057696.701128,304840,48015,1,SR,1,100,0.133333
1667057696.969386,305102,48049,1,SR,1,100,0.066667
1667057697.301125,305426,48101,1,SR,1,100,0.066667
1667057697.634912,305752,48197,1,SR,1,100,0.333333
1667057698.098733,306205,48248,1,SR,1,100,0.200000
1667057698.566649,306662,48314,1,SR,1,100,0.133333
1667057699.366304,307443,48460,1,SR,1,100,0.266667
1667057699.896677,307961,48510,1,SR,1,100,0.066667
1667057700.361522,308415,48581,1,SR,1,100,0.066667
1667057700.559132,308608,48645,1,SR,1,100,0.266667
1667057701.093601,309130,48729,1,SR,1,100,0.333333
1667057701.563565,309589,48763,1,SR,1,100,0.066667
1667057701.895304,309913,48827,1,SR,1,100,0.133333
1667057702.294620,310303,48878,1,SR,1,100,0.066667
1667057703.284718,311270,49087,1,SR,1,100,0.400000
1667057703.952292,311922,49151,1,SR,1,100,0.133333
1667057704.220550,312184,49204,1,SR,1,100,0.133333
1667057705.282320,313221,49382,1,SR,1,100,0.266667
1667057705.682660,313612,49450,1,SR,1,100,0.333333
1667057706.617468,314525,49582,1,SR,1,100,0.266667
1667057707.147841,315043,49678,1,SR,1,100,0.333333
1667057707.945449,315822,49808,1,SR,1,100,0.400000
1667057708.611999,316473,49874,1,SR,1,100,0.133333
1667057709.142372,316991,50019,1,SR,1,100,0.533333
1667057709.937932,317768,50101,1,SR,1,100,0.200000
1667057710.401752,318221,50136,1,SR,1,100,0.133333
1667057710.803116,318613,50207,1,SR,1,100,0.133333
1667057711.469666,319264,50289,1,SR,1,100,0.066667
1667057712.065568,319846,50433,1,SR,1,100,0.400000
1667057712.735190,320500,50482,1,SR,1,100,0.066667
1667057712.934848,320695,50611,1,SR,1,100,0.666667
1667057714.263852,321993,50773,1,SR,1,100,0.400000
1667057715.460775,323162,50949,1,SR,1,100,0.333333
1667057716.055654,323743,51006,1,SR,1,100,0.133333
1667057716.981247,324647,51154,1,SR,1,100,0.200000
1667057717.314010,324972,51187,1,SR,1,100,0.066667
1667057717.513668,325167,51220,1,SR,1,100,0.066667
1667057717.842335,325488,51284,1,SR,1,100,0.200000
1667057719.175436,326790,51542,1,SR,1,100,0.533333
1667057719.972019,327568,51642,1,SR,1,100,0.333333
1667057720.573040,328155,51723,1,SR,1,100,0.333333
1667057721.505801,329066,51826,1,SR,1,100,0.066667
1667057721.704435,329260,51877,1,SR,1,100,0.200000
1667057722.299313,329841,51959,1,SR,1,100,0.133333
1667057722.767229,330298,52056,1,SR,1,100,0.333333
1667057723.369274,330886,52125,1,SR,1,100,0.133333
1667057723.634461,331145,52173,1,SR,1,100,0.133333
1667057723.897600,331402,52242,1,SR,1,100,0.333333
1667057724.764832,332249,52338,1,SR,1,100,0.066667
1667057725.297253,332769,52498,1,SR,1,100,0.600000
1667057726.031379,333486,52533,1,SR,1,100,0.133333
1667057726.296566,333745,52591,1,SR,1,100,0.200000
1667057726.621138,334062,52610,1,SR,1,100,0.200000
1667057727.425913,334848,52708,1,SR,1,100,0.200000
1667057727.894853,335306,52806,1,SR,1,100,0.400000
1667057728.689389,336082,52903,1,SR,1,100,0.266667
1667057729.087680,336471,52939,1,SR,1,100,0.066667
1667057729.618053,336989,53049,1,SR,1,100,0.266667
1667057730.286651,337642,53165,1,SR,1,100,0.266667
1667057731.084259,338421,53277,1,SR,1,100,0.266667
1667057731.746713,339068,53415,1,SR,1,100,0.466667
1667057733.083909,340374,53703,1,SR,1,100,1.000000
1667057734.883902,342132,53865,1,SR,1,100,0.200000
1667057735.479803,342714,53976,1,SR,1,100,0.333333
1667057736.076729,343297,54058,1,SR,1,100,0.333333
1667057736.805736,344009,54193,1,SR,1,100,0.466667
1667057737.740545,344922,54306,1,SR,1,100,0.200000
1667057738.602657,345764,54435,1,SR,1,100,0.200000
1667057739.936781,347067,54661,1,SR,1,100,0.333333
1667057740.667836,347781,54743,1,SR,1,100,0.066667
1667057741.398891,348495,54886,1,SR,1,100,0.333333
1667057742.066465,349147,54956,1,SR,1,100,0.066667
1667057742.664415,349731,55106,1,SR,1,100,0.466667
1667057744.126524,351159,55332,1,SR,1,100,0.400000
1667057744.794098,351811,55396,1,SR,1,100,0.133333
1667057745.658259,352655,55540,1,SR,1,100,0.200000
1667057747.059959,354024,55768,1,SR,1,100,0.266667
1667057747.657909,354608,55838,1,SR,1,100,0.200000
1667057748.521045,355451,55983,1,SR,1,100,0.266667
1667057749.187595,356102,56098,1,SR,1,100,0.333333
1667057751.112502,357982,56451,1,SR,1,100,0.666667
1667057753.778702,360586,56828,1,SR,1,100,0.400000
1667057754.446276,361238,56892,1,SR,1,100,0.200000
1667057755.043202,361821,57038,1,SR,1,100,0.533333
1667057756.110091,362863,57213,1,SR,1,100,0.600000
1667057756.842170,363578,57329,1,SR,1,100,0.666667
1667057759.569804,366242,57653,1,SR,1,100,0.066667
1667057759.968096,366631,57753,1,SR,1,100,0.266667
1667057760.764679,367409,57914,1,SR,1,100,0.533333
1667057761.964674,368581,58123,1,SR,1,100,0.600000
1667057762.697777,369297,58157,1,SR,1,100,0.066667
1667057763.028492,369620,58207,1,SR,1,100,0.133333
1667057763.562961,370142,58339,1,SR,1,100,0.400000
1667057764.626779,371181,58454,1,SR,1,100,0.066667
1667057764.826437,371376,58505,1,SR,1,100,0.200000
1667057765.158176,371700,58540,1,SR,1,100,0.133333
1667057765.826774,372353,58669,1,SR,1,100,0.200000
1667057766.293666,372809,58719,1,SR,1,100,0.133333
1667057766.960216,373460,58862,1,SR,1,100,0.400000
1667057767.493661,373981,58943,1,SR,1,100,0.333333
1667057768.362941,374830,59108,1,SR,1,100,0.533333
1667057769.025395,375477,59128,1,SR,1,100,0.066667
1667057770.157814,376583,59367,1,SR,1,100,0.400000
1667057771.355761,377753,59497,1,SR,1,100,0.066667
1667057771.820605,378207,59627,1,SR,1,100,0.400000
1667057772.618213,378986,59739,1,SR,1,100,0.333333
1667057773.085105,379442,59775,1,SR,1,100,0.066667
1667057773.284763,379637,59809,1,SR,1,100,0.133333
1667057773.550973,379897,59859,1,SR,1,100,0.133333
1667057774.487829,380812,60024,1,SR,1,100,0.333333
1667057775.219908,381527,60124,1,SR,1,100,0.200000
1667057775.955059,382245,60252,1,SR,1,100,0.333333
1667057777.217511,383478,60494,1,SR,1,100,0.600000
1667057778.084743,384325,60576,1,SR,1,100,0.200000
1667057778.418530,384651,60624,1,SR,1,100,0.266667
1667057779.080984,385298,60741,1,SR,1,100,0.333333
1667057779.809991,386010,60838,1,SR,1,100,0.266667
1667057780.880976,387056,61031,1,SR,1,100,0.400000
1667057781.879266,388031,61143,1,SR,1,100,0.133333
1667057782.145476,388291,61210,1,SR,1,100,0.266667
1667057782.546840,388683,61243,1,SR,1,100,0.133333
1667057782.814074,388944,61309,1,SR,1,100,0.200000
1667057783.147861,389270,61342,1,SR,1,100,0.133333
1667057783.679258,389789,61440,1,SR,1,100,0.200000
1667057786.210305,392261,61831,1,SR,1,100,0.200000
1667057786.676174,392716,61897,1,SR,1,100,0.133333
1667057787.073442,393104,62026,1,SR,1,100,0.600000
1667057787.944769,393955,62123,1,SR,1,100,0.400000
1667057788.876506,394865,62237,1,SR,1,100,0.133333
1667057789.144764,395127,62272,1,SR,1,100,0.133333
1667057789.409950,395386,62344,1,SR,1,100,0.333333
1667057790.607898,396556,62487,1,SR,1,100,0.066667
1667057790.806532,396750,62602,1,SR,1,100,0.533333
1667057792.066936,397981,62765,1,SR,1,100,0.333333
1667057792.534852,398438,62798,1,SR,1,100,0.066667
1667057793.135873,399025,62895,1,SR,1,100,0.066667
1667057793.730752,399606,63057,1,SR,1,100,0.533333
1667057794.536550,400393,63121,1,SR,1,100,0.133333
1667057795.067947,400912,63208,1,SR,1,100,0.200000
1667057795.401734,401238,63274,1,SR,1,100,0.266667
1667057796.200366,402018,63371,1,SR,1,100,0.133333
1667057796.466576,402278,63421,1,SR,1,100,0.133333
1667057796.867939,402670,63552,1,SR,1,100,0.600000
1667057797.865205,403644,63664,1,SR,1,100,0.266667
1667057798.529707,404293,63762,1,SR,1,100,0.200000
1667057798.862470,404618,63813,1,SR,1,100,0.266667
1667057799.663150,405400,63926,1,SR,1,100,0.200000
1667057799.994889,405724,63982,1,SR,1,100,0.200000
1667057800.328676,406050,64016,1,SR,1,100,0.066667
1667057800.795568,406506,64097,1,SR,1,100,0.133333
1667057801.459046,407154,64369,1,SR,1,100,1.266667
1667057804.056646,409691,64610,1,SR,1,100,0.133333
1667057805.383603,410987,64794,1,SR,1,100,0.066667
1667057805.719438,411315,64937,1,SR,1,100,0.600000
1667057806.717727,412290,65018,1,SR,1,100,0.200000
1667057807.454926,413010,65132,1,SR,1,100,0.133333
1667057808.252533,413789,65261,1,SR,1,100,0.200000
1667057808.722497,414248,65341,1,SR,1,100,0.200000
1667057809.323518,414835,65521,1,SR,1,100,0.733333
1667057810.449793,415935,49,1,SR,1,100,0.066667
1667057811.048767,416520,182,1,SR,1,100,0.266667
1667057812.380843,417821,361,1,SR,1,100,0.066667
1667057813.240908,418661,583,1,SR,1,100,0.666667
1667057814.776737,420161,776,1,SR,1,100,0.400000
1667057815.577417,420943,857,1,SR,1,100,0.066667
1667057816.110862,421464,1004,1,SR,1,100,0.533333
1667057817.507443,422828,1215,1,SR,1,100,0.533333
1667057818.177064,423482,1248,1,SR,1,100,0.066667
1667057818.374675,423675,1297,1,SR,1,100,0.200000
1667057818.842591,424132,1345,1,SR,1,100,0.066667
1667057819.311531,424590,1476,1,SR,1,100,0.466667
1667057820.176715,425435,1592,1,SR,1,100,0.266667
1667057820.575006,425824,1757,1,SR,1,100,1.000000
1667057823.641546,428819,2174,1,SR,1,100,0.800000
1667057826.702967,431809,2650,1,SR,1,100,0.800000
1667057829.902612,434934,3144,1,SR,1,100,0.866667
1667057832.096801,437077,3417,1,SR,1,100,0.466667
1667057832.694750,437661,3483,1,SR,1,100,0.266667
1667057833.495430,438443,3597,1,SR,1,100,0.266667
1667057834.425118,439351,3710,1,SR,1,100,0.066667
1667057836.624427,441499,4061,1,SR,1,100,0.266667
1667057837.158895,442021,4146,1,SR,1,100,0.266667
1667057837.559235,442412,4321,1,SR,1,100,1.000000
1667057839.622366,444427,4815,1,SR,1,100,2.266667
1667057853.013777,457506,6582,1,SR,1,100,0.400000
1667057867.533511,471687,8777,1,SR,1,100,0.200000
1667057867.996307,472139,8843,1,SR,1,100,0.133333
1667057868.265590,472402,8893,1,SR,1,100,0.133333
1667057875.929380,479887,10054,1,SR,1,100,0.066667
1667057876.132109,480085,10134,1,SR,1,100,0.400000
1667057876.794564,480732,10232,1,SR,1,100,0.333333
1667057877.392514,481316,10313,1,SR,1,100,0.200000
1667057878.723566,482616,10571,1,SR,1,100,0.600000
1667057880.521510,484372,10793,1,SR,1,100,0.200000
1667057883.187711,486976,11196,1,SR,1,100,0.133333
1667057883.456993,487239,11243,1,SR,1,100,0.133333
1667057884.650845,488405,11436,1,SR,1,100,0.200000
1667057885.251866,488992,11553,1,SR,1,100,0.400000
1667057886.314660,490030,11681,1,SR,1,100,0.066667
1667057886.513294,490224,11715,1,SR,1,100,0.133333
1667057887.044691,490743,11814,1,SR,1,100,0.266667
1667057889.237856,492885,12147,1,SR,1,100,0.200000
1667057889.572667,493212,12196,1,SR,1,100,0.133333
1667057892.629992,496198,12658,1,SR,1,100,0.133333
1667057893.031355,496590,12724,1,SR,1,100,0.200000
1667057893.763434,497305,12869,1,SR,1,100,0.400000
1667057894.429984,497956,12935,1,SR,1,100,0.066667
1667057894.760699,498279,12983,1,SR,1,100,0.066667
1667057894.958309,498472,13035,1,SR,1,100,0.200000
1667057896.223833,499708,13226,1,SR,1,100,0.200000
1667057896.690725,500164,13324,1,SR,1,100,0.333333
1667057897.425876,500882,13419,1,SR,1,100,0.266667
1667057898.151811,501591,13519,1,SR,1,100,0.133333
1667057898.748737,502174,13649,1,SR,1,100,0.333333
1667057900.011189,503407,13828,1,SR,1,100,0.200000
1667057901.209136,504577,14007,1,SR,1,100,0.133333
1667057901.472275,504834,14057,1,SR,1,100,0.200000
1667057901.809134,505163,14092,1,SR,1,100,0.133333
1667057902.473636,505812,14206,1,SR,1,100,0.200000
1667057903.601959,506914,14380,1,SR,1,100,0.133333
1667057903.869193,507175,14496,1,SR,1,100,0.666667
1667057904.672944,507960,14531,1,SR,1,100,0.066667
1667057904.871578,508154,14582,1,SR,1,100,0.133333
1667057905.270894,508544,14646,1,SR,1,100,0.133333
1667057905.801267,509062,14759,1,SR,1,100,0.333333
1667057906.663379,509904,14937,1,SR,1,100,0.666667
1667057908.128561,511335,15144,1,SR,1,100,0.533333
1667057908.789991,511981,15194,1,SR,1,100,0.133333
1667057909.061321,512246,15227,1,SR,1,100,0.133333
1667057909.324460,512503,15261,1,SR,1,100,0.066667
1667057909.924458,513089,15358,1,SR,1,100,0.066667
1667057910.388278,513542,15424,1,SR,1,100,0.066667
1667057910.587936,513737,15458,1,SR,1,100,0.066667
1667057910.786570,513931,15524,1,SR,1,100,0.266667
1667057911.583154,514709,15620,1,SR,1,100,0.066667
1667057912.119670,515233,15717,1,SR,1,100,0.200000
1667057912.450386,515556,15781,1,SR,1,100,0.200000
1667057913.047311,516139,15866,1,SR,1,100,0.200000
1667057913.379050,516463,15914,1,SR,1,100,0.133333
1667057913.777342,516852,15983,1,SR,1,100,0.133333
1667057914.044577,517113,16015,1,SR,1,100,0.066667
1667057914.245259,517309,16098,1,SR,1,100,0.400000
1667057915.307029,518346,16211,1,SR,1,100,0.066667
1667057915.508734,518543,16260,1,SR,1,100,0.133333
1667057915.907026,518932,16312,1,SR,1,100,0.066667
1667057916.243885,519261,16426,1,SR,1,100,0.533333
1667057917.042516,520041,16492,1,SR,1,100,0.133333
1667057917.572890,520559,16574,1,SR,1,100,0.133333
1667057917.970157,520947,16659,1,SR,1,100,0.266667
1667057918.769813,521728,16789,1,SR,1,100,0.200000
1667057919.233633,522181,16837,1,SR,1,100,0.133333
1667057919.497796,522439,16903,1,SR,1,100,0.200000
1667057919.960593,522891,16955,1,SR,1,100,0.133333
1667057920.491990,523410,17052,1,SR,1,100,0.133333
1667057920.758200,523670,17105,1,SR,1,100,0.266667
1667057921.154444,524057,17169,1,SR,1,100,0.200000
1667057921.489255,524384,17220,1,SR,1,100,0.200000
1667057922.222358,525100,17351,1,SR,1,100,0.266667
1667057922.751707,525617,17402,1,SR,1,100,0.133333
1667057923.350681,526202,17484,1,SR,1,100,0.066667
1667057924.220984,527052,17646,1,SR,1,100,0.200000
1667057924.553747,527377,17682,1,SR,1,100,0.133333
1667057925.479341,528281,17843,1,SR,1,100,0.200000
1667057925.815176,528609,17911,1,SR,1,100,0.266667
1667057926.215515,529000,17945,1,SR,1,100,0.066667
1667057926.547254,529324,17993,1,SR,1,100,0.066667
1667057926.745888,529518,18062,1,SR,1,100,0.333333
1667057928.474209,531206,18322,1,SR,1,100,0.266667
1667057931.469076,534131,18823,1,SR,1,100,0.466667
1667057932.066002,534714,18856,1,SR,1,100,0.133333
1667057932.331189,534973,18906,1,SR,1,100,0.200000
1667057933.195349,535817,19089,1,SR,1,100,0.466667
1667057934.062581,536664,19187,1,SR,1,100,0.200000
1667057934.392272,536986,19220,1,SR,1,100,0.133333
1667057934.659507,537247,19289,1,SR,1,100,0.266667
1667057935.326057,537898,19401,1,SR,1,100,0.333333
1667057936.059159,538614,19484,1,SR,1,100,0.133333
1667057936.725709,539265,19598,1,SR,1,100,0.133333
1667057937.324683,539850,19710,1,SR,1,100,0.333333
1667057937.790551,540305,19745,1,SR,1,100,0.066667
1667057938.126386,540633,19829,1,SR,1,100,0.200000
1667057938.459149,540958,19880,1,SR,1,100,0.200000
1667057939.187133,541669,19978,1,SR,1,100,0.133333
1667057939.585424,542058,20042,1,SR,1,100,0.133333
1667057940.248903,542706,20139,1,SR,1,100,0.133333
1667057940.580642,543030,20237,1,SR,1,100,0.333333
1667057941.314769,543747,20301,1,SR,1,100,0.066667
1667057942.242410,544653,20477,1,SR,1,100,0.266667
1667057942.643773,545045,20561,1,SR,1,100,0.400000
1667057943.445476,545828,20661,1,SR,1,100,0.200000
1667057943.777215,546152,20727,1,SR,1,100,0.333333
1667057944.642400,546997,20840,1,SR,1,100,0.133333
1667057945.378574,547716,20954,1,SR,1,100,0.133333
1667057946.041028,548363,21052,1,SR,1,100,0.133333
1667057946.504849,548816,21133,1,SR,1,100,0.200000
1667057948.506547,550771,21438,1,SR,1,100,0.133333
1667057950.237939,552462,21717,1,SR,1,100,0.133333
1667057953.430417,555580,22269,1,SR,1,100,0.600000
1667057954.162496,556295,22317,1,SR,1,100,0.133333
1667057954.428706,556555,22351,1,SR,1,100,0.066667
1667057959.560425,561567,23140,1,SR,1,100,0.066667
1667057961.089087,563060,23382,1,SR,1,100,0.133333
1667057962.621845,564557,23670,1,SR,1,100,0.400000
1667057964.752553,566638,23964,1,SR,1,100,0.200000
1667057965.747771,567610,24142,1,SR,1,100,0.333333
1667057966.216711,568068,24176,1,SR,1,100,0.066667
1667057966.415345,568262,24209,1,SR,1,100,0.066667
1667057968.477452,570276,24543,1,SR,1,100,0.200000
1667057969.145026,570928,24643,1,SR,1,100,0.200000
1667057970.213964,571972,24808,1,SR,1,100,0.200000
1667057970.881538,572624,24923,1,SR,1,100,0.200000
1667057971.480511,573209,24988,1,SR,1,100,0.066667
1667057971.683241,573407,25021,1,SR,1,100,0.066667
1667057971.882899,573602,25071,1,SR,1,100,0.200000
1667057973.142279,574832,25280,1,SR,1,100,0.266667
1667057974.806094,576457,25574,1,SR,1,100,0.466667
1667057976.335781,577951,25865,1,SR,1,100,0.800000
1667057977.271613,578865,25978,1,SR,1,100,0.533333
1667057978.069221,579644,26029,1,SR,1,100,0.066667
1667057979.337816,580883,26266,1,SR,1,100,0.400000
1667057979.868189,581401,26338,1,SR,1,100,0.266667
1667057981.334394,582833,26562,1,SR,1,100,0.266667
1667057982.001968,583485,26646,1,SR,1,100,0.066667
1667057994.585533,595775,28570,1,SR,1,100,0.066667
1667057995.585870,596752,28730,1,SR,1,100,0.066667
1667057995.785528,596947,28750,1,SR,1,100,0.066667
1667057996.583135,597726,28885,1,SR,1,100,0.133333
1667057997.318286,598444,29063,1,SR,1,100,0.600000
1667057998.184494,599290,29161,1,SR,1,100,0.333333
1667057999.180735,600263,29273,1,SR,1,100,0.066667
1667057999.382441,600460,29325,1,SR,1,100,0.133333
1667058000.183120,601242,29453,1,SR,1,100,0.200000
1667058000.916223,601958,29589,1,SR,1,100,0.333333
1667058002.913825,603909,29875,1,SR,1,100,0.133333
1667058003.647952,604626,29989,1,SR,1,100,0.133333
1667058003.914162,604886,30038,1,SR,1,100,0.200000
1667058004.243854,605208,30087,1,SR,1,100,0.133333
1667058004.515184,605473,30121,1,SR,1,100,0.066667
1667058005.114157,606058,30204,1,SR,1,100,0.066667
1667058005.446920,606383,30301,1,SR,1,100,0.266667
1667058005.843164,606770,30350,1,SR,1,100,0.266667
1667058007.775238,608657,30626,1,SR,1,100,0.133333
1667058008.305611,609175,30708,1,SR,1,100,0.133333
1667058009.568063,610408,30949,1,SR,1,100,0.466667
1667058010.967716,611775,31109,1,SR,1,100,0.066667
1667058011.169422,611972,31157,1,SR,1,100,0.133333
1667058011.836996,612624,31261,1,SR,1,100,0.200000
1667058012.165663,612945,31312,1,SR,1,100,0.200000
1667058012.634603,613403,31360,1,SR,1,100,0.066667
1667058013.098424,613856,31554,1,SR,1,100,0.800000
1667058014.560534,615284,31685,1,SR,1,100,0.200000
1667058014.893297,615609,31717,1,SR,1,100,0.066667
1667058015.226060,615934,31782,1,SR,1,100,0.066667
1667058015.557799,616258,31866,1,SR,1,100,0.333333
1667058016.154725,616841,31962,1,SR,1,100,0.333333
1667058016.752675,617425,32012,1,SR,1,100,0.066667
1667058017.217519,617879,32127,1,SR,1,100,0.333333
1667058017.816493,618464,32195,1,SR,1,100,0.133333
1667058018.349937,618985,32261,1,SR,1,100,0.066667
1667058018.681677,619309,32389,1,SR,1,100,0.533333
1667058019.347203,619959,32422,1,SR,1,100,0.133333
1667058020.014777,620611,32553,1,SR,1,100,0.200000
1667058020.478597,621064,32601,1,SR,1,100,0.066667
1667058020.677231,621258,32636,1,SR,1,100,0.133333
1667058021.207604,621776,32716,1,SR,1,100,0.133333
1667058021.475863,622038,32782,1,SR,1,100,0.200000
1667058021.809650,622364,32816,1,SR,1,100,0.066667
1667058022.142413,622689,32916,1,SR,1,100,0.466667
1667058022.874492,623404,33014,1,SR,1,100,0.400000
1667058023.407937,623925,33078,1,SR,1,100,0.200000
1667058023.871757,624378,33128,1,SR,1,100,0.066667
1667058024.605884,625095,33275,1,SR,1,100,0.266667
1667058026.133522,626587,33513,1,SR,1,100,0.266667
1667058026.535910,626980,33547,1,SR,1,100,0.133333
1667058026.798024,627236,33630,1,SR,1,100,0.333333
1667058027.661161,628079,33746,1,SR,1,100,0.333333
1667058028.657402,629052,33908,1,SR,1,100,0.333333
1667058029.258424,629639,33973,1,SR,1,100,0.133333
1667058029.654668,630026,34039,1,SR,1,100,0.133333
1667058030.053983,630416,34103,1,SR,1,100,0.133333
1667058030.318146,630674,34186,1,SR,1,100,0.400000
1667058031.115754,631453,34267,1,SR,1,100,0.133333
1667058031.517117,631845,34334,1,SR,1,100,0.200000
1667058031.850904,632171,34400,1,SR,1,100,0.200000
1667058032.184691,632497,34450,1,SR,1,100,0.200000
1667058032.779569,633078,34569,1,SR,1,100,0.466667
1667058033.980588,634251,34729,1,SR,1,100,0.266667
1667058034.843724,635094,34888,1,SR,1,100,0.400000
1667058036.307882,636524,35067,1,SR,1,100,0.200000
1667058036.640645,636849,35165,1,SR,1,100,0.400000
1667058037.171018,637367,35213,1,SR,1,100,0.200000
1667058037.502757,637691,35248,1,SR,1,100,0.133333
1667058037.902073,638081,35304,1,SR,1,100,0.066667
1667058038.636200,638798,35418,1,SR,1,100,0.133333
1667058039.034492,639187,35497,1,SR,1,100,0.200000
1667058039.500360,639642,35563,1,SR,1,100,0.133333
1667058039.765547,639901,35597,1,SR,1,100,0.066667
1667058039.963156,640094,35646,1,SR,1,100,0.200000
1667058040.433120,640553,35712,1,SR,1,100,0.133333
1667058041.099670,641204,35810,1,SR,1,100,0.066667
1667058041.429362,641526,35858,1,SR,1,100,0.066667
1667058041.896254,641982,35956,1,SR,1,100,0.266667
1667058042.293522,642370,35990,1,SR,1,100,0.066667
1667058042.757343,642823,36071,1,SR,1,100,0.133333
1667058043.290787,643344,36144,1,SR,1,100,0.066667
1667058043.493517,643542,36193,1,SR,1,100,0.133333
1667058044.026962,644063,36274,1,SR,1,100,0.133333
1667058044.423206,644450,36323,1,SR,1,100,0.066667
1667058044.624912,644647,36407,1,SR,1,100,0.333333
1667058045.225933,645234,36486,1,SR,1,100,0.266667
1667058045.625249,645624,36538,1,SR,1,100,0.200000
1667058045.959036,645950,36633,1,SR,1,100,0.466667
1667058046.822172,646793,36731,1,SR,1,100,0.266667
1667058047.887014,647833,36876,1,SR,1,100,0.066667
1667058048.484963,648417,37009,1,SR,1,100,0.466667
1667058049.081889,649000,37042,1,SR,1,100,0.066667
1667058049.412605,649323,37106,1,SR,1,100,0.066667
1667058050.278813,650169,37382,1,SR,1,100,1.000000
1667058051.410207,651274,37449,1,SR,1,100,0.333333
1667058052.677778,652512,37641,1,SR,1,100,0.266667
1667058053.078118,652903,37675,1,SR,1,100,0.066667
1667058053.409857,653227,37723,1,SR,1,100,0.066667
1667058053.742620,653552,37888,1,SR,1,100,0.800000
1667058054.674357,654462,37973,1,SR,1,100,0.400000
1667058055.939881,655698,38117,1,SR,1,100,0.133333
1667058057.469567,657192,38357,1,SR,1,100,0.066667
1667058057.669225,657387,38393,1,SR,1,100,0.133333
1667058058.467856,658167,38519,1,SR,1,100,0.133333
1667058058.863076,658553,38623,1,SR,1,100,0.400000
1667058060.265801,659923,38834,1,SR,1,100,0.400000
1667058061.194466,660830,38929,1,SR,1,100,0.066667
1667058061.726887,661350,39045,1,SR,1,100,0.266667
1667058062.264427,661875,39093,1,SR,1,100,0.066667
1667058062.864425,662461,39239,1,SR,1,100,0.333333
1667058063.728585,663305,39321,1,SR,1,100,0.066667
1667058064.060324,663629,39375,1,SR,1,100,0.133333
1667058064.394111,663955,39440,1,SR,1,100,0.200000
1667058064.727898,664281,39490,1,SR,1,100,0.200000
1667058065.061685,664607,39555,1,SR,1,100,0.266667
1667058065.463049,664999,39607,1,SR,1,100,0.133333
1667058066.465433,665978,39768,1,SR,1,100,0.200000
1667058066.795125,666300,39816,1,SR,1,100,0.133333
1667058067.198536,666694,39881,1,SR,1,100,0.200000
1667058067.528228,667016,39913,1,SR,1,100,0.066667
1667058068.258259,667729,40028,1,SR,1,100,0.066667
1667058068.729246,668189,40140,1,SR,1,100,0.333333
1667058070.523095,669941,40402,1,SR,1,100,0.200000
1667058071.654490,671046,40562,1,SR,1,100,0.266667
1667058072.188959,671568,40658,1,SR,1,100,0.333333
1667058073.191344,672547,40820,1,SR,1,100,0.333333
1667058073.858917,673199,40917,1,SR,1,100,0.333333
1667058074.458915,673785,41007,1,SR,1,100,0.266667
1667058075.321027,674627,41154,1,SR,1,100,0.400000
1667058075.988601,675279,41218,1,SR,1,100,0.133333
1667058077.321702,676581,41424,1,SR,1,100,0.066667
1667058077.520335,676775,41490,1,SR,1,100,0.333333
1667058077.984156,677228,41571,1,SR,1,100,0.400000
1667058079.182103,678398,41733,1,SR,1,100,0.266667
1667058079.717596,678921,41804,1,SR,1,100,0.066667
1667058079.914182,679113,41822,1,SR,1,100,0.066667
1667058080.247969,679439,41872,1,SR,1,100,0.066667
1667058080.847966,680025,42017,1,SR,1,100,0.333333
1667058082.176971,681323,42177,1,SR,1,100,0.133333
1667058082.706320,681840,42274,1,SR,1,100,0.200000
1667058084.108021,683209,42467,1,SR,1,100,0.066667
1667058084.969110,684050,42650,1,SR,1,100,0.400000
1667058085.770813,684833,42763,1,SR,1,100,0.266667
1667058087.101865,686133,42938,1,SR,1,100,0.066667
1667058087.430532,686454,43020,1,SR,1,100,0.333333
1667058087.900496,686913,43100,1,SR,1,100,0.333333
1667058088.895714,687885,43260,1,SR,1,100,0.333333
1667058089.493664,688469,43344,1,SR,1,100,0.266667
1667058091.021302,689961,43541,1,SR,1,100,0.066667
1667058092.216178,691128,43734,1,SR,1,100,0.133333
1667058093.081362,691973,43862,1,SR,1,100,0.066667
1667058093.283067,692170,43896,1,SR,1,100,0.066667
1667058093.884089,692757,44009,1,SR,1,100,0.200000
1667058094.215828,693081,44043,1,SR,1,100,0.066667
1667058094.544496,693402,44093,1,SR,1,100,0.066667
1667058094.745177,693598,44190,1,SR,1,100,0.466667
1667058095.346199,694185,44223,1,SR,1,100,0.066667
1667058095.682033,694513,44278,1,SR,1,100,0.200000
1667058096.012749,694836,44342,1,SR,1,100,0.200000
1667058096.942438,695744,44486,1,SR,1,100,0.266667
1667058097.605916,696392,44665,1,SR,1,100,0.666667
1667058098.406595,697174,44682,1,SR,1,100,0.066667
1667058098.606253,697369,44719,1,SR,1,100,0.066667
1667058098.805911,697564,44783,1,SR,1,100,0.266667
1667058099.335260,698081,44833,1,SR,1,100,0.066667
1667058099.533894,698275,44868,1,SR,1,100,0.066667
1667058100.400102,699121,45009,1,SR,1,100,0.133333
1667058100.669384,699384,45045,1,SR,1,100,0.066667
1667058100.868018,699578,45131,1,SR,1,100,0.400000
1667058101.398391,700096,45197,1,SR,1,100,0.333333
1667058101.999413,700683,45261,1,SR,1,100,0.066667
1667058102.599410,701269,45359,1,SR,1,100,0.133333
1667058102.866645,701530,45393,1,SR,1,100,0.066667
1667058103.201455,701857,45521,1,SR,1,100,0.600000
1667058103.929439,702568,45554,1,SR,1,100,0.066667
1667058104.262202,702893,45633,1,SR,1,100,0.200000
1667058104.598037,703221,45687,1,SR,1,100,0.200000
1667058105.599398,704199,45816,1,SR,1,100,0.066667
1667058105.798032,704393,45848,1,SR,1,100,0.066667
1667058105.997689,704588,45888,1,SR,1,100,0.066667
1667058106.394957,704976,45972,1,SR,1,100,0.266667
1667058107.062531,705628,46084,1,SR,1,100,0.333333
1667058107.531471,706086,46166,1,SR,1,100,0.400000
1667058108.329079,706865,46230,1,SR,1,100,0.066667
1667058108.527713,707059,46282,1,SR,1,100,0.133333
1667058108.931124,707453,46348,1,SR,1,100,0.133333
1667058109.194263,707710,46414,1,SR,1,100,0.333333
1667058110.591868,709075,46726,1,SR,1,100,1.000000
1667058112.857729,711288,46963,1,SR,1,100,0.200000
1667058113.190492,711613,46996,1,SR,1,100,0.066667
1667058113.389126,711807,47029,1,SR,1,100,0.133333
1667058113.652265,712064,47065,1,SR,1,100,0.066667
1667058113.854994,712262,47098,1,SR,1,100,0.066667
1667058114.052604,712455,47131,1,SR,1,100,0.066667
1667058114.251238,712649,47182,1,SR,1,100,0.133333
1667058114.855331,713239,47264,1,SR,1,100,0.133333
1667058115.123589,713501,47313,1,SR,1,100,0.133333
1667058115.984678,714342,47527,1,SR,1,100,0.666667
1667058117.256345,715584,47688,1,SR,1,100,0.400000
1667058117.787742,716103,47706,1,SR,1,100,0.066667
1667058118.516749,716815,47836,1,SR,1,100,0.066667
1667058118.980570,717268,47914,1,SR,1,100,0.133333
1667058119.781249,718050,48076,1,SR,1,100,0.400000
1667058122.240624,720452,48414,1,SR,1,100,0.200000
1667058122.573387,720777,48450,1,SR,1,100,0.066667
1667058122.772021,720971,48500,1,SR,1,100,0.133333
1667058123.704782,721882,48645,1,SR,1,100,0.200000
1667058124.040617,722210,48677,1,SR,1,100,0.066667
1667058124.240274,722405,48726,1,SR,1,100,0.133333
1667058124.503413,722662,48761,1,SR,1,100,0.066667
1667058124.969281,723117,48827,1,SR,1,100,0.066667
1667058125.166892,723310,48877,1,SR,1,100,0.200000
1667058125.498631,723634,48912,1,SR,1,100,0.066667
1667058126.027980,724151,48991,1,SR,1,100,0.066667
1667058126.627978,724737,49121,1,SR,1,100,0.200000
1667058127.424561,725515,49226,1,SR,1,100,0.133333
1667058127.691796,725776,49258,1,SR,1,100,0.133333
1667058128.359370,726428,49403,1,SR,1,100,0.333333
1667058128.826262,726884,49437,1,SR,1,100,0.066667
1667058129.026943,727080,49469,1,SR,1,100,0.066667
1667058129.226601,727275,49553,1,SR,1,100,0.400000
1667058130.022161,728052,49617,1,SR,1,100,0.066667
1667058130.222843,728248,49682,1,SR,1,100,0.266667
1667058130.756288,728769,49749,1,SR,1,100,0.133333
1667058131.020450,729027,49813,1,SR,1,100,0.266667
1667058131.818058,729806,49943,1,SR,1,100,0.333333
1667058132.547065,730518,50016,1,SR,1,100,0.066667
1667058132.745699,730712,50049,1,SR,1,100,0.133333
1667058133.012933,730973,50082,1,SR,1,100,0.066667
1667058133.346720,731299,50146,1,SR,1,100,0.066667
1667058133.548426,731496,50182,1,SR,1,100,0.133333
1667058134.080847,732016,50277,1,SR,1,100,0.200000
1667058134.412586,732340,50313,1,SR,1,100,0.133333
1667058134.678797,732600,50361,1,SR,1,100,0.133333
1667058134.945007,732860,50409,1,SR,1,100,0.200000
1667058135.280842,733188,50443,1,SR,1,100,0.066667
1667058135.612581,733512,50528,1,SR,1,100,0.266667
1667058136.013945,733904,50575,1,SR,1,100,0.133333
1667058136.414284,734295,50642,1,SR,1,100,0.133333
1667058136.944657,734813,50706,1,SR,1,100,0.066667
1667058137.277421,735138,50794,1,SR,1,100,0.266667
1667058137.808818,735657,50858,1,SR,1,100,0.133333
1667058138.079123,735921,50892,1,SR,1,100,0.133333
1667058139.008812,736829,51053,1,SR,1,100,0.200000
1667058139.339528,737152,51086,1,SR,1,100,0.133333
1667058139.604714,737411,51152,1,SR,1,100,0.200000
1667058139.936454,737735,51186,1,SR,1,100,0.133333
1667058140.200616,737993,51234,1,SR,1,100,0.200000
1667058140.532356,738317,51287,1,SR,1,100,0.133333
1667058140.933719,738709,51383,1,SR,1,100,0.333333
1667058141.666822,739425,51464,1,SR,1,100,0.133333
1667058141.933032,739685,51497,1,SR,1,100,0.133333
1667058142.465453,740205,51566,1,SR,1,100,0.066667
1667058143.532343,741247,51762,1,SR,1,100,0.266667
1667058144.062716,741765,51842,1,SR,1,100,0.333333
1667058144.529608,742221,51877,1,SR,1,100,0.066667
1667058144.731314,742418,51944,1,SR,1,100,0.266667
1667058145.399912,743071,52041,1,SR,1,100,0.200000
1667058146.131990,743786,52122,1,SR,1,100,0.066667
1667058146.462706,744109,52188,1,SR,1,100,0.133333
1667058146.728916,744369,52237,1,SR,1,100,0.200000
1667058147.058608,744691,52270,1,SR,1,100,0.066667
1667058147.260314,744888,52352,1,SR,1,100,0.400000
1667058147.926863,745539,52407,1,SR,1,100,0.066667
1667058148.794095,746386,52537,1,SR,1,100,0.066667
1667058149.794432,747363,52745,1,SR,1,100,0.400000
1667058150.593064,748143,52827,1,SR,1,100,0.200000
1667058150.923779,748466,52860,1,SR,1,100,0.066667
1667058151.518657,749047,52960,1,SR,1,100,0.066667
1667058151.718315,749242,53008,1,SR,1,100,0.133333
1667058151.989645,749507,53058,1,SR,1,100,0.200000
1667058152.654147,750156,53154,1,SR,1,100,0.133333
1667058153.054487,750547,53224,1,SR,1,100,0.266667
1667058153.453803,750937,53260,1,SR,1,100,0.066667
1667058153.651413,751130,53310,1,SR,1,100,0.266667
1667058154.514549,751973,53424,1,SR,1,100,0.066667
1667058154.848336,752299,53490,1,SR,1,100,0.133333
1667058155.114546,752559,53523,1,SR,1,100,0.066667
1667058155.317276,752757,53574,1,SR,1,100,0.266667
1667058155.714544,753145,53623,1,SR,1,100,0.133333
1667058156.114883,753536,53689,1,SR,1,100,0.133333
1667058156.917610,754320,53817,1,SR,1,100,0.200000
1667058157.516584,754905,53901,1,SR,1,100,0.066667
1667058157.847299,755228,53999,1,SR,1,100,0.400000
1667058158.369481,755738,54022,1,SR,1,100,0.066667
1667058158.835350,756193,54044,1,SR,1,100,0.133333
1667058159.109751,756461,54093,1,SR,1,100,0.200000
1667058159.839782,757174,54193,1,SR,1,100,0.133333
1667058160.370156,757692,54324,1,SR,1,100,0.466667
1667058161.231244,758533,54419,1,SR,1,100,0.200000
1667058161.697112,758988,54470,1,SR,1,100,0.066667
1667058161.898818,759185,54566,1,SR,1,100,0.400000
1667058162.430215,759704,54604,1,SR,1,100,0.066667
1667058162.631921,759901,54652,1,SR,1,100,0.200000
1667058163.824749,761066,54833,1,SR,1,100,0.266667
1667058164.230207,761462,54881,1,SR,1,100,0.133333
1667058164.495394,761721,54919,1,SR,1,100,0.066667
1667058164.829181,762047,55015,1,SR,1,100,0.333333
1667058165.826447,763021,55128,1,SR,1,100,0.066667
1667058166.155114,763342,55226,1,SR,1,100,0.400000
1667058166.689583,763864,55258,1,SR,1,100,0.066667
1667058167.026441,764193,55354,1,SR,1,100,0.400000
1667058168.486503,765619,55579,1,SR,1,100,0.333333
1667058169.820627,766922,55760,1,SR,1,100,0.200000
1667058171.617548,768677,56064,1,SR,1,100,0.333333
1667058173.949961,770955,56421,1,SR,1,100,0.266667
1667058174.482383,771475,56487,1,SR,1,100,0.266667
1667058175.011732,771992,56536,1,SR,1,100,0.066667
1667058175.410024,772381,56620,1,SR,1,100,0.200000
1667058175.744834,772708,56654,1,SR,1,100,0.066667
1667058176.679643,773621,56844,1,SR,1,100,0.333333
1667058177.147559,774078,56878,1,SR,1,100,0.133333
1667058177.413769,774338,56944,1,SR,1,100,0.266667
1667058177.945167,774857,56994,1,SR,1,100,0.066667
1667058178.282025,775186,57058,1,SR,1,100,0.066667
1667058178.681341,775576,57126,1,SR,1,100,0.133333
1667058179.279290,776160,57206,1,SR,1,100,0.066667
1667058179.477925,776354,57232,1,SR,1,100,0.133333
1667058179.745159,776615,57282,1,SR,1,100,0.133333
1667058180.074850,776937,57379,1,SR,1,100,0.400000
1667058181.341398,778174,57541,1,SR,1,100,0.200000
1667058181.941395,778760,57652,1,SR,1,100,0.266667
1667058182.869036,779666,57829,1,SR,1,100,0.533333
1667058184.404866,781166,57992,1,SR,1,100,0.066667
1667058185.136945,781881,58122,1,SR,1,100,0.133333
1667058185.937624,782663,58269,1,SR,1,100,0.333333
1667058186.669703,783378,58350,1,SR,1,100,0.066667
1667058186.869361,783573,58368,1,SR,1,100,0.066667
1667058187.598368,784285,58514,1,SR,1,100,0.200000
1667058188.065260,784741,58630,1,SR,1,100,0.466667
1667058188.665258,785327,58694,1,SR,1,100,0.266667
1667058189.329760,785976,58758,1,SR,1,100,0.066667
1667058189.528394,786170,58808,1,SR,1,100,0.133333
1667058190.392554,787014,58963,1,SR,1,100,0.266667
1667058191.456372,788053,59107,1,SR,1,100,0.200000
1667058192.056370,788639,59256,1,SR,1,100,0.466667
1667058194.517793,791043,59573,1,SR,1,100,0.066667
1667058194.715403,791236,59607,1,SR,1,100,0.133333
1667058194.985709,791500,59642,1,SR,1,100,0.066667
1667058195.183319,791693,59729,1,SR,1,100,0.466667
1667058195.918469,792411,59778,1,SR,1,100,0.066667
1667058196.515395,792994,59922,1,SR,1,100,0.333333
1667058197.114369,793579,60022,1,SR,1,100,0.400000
1667058198.180234,794620,60168,1,SR,1,100,0.200000
1667058198.781256,795207,60248,1,SR,1,100,0.133333
1667058199.178524,795595,60297,1,SR,1,100,0.066667
1667058199.514359,795923,60380,1,SR,1,100,0.200000
1667058199.982275,796380,60516,1,SR,1,100,0.666667
1667058200.909916,797286,60597,1,SR,1,100,0.333333
1667058201.375784,797741,60632,1,SR,1,100,0.066667
1667058201.710595,798068,60696,1,SR,1,100,0.133333
1667058202.108887,798457,60794,1,SR,1,100,0.333333
1667058202.977143,799305,60889,1,SR,1,100,0.066667
1667058204.306147,800603,61097,1,SR,1,100,0.066667
1667058204.973721,801255,61275,1,SR,1,100,0.533333
1667058206.110235,802365,61377,1,SR,1,100,0.133333
1667058206.644704,802887,61474,1,SR,1,100,0.200000
1667058206.974395,803209,61509,1,SR,1,100,0.066667
1667058207.707498,803925,61638,1,SR,1,100,0.133333
1667058208.106814,804315,61736,1,SR,1,100,0.400000
1667058208.636163,804832,61786,1,SR,1,100,0.133333
1667058209.635476,805808,61946,1,SR,1,100,0.200000
1667058209.970287,806135,61978,1,SR,1,100,0.066667
1667058210.169945,806330,62012,1,SR,1,100,0.133333
1667058210.568237,806719,62095,1,SR,1,100,0.200000
1667058211.027962,807168,62148,1,SR,1,100,0.133333
1667058211.294172,807428,62199,1,SR,1,100,0.133333
1667058211.563454,807691,62263,1,SR,1,100,0.333333
1667058212.298605,808409,62327,1,SR,1,100,0.066667
1667058212.831026,808929,62427,1,SR,1,100,0.066667
1667058213.096212,809188,62475,1,SR,1,100,0.133333
1667058213.566176,809647,62541,1,SR,1,100,0.066667
1667058214.231702,810297,62656,1,SR,1,100,0.200000
1667058214.699618,810754,62706,1,SR,1,100,0.066667
1667058215.888351,811915,62934,1,SR,1,100,0.400000
1667058216.423843,812438,62985,1,SR,1,100,0.133333
1667058217.091417,813090,63146,1,SR,1,100,0.533333
1667058218.485950,814452,63306,1,SR,1,100,0.200000
1667058219.085948,815038,63387,1,SR,1,100,0.133333
1667058219.351135,815297,63423,1,SR,1,100,0.066667
1667058219.551816,815493,63471,1,SR,1,100,0.200000
1667058219.884579,815818,63553,1,SR,1,100,0.333333
1667058220.347376,816270,63588,1,SR,1,100,0.066667
1667058221.416314,817314,63768,1,SR,1,100,0.200000
1667058222.409483,818284,63898,1,SR,1,100,0.066667
1667058222.741223,818608,63962,1,SR,1,100,0.133333
1667058223.737464,819581,64204,1,SR,1,100,0.733333
1667058225.934725,821727,64507,1,SR,1,100,0.400000
1667058227.869870,823617,64784,1,SR,1,100,0.400000
1667058228.402291,824137,64819,1,SR,1,100,0.066667
1667058228.603997,824334,64898,1,SR,1,100,0.400000
1667058229.794776,825497,65090,1,SR,1,100,0.400000
1667058230.329245,826019,65141,1,SR,1,100,0.133333
1667058230.861666,826539,65223,1,SR,1,100,0.200000
1667058231.330606,826997,65289,1,SR,1,100,0.066667
1667058231.793403,827449,65375,1,SR,1,100,0.266667
1667058232.325824,827969,65424,1,SR,1,100,0.066667
1667058232.656539,828292,65490,1,SR,1,100,0.066667
1667058233.123431,828748,36,1,SR,1,100,0.200000
1667058233.593395,829207,103,1,SR,1,100,0.133333
1667058233.859606,829467,167,1,SR,1,100,0.266667
1667058234.529227,830121,248,1,SR,1,100,0.066667
1667058234.728885,830316,329,1,SR,1,100,0.466667
1667058235.459940,831030,395,1,SR,1,100,0.133333
1667058236.061985,831618,477,1,SR,1,100,0.066667
1667058236.260619,831812,509,1,SR,1,100,0.066667
1667058236.460277,832007,545,1,SR,1,100,0.066667
1667058236.658911,832201,609,1,SR,1,100,0.266667
1667058237.055155,832588,643,1,SR,1,100,0.066667
1667058237.393038,832918,730,1,SR,1,100,0.266667
1667058238.057540,833567,842,1,SR,1,100,0.266667
1667058238.858219,834349,987,1,SR,1,100,0.400000
1667058241.183465,836620,1322,1,SR,1,100,0.266667
1667058241.581757,837009,1355,1,SR,1,100,0.066667
1667058242.849329,838247,1667,1,SR,1,100,0.800000
1667058246.306993,841624,2145,1,SR,1,100,0.466667
1667058247.506988,842796,2295,1,SR,1,100,0.266667
1667058249.104251,844356,2601,1,SR,1,100,0.666667
1667058249.903906,845137,2681,1,SR,1,100,0.333333
1667058251.163287,846367,2847,1,SR,1,100,0.266667
1667058252.163624,847344,3088,1,SR,1,100,0.733333
1667058256.158829,851246,3648,1,SR,1,100,0.533333
1667058256.827426,851899,3714,1,SR,1,100,0.266667
1667058257.361895,852421,3764,1,SR,1,100,0.066667
1667058258.220936,853260,3895,1,SR,1,100,0.066667
1667058258.691924,853720,4009,1,SR,1,100,0.400000
1667058259.353354,854366,4107,1,SR,1,100,0.333333
1667058259.821270,854823,4267,1,SR,1,100,0.933333
1667058262.748562,857682,4670,1,SR,1,100,0.666667
1667058265.545820,860414,5101,1,SR,1,100,0.666667
1667058268.345125,863148,5520,1,SR,1,100,0.733333
1667058270.142046,864903,5731,1,SR,1,100,0.400000
1667058270.672419,865421,5844,1,SR,1,100,0.533333
1667058271.339993,866073,5880,1,SR,1,100,0.133333
1667058273.402100,868087,6181,1,SR,1,100,0.066667
1667058274.397318,869059,6359,1,SR,1,100,0.133333
1667058275.529737,870165,6521,1,SR,1,100,0.133333
1667058276.197310,870817,6621,1,SR,1,100,0.133333
1667058277.861126,872442,6893,1,SR,1,100,0.200000
1667058278.794910,873354,7038,1,SR,1,100,0.200000
1667058279.591494,874132,7166,1,SR,1,100,0.266667
1667058280.720841,875235,7341,1,SR,1,100,0.200000
1667058281.188757,875692,7393,1,SR,1,100,0.133333
1667058281.454967,875952,7459,1,SR,1,100,0.266667
1667058282.517761,876990,7620,1,SR,1,100,0.200000
1667058282.983630,877445,7654,1,SR,1,100,0.066667
1667058284.119120,878554,7829,1,SR,1,100,0.066667
1667058285.187033,879597,8038,1,SR,1,100,0.266667
1667058285.853584,880248,8102,1,SR,1,100,0.066667
1667058286.517062,880896,8246,1,SR,1,100,0.266667
1667058286.914330,881284,8265,1,SR,1,100,0.066667
1667058287.847090,882195,8430,1,SR,1,100,0.200000
1667058288.315006,882652,8496,1,SR,1,100,0.066667
1667058288.514664,882847,8529,1,SR,1,100,0.066667
1667058288.976437,883298,8596,1,SR,1,100,0.066667
1667058289.707492,884012,8724,1,SR,1,100,0.200000
1667058290.641277,884924,8868,1,SR,1,100,0.133333
1667058290.907487,885184,8901,1,SR,1,100,0.133333
1667058291.305779,885573,8970,1,SR,1,100,0.066667
1667058291.510556,885773,9019,1,SR,1,100,0.200000
1667058291.974377,886226,9083,1,SR,1,100,0.133333
1667058293.837850,888046,9428,1,SR,1,100,0.533333
1667058294.904740,889088,9541,1,SR,1,100,0.133333
1667058295.570266,889738,9671,1,SR,1,100,0.333333
1667058297.498244,891621,9944,1,SR,1,100,0.200000
1667058298.831344,892923,10159,1,SR,1,100,0.200000
1667058301.884574,895905,10622,1,SR,1,100,0.200000
1667058309.741878,903579,11830,1,SR,1,100,0.133333
1667058310.801601,904614,11993,1,SR,1,100,0.133333
1667058311.672928,905465,12169,1,SR,1,100,0.400000
1667058312.740842,906508,12364,1,SR,1,100,0.533333
1667058313.805684,907548,12513,1,SR,1,100,0.466667
1667058316.537413,910216,12912,1,SR,1,100,0.333333
1667058317.271539,910933,13090,1,SR,1,100,0.733333
1667058318.798154,912424,13252,1,SR,1,100,0.200000
1667058320.928862,914505,13610,1,SR,1,100,0.333333
1667058324.987548,918469,14351,1,SR,1,100,1.133333
1667058327.051703,920485,14546,1,SR,1,100,0.333333
1667058328.451355,921852,14753,1,SR,1,100,0.266667
1667058329.378997,922758,14883,1,SR,1,100,0.133333
1667058337.840394,931022,16290,1,SR,1,100,0.800000
1667058338.902164,932059,16354,1,SR,1,100,0.133333
1667058339.168375,932319,16439,1,SR,1,100,0.466667
1667058340.035607,933166,16537,1,SR,1,100,0.200000
1667058340.503523,933623,16594,1,SR,1,100,0.066667
1667058340.702157,933817,16626,1,SR,1,100,0.133333
1667058340.968367,934077,16660,1,SR,1,100,0.066667
1667058346.428754,939410,17638,1,SR,1,100,0.933333
1667058353.813023,946622,18695,1,SR,1,100,0.466667
1667058354.747831,947535,18823,1,SR,1,100,0.333333
1667058356.014379,948772,18987,1,SR,1,100,0.200000
1667058357.146797,949878,19147,1,SR,1,100,0.066667
1667058357.476489,950200,19293,1,SR,1,100,0.666667
1667058365.602051,958136,20466,1,SR,1,100,0.266667
1667058366.137544,958659,20517,1,SR,1,100,0.066667
1667058366.736518,959244,20632,1,SR,1,100,0.200000
1667058370.794180,963207,21239,1,SR,1,100,0.066667
1667058370.993838,963402,21274,1,SR,1,100,0.066667
1667058371.326601,963727,21325,1,SR,1,100,0.066667
1667058371.658340,964051,21407,1,SR,1,100,0.266667
1667058372.853215,965218,21652,1,SR,1,100,0.666667
1667058373.785976,966129,21716,1,SR,1,100,0.133333
1667058374.317373,966648,21797,1,SR,1,100,0.066667
1667058374.919418,967236,21911,1,SR,1,100,0.266667
1667058375.450815,967755,21978,1,SR,1,100,0.133333
1667058375.916684,968210,22044,1,SR,1,100,0.066667
1667058376.382552,968665,22126,1,SR,1,100,0.133333
1667058376.981526,969250,22227,1,SR,1,100,0.200000
1667058377.445346,969703,22309,1,SR,1,100,0.200000
1667058381.431336,973596,22995,1,SR,1,100,0.733333
1667058392.748353,984649,24694,1,SR,1,100,0.533333
1667058393.817291,985693,24789,1,SR,1,100,0.133333
1667058394.349711,986213,24903,1,SR,1,100,0.266667
1667058395.151415,986996,25032,1,SR,1,100,0.333333
1667058395.614211,987448,25080,1,SR,1,100,0.200000
1667058396.083151,987906,25164,1,SR,1,100,0.200000
1667058396.684173,988493,25260,1,SR,1,100,0.200000
1667058397.284170,989079,25342,1,SR,1,100,0.200000
1667058399.080067,990833,25667,1,SR,1,100,0.466667
1667058400.077332,991807,25780,1,SR,1,100,0.200000
1667058400.804292,992517,25876,1,SR,1,100,0.133333
1667058402.406674,994082,26180,1,SR,1,100,0.466667
1667058403.138753,994797,26236,1,SR,1,100,0.066667
1667058403.340458,994994,26285,1,SR,1,100,0.266667
1667058403.736702,995381,26318,1,SR,1,100,0.066667
1667058404.604958,996229,26480,1,SR,1,100,0.200000
1667058405.065707,996679,26532,1,SR,1,100,0.066667
1667058405.666728,997266,26628,1,SR,1,100,0.066667
1667058406.665018,998241,26790,1,SR,1,100,0.066667
1667058412.852364,1004284,27784,1,SR,1,100,0.400000
1667058413.916182,1005323,27898,1,SR,1,100,0.133333
1667058414.180344,1005581,27980,1,SR,1,100,0.400000
1667058415.248258,1006624,28093,1,SR,1,100,0.066667
1667058415.514468,1006884,28142,1,SR,1,100,0.066667
1667058416.315147,1007666,28302,1,SR,1,100,0.266667
1667058417.506951,1008830,28480,1,SR,1,100,0.266667
1667058417.910362,1009224,28512,1,SR,1,100,0.066667
1667058418.243126,1009549,28595,1,SR,1,100,0.266667
1667058418.909676,1010200,28682,1,SR,1,100,0.133333
1667058419.977589,1011243,28844,1,SR,1,100,0.133333
1667058420.975879,1012218,28988,1,SR,1,100,0.066667
1667058421.173489,1012411,29024,1,SR,1,100,0.066667
1667058421.902496,1013123,29155,1,SR,1,100,0.200000
1667058422.238331,1013451,29188,1,SR,1,100,0.066667
1667058423.441397,1014626,29410,1,SR,1,100,0.333333
1667058424.972107,1016121,29602,1,SR,1,100,0.066667
1667058427.033191,1018134,29939,1,SR,1,100,0.133333
1667058429.158779,1020210,30276,1,SR,1,100,0.200000
1667058433.686405,1024632,31063,1,SR,1,100,0.866667
1667058434.956024,1025872,31145,1,SR,1,100,0.200000
1667058435.616431,1026517,31241,1,SR,1,100,0.133333
1667058435.882642,1026777,31325,1,SR,1,100,0.400000
1667058436.551239,1027430,31389,1,SR,1,100,0.133333
1667058436.818474,1027691,31423,1,SR,1,100,0.066667
1667058437.284342,1028146,31504,1,SR,1,100,0.133333
1667058438.148502,1028990,31650,1,SR,1,100,0.200000
1667058438.610275,1029441,31701,1,SR,1,100,0.066667
1667058439.411978,1030224,31830,1,SR,1,100,0.133333
1667058444.010252,1034715,32520,1,SR,1,100,0.066667
1667058444.676802,1035366,32683,1,SR,1,100,0.400000
1667058447.335835,1037963,33034,1,SR,1,100,0.133333
1667058452.921136,1043418,33962,1,SR,1,100,0.533333
1667058455.319078,1045760,34301,1,SR,1,100,0.400000
1667058456.648083,1047058,34460,1,SR,1,100,0.133333
1667058457.045351,1047446,34591,1,SR,1,100,0.533333
1667058457.976063,1048355,34674,1,SR,1,100,0.133333
1667058458.373331,1048743,34722,1,SR,1,100,0.066667
1667058458.576061,1048941,34754,1,SR,1,100,0.066667
1667058459.439197,1049784,34916,1,SR,1,100,0.200000
1667058460.171276,1050499,35014,1,SR,1,100,0.133333
1667058460.701649,1051017,35098,1,SR,1,100,0.066667
1667058463.570579,1053819,35547,1,SR,1,100,0.200000
1667058466.033026,1056224,35922,1,SR,1,100,0.133333
1667058466.633023,1056810,36018,1,SR,1,100,0.200000
1667058466.965786,1057135,36084,1,SR,1,100,0.333333
1667058467.432679,1057591,36118,1,SR,1,100,0.066667
1667058475.553122,1065522,37394,1,SR,1,100,0.266667
1667058478.877681,1068769,37907,1,SR,1,100,0.333333
1667058479.607713,1069482,38069,1,SR,1,100,0.666667
1667058480.540473,1070393,38165,1,SR,1,100,0.400000
1667058481.069822,1070910,38202,1,SR,1,100,0.066667
1667058481.269480,1071105,38236,1,SR,1,100,0.066667
1667058482.005655,1071824,38365,1,SR,1,100,0.133333
1667058482.272889,1072085,38399,1,SR,1,100,0.066667
1667058482.605652,1072410,38465,1,SR,1,100,0.200000
1667058483.674589,1073454,38673,1,SR,1,100,0.466667
1667058485.270828,1075013,38880,1,SR,1,100,0.266667
1667058485.937378,1075664,38964,1,SR,1,100,0.066667
1667058487.402560,1077095,39209,1,SR,1,100,0.200000
1667058487.733275,1077418,39322,1,SR,1,100,0.666667
1667058488.527811,1078194,39355,1,SR,1,100,0.066667
1667058488.864670,1078523,39439,1,SR,1,100,0.200000
1667058489.195385,1078846,39503,1,SR,1,100,0.266667
1667058490.596062,1080214,39695,1,SR,1,100,0.200000
1667058491.067050,1080674,39763,1,SR,1,100,0.066667
1667058491.395717,1080995,39811,1,SR,1,100,0.133333
1667058491.799129,1081389,39875,1,SR,1,100,0.133333
1667058492.063291,1081647,39930,1,SR,1,100,0.200000
1667058492.859875,1082425,40028,1,SR,1,100,0.066667
1667058494.391609,1083921,40283,1,SR,1,100,0.133333
1667058494.987511,1084503,40367,1,SR,1,100,0.066667
1667058495.851671,1085347,40493,1,SR,1,100,0.066667
1667058496.452692,1085934,40607,1,SR,1,100,0.133333
1667058496.721974,1086197,40640,1,SR,1,100,0.066667
1667058496.921632,1086392,40693,1,SR,1,100,0.200000
1667058497.248252,1086711,40794,1,SR,1,100,0.600000
1667058498.915139,1088339,40972,1,SR,1,100,0.066667
1667058500.108991,1089505,41165,1,SR,1,100,0.133333
1667058500.641412,1090025,41309,1,SR,1,100,0.533333
1667058501.838335,1091194,41422,1,SR,1,100,0.066667
1667058502.236627,1091583,41520,1,SR,1,100,0.266667
1667058502.771096,1092105,41573,1,SR,1,100,0.066667
1667058503.172459,1092497,41624,1,SR,1,100,0.066667
1667058504.704193,1093993,41913,1,SR,1,100,0.333333
1667058505.439344,1094711,41994,1,SR,1,100,0.133333
1667058506.901453,1096139,42219,1,SR,1,100,0.200000
1667058507.237288,1096467,42269,1,SR,1,100,0.133333
1667058511.029764,1100171,42944,1,SR,1,100,0.800000
1667058512.099725,1101216,43027,1,SR,1,100,0.200000
1667058512.698699,1101801,43139,1,SR,1,100,0.333333
1667058513.167639,1102259,43191,1,SR,1,100,0.266667
1667058513.696988,1102776,43368,1,SR,1,100,0.866667
1667058515.359780,1104400,43513,1,SR,1,100,0.133333
1667058515.625990,1104660,43561,1,SR,1,100,0.200000
1667058515.958753,1104985,43627,1,SR,1,100,0.200000
1667058516.688784,1105698,43756,1,SR,1,100,0.333333
1667058517.618473,1106606,43870,1,SR,1,100,0.133333
1667058519.752252,1108690,44243,1,SR,1,100,0.400000
1667058520.748494,1109663,44372,1,SR,1,100,0.266667
1667058521.747807,1110639,44519,1,SR,1,100,0.200000
1667058522.347805,1111225,44583,1,SR,1,100,0.066667
1667058523.539608,1112389,44780,1,SR,1,100,0.066667
1667058524.273735,1113106,44878,1,SR,1,100,0.066667
1667058524.541993,1113368,44944,1,SR,1,100,0.200000
1667058525.473730,1114278,45072,1,SR,1,100,0.066667
1667058526.807854,1115581,45280,1,SR,1,100,0.066667
1667058527.404780,1116164,45397,1,SR,1,100,0.200000
1667058527.869624,1116618,45542,1,SR,1,100,0.666667
1667058529.137196,1117856,45661,1,SR,1,100,0.200000
1667058530.199990,1118894,45820,1,SR,1,100,0.200000
1667058530.796916,1119477,45904,1,SR,1,100,0.133333
1667058531.267903,1119937,46018,1,SR,1,100,0.333333
1667058531.866877,1120522,46130,1,SR,1,100,0.466667
1667058532.599980,1121238,46194,1,SR,1,100,0.133333
1667058533.135472,1121761,46277,1,SR,1,100,0.133333
1667058533.735470,1122347,46443,1,SR,1,100,0.600000
1667058534.998946,1123581,46556,1,SR,1,100,0.133333
1667058535.261060,1123837,46639,1,SR,1,100,0.333333
1667058536.326926,1124878,46801,1,SR,1,100,0.333333
1667058536.921804,1125459,46867,1,SR,1,100,0.133333
1667058537.586307,1126108,46965,1,SR,1,100,0.200000
1667058537.917022,1126431,47001,1,SR,1,100,0.066667
1667058538.114632,1126624,47049,1,SR,1,100,0.200000
1667058539.049440,1127537,47179,1,SR,1,100,0.066667
1667058539.514285,1127991,47251,1,SR,1,100,0.066667
1667058539.846024,1128315,47317,1,SR,1,100,0.200000
1667058540.313940,1128772,47383,1,SR,1,100,0.133333
1667058540.979466,1129422,47496,1,SR,1,100,0.200000
1667058541.449430,1129881,47563,1,SR,1,100,0.066667
1667058541.648064,1130075,47580,1,SR,1,100,0.066667
1667058542.110861,1130527,47662,1,SR,1,100,0.066667
1667058542.310519,1130722,47711,1,SR,1,100,0.133333
1667058543.112222,1131505,48147,1,SR,1,100,2.200000
1667058556.361313,1144445,49851,1,SR,1,100,0.133333
1667058556.895781,1144967,49918,1,SR,1,100,0.066667
1667058562.086886,1150037,50807,1,SR,1,100,0.733333
1667058562.950022,1150880,50876,1,SR,1,100,0.266667
1667058563.482443,1151400,50925,1,SR,1,100,0.066667
1667058563.682101,1151595,50957,1,SR,1,100,0.066667
1667058564.148993,1152051,51040,1,SR,1,100,0.133333
1667058564.547285,1152440,51088,1,SR,1,100,0.066667
1667058564.745919,1152634,51123,1,SR,1,100,0.066667
1667058565.077658,1152958,51206,1,SR,1,100,0.200000
1667058565.538407,1153408,51318,1,SR,1,100,0.600000
1667058566.538744,1154385,51498,1,SR,1,100,0.733333
1667058567.940444,1155754,51627,1,SR,1,100,0.066667
1667058568.139078,1155948,51786,1,SR,1,100,1.000000
1667058570.207329,1157968,51964,1,SR,1,100,0.066667
1667058570.537020,1158290,52028,1,SR,1,100,0.133333
1667058571.070465,1158811,52097,1,SR,1,100,0.066667
1667058571.540429,1159270,52177,1,SR,1,100,0.133333
1667058572.072850,1159790,52354,1,SR,1,100,0.733333
1667058573.199125,1160890,52707,1,SR,1,100,1.933333
1667058580.516842,1168037,53534,1,SR,1,100,0.133333
1667058580.917181,1168428,53585,1,SR,1,100,0.066667
1667058582.778607,1170246,53877,1,SR,1,100,0.133333
1667058583.180994,1170639,53941,1,SR,1,100,0.066667
1667058590.844784,1178124,55108,1,SR,1,100,0.333333
1667058591.840002,1179096,55222,1,SR,1,100,0.133333
1667058592.712353,1179948,55366,1,SR,1,100,0.200000
1667058593.505865,1180723,55513,1,SR,1,100,0.333333
1667058594.104839,1181308,55591,1,SR,1,100,0.266667
1667058594.901423,1182086,55674,1,SR,1,100,0.066667
1667058595.234186,1182411,55753,1,SR,1,100,0.200000
1667058596.034865,1183193,55870,1,SR,1,100,0.133333
1667058596.299027,1183451,55917,1,SR,1,100,0.133333
1667058596.695271,1183838,55969,1,SR,1,100,0.133333
1667058597.165236,1184297,56036,1,SR,1,100,0.066667
1667058597.899362,1185014,56198,1,SR,1,100,0.400000
1667058598.962156,1186052,56357,1,SR,1,100,0.400000
1667058600.364881,1187422,56535,1,SR,1,100,0.133333
1667058600.961806,1188005,56650,1,SR,1,100,0.200000
1667058601.360098,1188394,56699,1,SR,1,100,0.200000
1667058602.423916,1189433,56845,1,SR,1,100,0.066667
1667058603.686368,1190666,57056,1,SR,1,100,0.133333
1667058604.083636,1191054,57135,1,SR,1,100,0.266667
1667058604.487047,1191448,57169,1,SR,1,100,0.133333
1667058604.752234,1191707,57205,1,SR,1,100,0.066667
1667058604.952916,1191903,57237,1,SR,1,100,0.066667
1667058612.342304,1199120,58394,1,SR,1,100,0.333333
1667058613.274041,1200030,58523,1,SR,1,100,0.200000
1667058613.873014,1200615,58623,1,SR,1,100,0.266667
1667058616.864811,1203537,59056,1,SR,1,100,0.133333
1667058629.782162,1216153,61052,1,SR,1,100,0.200000
1667058639.890993,1226026,62582,1,SR,1,100,0.133333
1667058670.782671,1256197,1757,1,SR,1,100,0.133333
1667058674.245455,1259579,2284,1,SR,1,100,0.200000
1667058675.376850,1260684,2494,1,SR,1,100,0.400000
1667058677.110290,1262377,2717,1,SR,1,100,0.133333
1667058679.773418,1264978,3117,1,SR,1,100,0.066667
1667058684.835513,1269922,3866,1,SR,1,100,0.066667
1667058685.101723,1270182,3949,1,SR,1,100,0.266667
1667058686.364175,1271415,4109,1,SR,1,100,0.066667
1667058688.815360,1273809,4511,1,SR,1,100,0.266667
1667058692.675411,1277579,5099,1,SR,1,100,0.200000
1667058694.739567,1279595,5451,1,SR,1,100,0.466667
1667058695.338540,1280180,5484,1,SR,1,100,0.066667
1667058695.803385,1280634,5692,1,SR,1,100,1.000000
1667058707.720399,1292273,7399,1,SR,1,100,0.200000
1667058708.182172,1292724,7480,1,SR,1,100,0.266667
1667058710.578066,1295064,7864,1,SR,1,100,0.333333
1667058711.047006,1295522,7897,1,SR,1,100,0.133333
1667058711.446322,1295912,7962,1,SR,1,100,0.133333
1667058712.245977,1296693,8077,1,SR,1,100,0.066667
1667058712.576692,1297016,8159,1,SR,1,100,0.266667
1667058714.777025,1299165,8572,1,SR,1,100,0.666667
1667058715.578727,1299948,8608,1,SR,1,100,0.133333
1667058715.842890,1300206,8674,1,SR,1,100,0.266667
1667058716.508416,1300856,8756,1,SR,1,100,0.133333
1667058718.705677,1303002,9299,1,SR,1,100,1.466667
1667058722.434671,1306644,9922,1,SR,1,100,1.733333
1667058725.753087,1309885,10273,1,SR,1,100,0.733333
1667058727.012468,1311115,10532,1,SR,1,100,1.133333
1667058728.549321,1312616,10663,1,SR,1,100,0.400000
1667058730.615524,1314634,11029,1,SR,1,100,0.733333
1667058731.880024,1315869,11157,1,SR,1,100,0.333333
1667058732.880361,1316846,11369,1,SR,1,100,0.600000
1667058735.474889,1319380,11691,1,SR,1,100,0.133333
1667058736.275568,1320162,11834,1,SR,1,100,0.266667
1667058737.406963,1321267,12027,1,SR,1,100,0.333333
1667058748.184391,1331793,13661,1,SR,1,100,0.200000
1667058748.918518,1332510,13890,1,SR,1,100,1.000000
1667058750.054008,1333619,13923,1,SR,1,100,0.066667
1667058750.387795,1333945,13987,1,SR,1,100,0.133333
1667058751.187451,1334726,14274,1,SR,1,100,1.133333
1667058754.248871,1337716,14627,1,SR,1,100,0.400000
1667058755.045455,1338494,14706,1,SR,1,100,0.066667
1667058755.244089,1338688,14822,1,SR,1,100,0.666667
1667058756.709270,1340119,14965,1,SR,1,100,0.066667
1667058758.180595,1341556,15254,1,SR,1,100,0.533333
1667058759.376494,1342724,15461,1,SR,1,100,0.600000
1667058760.237583,1343565,15592,1,SR,1,100,0.600000
1667058761.365906,1344667,15785,1,SR,1,100,0.666667
1667058765.087733,1348302,16278,1,SR,1,100,0.200000
1667058765.959060,1349153,16423,1,SR,1,100,0.266667
1667058766.355304,1349540,16456,1,SR,1,100,0.066667
1667058766.688067,1349865,16506,1,SR,1,100,0.066667
1667058767.022878,1350192,16555,1,SR,1,100,0.066667
1667058767.555299,1350712,16686,1,SR,1,100,0.266667
1667058767.954615,1351102,16719,1,SR,1,100,0.066667
1667058768.156321,1351299,16767,1,SR,1,100,0.266667
1667058768.554613,1351688,16819,1,SR,1,100,0.133333
1667058768.818775,1351946,16854,1,SR,1,100,0.133333
1667058769.086010,1352207,16887,1,SR,1,100,0.066667
1667058769.416725,1352530,16953,1,SR,1,100,0.066667
1667058770.016722,1353116,17049,1,SR,1,100,0.133333
1667058770.550167,1353637,17162,1,SR,1,100,0.333333
1667058771.151189,1354224,17211,1,SR,1,100,0.066667
1667058771.880196,1354936,17386,1,SR,1,100,0.466667
1667058772.617394,1355656,17454,1,SR,1,100,0.066667
1667058773.215344,1356240,17583,1,SR,1,100,0.333333
1667058773.811246,1356822,17633,1,SR,1,100,0.066667
1667058774.414315,1357411,17747,1,SR,1,100,0.200000
1667058774.745030,1357734,17796,1,SR,1,100,0.200000
1667058775.080865,1358062,17829,1,SR,1,100,0.066667
1667058775.281547,1358258,17862,1,SR,1,100,0.066667
1667058775.482228,1358454,18120,1,SR,1,100,1.533333
1667058780.073335,1362938,18582,1,SR,1,100,0.066667
1667058780.272993,1363133,18616,1,SR,1,100,0.066667
1667058780.470603,1363326,18651,1,SR,1,100,0.066667
1667058780.669237,1363520,18730,1,SR,1,100,0.400000
1667058781.198586,1364037,18830,1,SR,1,100,0.466667
1667058781.796536,1364621,18864,1,SR,1,100,0.066667
1667058781.997218,1364817,18913,1,SR,1,100,0.200000
1667058782.596191,1365402,19185,1,SR,1,100,1.333333
1667058784.057277,1366829,19218,1,SR,1,100,0.066667
1667058784.260007,1367027,19270,1,SR,1,100,0.266667
1667058791.317656,1373920,20304,1,SR,1,100,0.066667
1667058791.917654,1374506,20401,1,SR,1,100,0.066667
1667058792.782838,1375351,20547,1,SR,1,100,0.133333
1667058794.384196,1376915,20833,1,SR,1,100,0.333333
1667058794.982146,1377499,20869,1,SR,1,100,0.066667
1667058806.158890,1388415,22648,1,SR,1,100,0.600000
1667058806.886873,1389126,22681,1,SR,1,100,0.066667
1667058807.219637,1389451,22733,1,SR,1,100,0.066667
1667058807.551376,1389775,22783,1,SR,1,100,0.066667
1667058811.748286,1393874,23419,1,SR,1,100,0.066667
1667058815.216190,1397261,23992,1,SR,1,100,0.333333
1667058816.214479,1398236,24103,1,SR,1,100,0.066667
1667058817.414474,1399408,24343,1,SR,1,100,0.400000
1667058818.740407,1400703,24504,1,SR,1,100,0.133333
1667058822.198071,1404080,25048,1,SR,1,100,0.200000
1667058833.517136,1415135,26991,1,SR,1,100,1.533333
1667058835.438971,1417012,27105,1,SR,1,100,0.333333
1667058840.297312,1421757,28110,1,SR,1,100,2.000000
1667058842.558054,1423965,28193,1,SR,1,100,0.266667
1667058846.155991,1427479,28764,1,SR,1,100,0.400000
1667058849.087378,1430342,29177,1,SR,1,100,0.133333
1667058849.484645,1430730,29259,1,SR,1,100,0.333333
1667058850.681569,1431899,29547,1,SR,1,100,1.000000
1667058851.947092,1433135,29642,1,SR,1,100,0.333333
1667058854.873360,1435993,30107,1,SR,1,100,0.333333
1667058855.605439,1436708,30287,1,SR,1,100,0.866667
1667058857.133077,1438200,30449,1,SR,1,100,0.400000
1667058862.997899,1443928,31405,1,SR,1,100,0.866667
1667058863.992093,1444899,31487,1,SR,1,100,0.400000
1667058864.928949,1445814,31646,1,SR,1,100,0.466667
1667058865.928262,1446790,31742,1,SR,1,100,0.133333
1667058866.724846,1447568,31956,1,SR,1,100,0.733333
1667058867.861360,1448678,32082,1,SR,1,100,0.466667
1667058868.989682,1449780,32481,1,SR,1,100,1.933333
1667058871.047694,1451790,32515,1,SR,1,100,0.066667
1667058873.369869,1454058,32898,1,SR,1,100,0.266667
1667058877.100911,1457702,33439,1,SR,1,100,0.133333
1667058880.230932,1460759,33937,1,SR,1,100,0.200000
1667058883.094742,1463556,34430,1,SR,1,100,0.600000
1667058890.421674,1470712,35512,1,SR,1,100,0.266667
1667058890.822013,1471103,35642,1,SR,1,100,0.666667
1667058893.148283,1473375,35977,1,SR,1,100,0.600000
1667058900.742449,1480792,37107,1,SR,1,100,0.333333
1667058901.206270,1481245,37191,1,SR,1,100,0.333333
1667058904.869735,1484823,37766,1,SR,1,100,0.400000
1667058906.662560,1486574,38088,1,SR,1,100,0.733333
1667058909.183369,1489036,38408,1,SR,1,100,0.266667
1667058918.438279,1498075,39939,1,SR,1,100,0.933333
1667058920.169671,1499766,40083,1,SR,1,100,0.133333
1667058920.704139,1500288,40162,1,SR,1,100,0.133333
1667058921.236560,1500808,40260,1,SR,1,100,0.133333
1667058934.878823,1514132,42439,1,SR,1,100,0.800000
1667058936.079842,1515305,42519,1,SR,1,100,0.133333
1667058941.068217,1520177,43383,1,SR,1,100,0.666667
1667058942.002001,1521089,43447,1,SR,1,100,0.200000
1667058955.708769,1534476,45593,1,SR,1,100,0.466667
1667058956.443920,1535194,45659,1,SR,1,100,0.066667
1667058956.976341,1535714,45740,1,SR,1,100,0.133333
1667058957.245623,1535977,45775,1,SR,1,100,0.066667
1667058974.016883,1552357,48361,1,SR,1,100,0.266667
1667058974.414151,1552745,48425,1,SR,1,100,0.200000
1667058975.548617,1553853,48618,1,SR,1,100,0.333333
1667058977.814478,1556066,48938,1,SR,1,100,0.133333
1667059059.473518,1635820,61683,1,SR,1,100,1.666667
1667059071.050602,1647127,63305,1,SR,1,100,0.733333
1667059072.185068,1648235,63501,1,SR,1,100,1.066667
1667059073.381992,1649404,63550,1,SR,1,100,0.133333
1667059073.918508,1649928,63710,1,SR,1,100,0.666667
1667059074.718163,1650709,63777,1,SR,1,100,0.333333
1667059075.716453,1651684,63887,1,SR,1,100,0.066667
1667059075.915087,1651878,63939,1,SR,1,100,0.133333
1667059077.250235,1653182,64291,1,SR,1,100,1.133333
1667059079.443399,1655324,64530,1,SR,1,100,0.533333
1667059080.771380,1656621,64788,1,SR,1,100,0.866667
1667059082.704478,1658509,64999,1,SR,1,100,0.266667
1667059083.102769,1658898,65064,1,SR,1,100,0.400000
1667059094.882583,1670403,1343,1,SR,1,100,0.533333
1667059095.683262,1671185,1567,1,SR,1,100,1.200000
1667059099.212599,1674632,1954,1,SR,1,100,0.133333
1667059108.136793,1683348,3323,1,SR,1,100,0.133333
1667059120.452100,1695376,5185,1,SR,1,100,0.066667
1667059126.567773,1701349,6173,1,SR,1,100,0.533333
1667059130.030557,1704731,6635,1,SR,1,100,0.133333
1667059140.608328,1715062,8309,1,SR,1,100,0.400000
1667059141.142797,1715584,8357,1,SR,1,100,0.133333
1667059151.858793,1726050,10030,1,SR,1,100,0.333333
1667059153.590184,1727741,10301,1,SR,1,100,0.333333
1667059155.388129,1729497,10574,1,SR,1,100,0.333333
1667059159.050571,1733074,11113,1,SR,1,100,0.133333
1667059164.713687,1738605,12024,1,SR,1,100,0.400000
1667059165.973067,1739835,12215,1,SR,1,100,0.333333
1667059224.613092,1797107,21227,1,SR,1,100,0.666667
1667059226.210355,1798667,21373,1,SR,1,100,0.066667
1667059226.676223,1799122,21455,1,SR,1,100,0.066667
1667059239.926338,1812063,23639,1,SR,1,100,1.000000
1667059241.186742,1813294,23688,1,SR,1,100,0.133333
1667059241.988445,1814077,23819,1,SR,1,100,0.133333
1667059244.583997,1816612,24520,1,SR,1,100,2.066667
1667059253.845050,1825657,25667,1,SR,1,100,0.333333
1667059254.310919,1826112,25700,1,SR,1,100,0.066667
1667059254.642658,1826436,25908,1,SR,1,100,1.066667
1667059255.969615,1827732,25959,1,SR,1,100,0.066667
1667059256.966880,1828706,26246,1,SR,1,100,0.933333
1667059258.158684,1829870,26294,1,SR,1,100,0.066667
1667059261.158671,1832800,26839,1,SR,1,100,0.733333
1667059265.480496,1837021,27462,1,SR,1,100,0.400000
1667059266.547386,1838063,27701,1,SR,1,100,0.866667
1667059268.480483,1839951,27912,1,SR,1,100,0.266667
1667059269.008809,1840467,28056,1,SR,1,100,0.733333
1667059270.408462,1841834,28200,1,SR,1,100,0.266667
1667059271.535760,1842935,28380,1,SR,1,100,0.200000
1667059284.055844,1855163,30306,1,SR,1,100,0.266667
1667059291.373560,1862310,31442,1,SR,1,100,0.400000
1667059294.962282,1865815,31937,1,SR,1,100,0.133333
1667059300.624375,1871345,32801,1,SR,1,100,0.133333
1667059301.022666,1871734,32897,1,SR,1,100,0.333333
1667059301.489559,1872190,32980,1,SR,1,100,0.400000
1667059309.201471,1879722,34133,1,SR,1,100,0.200000
1667059310.130136,1880629,34359,1,SR,1,100,0.733333
1667059311.527741,1881994,34600,1,SR,1,100,0.933333
1667059312.994971,1883427,34712,1,SR,1,100,0.133333
1667059320.850228,1891099,35956,1,SR,1,100,0.333333
1667059321.314048,1891552,35974,1,SR,1,100,0.066667
1667059324.313012,1894481,36452,1,SR,1,100,0.133333
1667059324.577174,1894739,36613,1,SR,1,100,0.866667
1667059338.688377,1908521,38766,1,SR,1,100,0.866667
1667059339.950829,1909754,38831,1,SR,1,100,0.066667
1667059344.678113,1914371,39582,1,SR,1,100,0.133333
1667059346.612235,1916260,39979,1,SR,1,100,0.866667
1667059368.779376,1937910,43310,1,SR,1,100,0.600000
1667059373.106320,1942136,43916,1,SR,1,100,0.200000
1667059373.576284,1942595,43983,1,SR,1,100,0.133333
1667059373.972528,1942982,44078,1,SR,1,100,0.333333
1667059404.191513,1972496,48725,1,SR,1,100,0.533333
1667059404.995264,1973281,48871,1,SR,1,100,0.666667
1667059488.645763,2054980,61588,1,SR,1,100,0.400000
1667059489.309242,2055628,61639,1,SR,1,100,0.066667
1667059489.778182,2056086,61721,1,SR,1,100,0.133333
1667059490.042344,2056344,61754,1,SR,1,100,0.066667
1667059490.244050,2056541,61787,1,SR,1,100,0.066667
1667059495.503755,2061678,62590,1,SR,1,100,0.066667
1667059496.235833,2062393,62719,1,SR,1,100,0.133333
1667059496.769278,2062914,62802,1,SR,1,100,0.200000
1667059497.503405,2063631,62964,1,SR,1,100,0.533333
1667059498.962443,2065056,63140,1,SR,1,100,0.133333
1667059499.364830,2065449,63240,1,SR,1,100,0.333333
1667059500.098957,2066166,63384,1,SR,1,100,0.533333
1667059501.570282,2067603,63531,1,SR,1,100,0.066667
1667059501.899973,2067925,63617,1,SR,1,100,0.333333
1667059502.767205,2068772,63781,1,SR,1,100,0.533333
1667059504.231363,2070202,63944,1,SR,1,100,0.133333
1667059504.698255,2070658,64024,1,SR,1,100,0.200000
1667059505.427262,2071370,64186,1,SR,1,100,0.466667
1667059506.689714,2072603,64332,1,SR,1,100,0.133333
1667059507.158654,2073061,64434,1,SR,1,100,0.400000
1667059507.954214,2073838,64563,1,SR,1,100,0.466667
1667059512.542249,2078319,65225,1,SR,1,100,0.266667
1667059513.078766,2078843,65355,1,SR,1,100,0.533333
1667059514.942239,2080663,58,1,SR,1,100,0.266667
1667059515.474660,2081183,173,1,SR,1,100,0.466667
1667059516.208786,2081900,207,1,SR,1,100,0.066667
1667059517.138475,2082808,387,1,SR,1,100,0.200000
1667059517.470215,2083132,419,1,SR,1,100,0.066667
1667059517.936083,2083587,570,1,SR,1,100,0.666667
1667059519.203654,2084825,747,1,SR,1,100,0.733333
1667059548.493974,2113432,5149,1,SR,1,100,0.133333
1667059552.497370,2117342,5793,1,SR,1,100,0.466667
1667059553.361530,2118186,5892,1,SR,1,100,0.200000
1667059558.756388,2123455,6729,1,SR,1,100,0.533333
1667059559.420890,2124104,6761,1,SR,1,100,0.066667
1667059559.619524,2124298,6815,1,SR,1,100,0.200000
1667059586.638864,2150687,10973,1,SR,1,100,0.333333
1667059587.573672,2151600,11148,1,SR,1,100,0.600000
1667059589.166840,2153156,11356,1,SR,1,100,0.333333
1667059590.162057,2154128,11503,1,SR,1,100,0.200000
1667059590.624854,2154580,11552,1,SR,1,100,0.133333
1667059591.621095,2155553,11766,1,SR,1,100,0.400000
1667059592.419727,2156333,11880,1,SR,1,100,0.400000
1667059593.884908,2157764,12123,1,SR,1,100,0.466667
1667059595.022446,2158875,12269,1,SR,1,100,0.266667
1667059595.551795,2159392,12318,1,SR,1,100,0.066667
1667059596.285922,2160109,12529,1,SR,1,100,0.666667
1667059597.484893,2161280,12659,1,SR,1,100,0.266667
1667059598.016290,2161799,12725,1,SR,1,100,0.133333
1667059598.943931,2162705,12886,1,SR,1,100,0.266667
1667059601.276345,2164983,13237,1,SR,1,100,0.266667
1667059602.211153,2165896,13387,1,SR,1,100,0.266667
1667059603.676334,2167327,13593,1,SR,1,100,0.133333
1667059604.744248,2168370,13756,1,SR,1,100,0.133333
1667059605.670865,2169275,13946,1,SR,1,100,0.400000
1667059606.205334,2169797,13982,1,SR,1,100,0.066667
1667059606.807379,2170385,14115,1,SR,1,100,0.333333
1667059607.472905,2171035,14244,1,SR,1,100,0.466667
1667059637.559809,2200420,18808,1,SR,1,100,0.200000
1667059637.893596,2200746,18877,1,SR,1,100,0.266667
1667059638.421921,2201262,18947,1,SR,1,100,0.133333
1667059748.313606,2308590,35777,1,SR,1,100,0.066667
1667059753.508806,2313664,36578,1,SR,1,100,0.200000
1667059754.306414,2314443,36740,1,SR,1,100,0.466667
1667059754.901292,2315024,36776,1,SR,1,100,0.066667
1667059755.102997,2315221,36809,1,SR,1,100,0.133333
1667059755.903677,2316003,36922,1,SR,1,100,0.066667
1667059756.104358,2316199,37004,1,SR,1,100,0.400000
1667059757.033023,2317106,37166,1,SR,1,100,0.533333
1667059757.699574,2317757,37214,1,SR,1,100,0.133333
1667059760.894099,2320877,37799,1,SR,1,100,0.733333
1667059761.758259,2321721,37831,1,SR,1,100,0.066667
1667059761.955869,2321914,38011,1,SR,1,100,1.066667
1667059763.821391,2323736,38158,1,SR,1,100,0.133333
1667059764.217635,2324123,38243,1,SR,1,100,0.333333
1667059764.819680,2324711,38292,1,SR,1,100,0.066667
1667059765.018314,2324905,38376,1,SR,1,100,0.333333
1667059766.422062,2326276,38585,1,SR,1,100,0.333333
1667059766.888954,2326732,38651,1,SR,1,100,0.200000
1667059767.219670,2327055,38669,1,SR,1,100,0.066667
1667059767.556528,2327384,38799,1,SR,1,100,0.466667
1667059768.683827,2328485,38912,1,SR,1,100,0.066667
1667059769.016590,2328810,38979,1,SR,1,100,0.133333
1667059769.285872,2329073,39017,1,SR,1,100,0.200000
1667059769.616588,2329396,39066,1,SR,1,100,0.133333
1667059769.884846,2329658,39119,1,SR,1,100,0.200000
1667059770.218633,2329984,39153,1,SR,1,100,0.133333
1667059770.684501,2330439,39359,1,SR,1,100,0.933333
1667059801.300754,2360341,43938,1,SR,1,100,0.533333
1667059801.968328,2360993,43974,1,SR,1,100,0.066667
1667059802.169010,2361189,44022,1,SR,1,100,0.200000
1667059802.499725,2361512,44074,1,SR,1,100,0.133333
1667059802.769007,2361775,44106,1,SR,1,100,0.066667
1667059802.966617,2361968,44157,1,SR,1,100,0.133333
1667059803.234876,2362230,44190,1,SR,1,100,0.133333
1667059815.540967,2374249,46084,1,SR,1,100,0.200000
1667059863.660558,2421246,53433,1,SR,1,100,0.200000
1667059865.523008,2423065,53702,1,SR,1,100,0.133333
1667059866.788532,2424301,53882,1,SR,1,100,0.066667
1667059866.990237,2424498,53961,1,SR,1,100,0.400000
1667059868.322314,2425799,54170,1,SR,1,100,0.333333
1667059880.570043,2437761,56049,1,SR,1,100,0.466667
1667059881.171065,2438348,56082,1,SR,1,100,0.066667
1667059882.436588,2439584,56274,1,SR,1,100,0.066667
1667059882.636246,2439779,56306,1,SR,1,100,0.066667
1667059882.833856,2439972,56357,1,SR,1,100,0.200000
1667059883.566959,2440688,56503,1,SR,1,100,0.333333
1667059884.165932,2441273,56553,1,SR,1,100,0.066667
1667059885.161150,2442245,56719,1,SR,1,100,0.200000
1667059885.496985,2442573,56767,1,SR,1,100,0.200000
1667059885.833843,2442902,56819,1,SR,1,100,0.133333
1667059890.696280,2447651,57607,1,SR,1,100,0.466667
1667059891.293206,2448234,57640,1,SR,1,100,0.066667
1667059892.026309,2448950,57769,1,SR,1,100,0.133333
1667059893.824253,2450706,58044,1,SR,1,100,0.133333
1667059900.478491,2457205,59107,1,SR,1,100,0.533333
1667059915.921771,2472288,61443,1,SR,1,100,0.266667
1667059916.588321,2472939,61498,1,SR,1,100,0.066667
1667059917.053165,2473393,61596,1,SR,1,100,0.200000
1667059917.386952,2473719,61629,1,SR,1,100,0.066667
1667059917.718692,2474043,61695,1,SR,1,100,0.200000
1667059969.696287,2524808,3964,1,SR,1,100,0.066667
1667059969.894921,2525002,4028,1,SR,1,100,0.200000
1667059970.228708,2525328,4061,1,SR,1,100,0.133333
1667059986.667205,2541383,6673,1,SR,1,100,0.666667
1667059987.605085,2542299,6725,1,SR,1,100,0.066667
1667059999.328585,2553749,8615,1,SR,1,100,0.533333
1667059999.992064,2554397,8781,1,SR,1,100,0.933333
1667060001.058953,2555439,8814,1,SR,1,100,0.133333
1667060001.856561,2556218,8958,1,SR,1,100,0.266667
1667060003.781467,2558098,9261,1,SR,1,100,0.333333
1667060010.235023,2564401,10259,1,SR,1,100,0.333333
1667060011.703277,2565835,10456,1,SR,1,100,0.066667
1667060018.825431,2572791,11565,1,SR,1,100,0.200000
1667060019.158194,2573116,11647,1,SR,1,100,0.333333
1667060019.757168,2573701,11695,1,SR,1,100,0.066667
1667060063.414662,2616340,18330,1,SR,1,100,0.200000
1667060097.492675,2649623,23513,1,SR,1,100,0.066667
1667060097.691309,2649817,23562,1,SR,1,100,0.133333
1667060098.023048,2650141,23598,1,SR,1,100,0.066667
1667060098.893351,2650991,23743,1,SR,1,100,0.066667
