LocalTimestamp,EmotiBitTimestamp,PacketNumber,DataLength,TypeTag,ProtocolVersion,DataReliability,DC
1672411490.037080,24506.000,1731,4,DC,2,100,EA
1672411490.037080,24506.000,1731,4,DC,2,100,2
1672411490.037080,24506.000,1731,4,DC,2,100,EL
1672411490.037080,24506.000,1731,4,DC,2,100,2
1672411490.074706,24542.750,1748,4,DC,2,100,EA
1672411490.112332,24579.500,1748,4,DC,2,100,2
1672411490.149958,24616.250,1748,4,DC,2,100,EL
1672411490.187584,24653.000,1748,4,DC,2,100,2
1672411490.213436,24678.250,1765,4,DC,2,100,EA
1672411490.239287,24703.500,1765,4,DC,2,100,2
1672411490.265139,24728.750,1765,4,DC,2,100,EL
1672411490.290991,24754.000,1765,4,DC,2,100,2
1672411490.317099,24779.500,1786,4,DC,2,100,EA
1672411490.343207,24805.000,1786,4,DC,2,100,1
1672411490.369315,24830.500,1786,4,DC,2,100,EL
1672411490.395422,24856.000,1786,4,DC,2,100,1
1672411490.421018,24881.000,1802,4,DC,2,100,EA
1672411490.446614,24906.000,1802,4,DC,2,100,2
1672411490.472210,24931.000,1802,4,DC,2,100,EL
1672411490.497806,24956.000,1802,4,DC,2,100,2
1672411490.523658,24981.250,1820,4,DC,2,100,EA
1672411490.549510,25006.500,1820,4,DC,2,100,2
1672411490.575362,25031.750,1820,4,DC,2,100,EL
1672411490.601214,25057.000,1820,4,DC,2,100,2
1672411490.629625,25084.750,1836,4,DC,2,100,EA
1672411490.658037,25112.500,1836,4,DC,2,100,1
1672411490.686448,25140.250,1836,4,DC,2,100,EL
1672411490.714859,25168.000,1836,4,DC,2,100,1
1672411490.740711,25193.250,1852,4,DC,2,100,EA
1672411490.766563,25218.500,1852,4,DC,2,100,2
1672411490.792415,25243.750,1852,4,DC,2,100,EL
1672411490.818267,25269.000,1852,4,DC,2,100,2
1672411490.844119,25294.250,1868,4,DC,2,100,EA
1672411490.869971,25319.500,1868,4,DC,2,100,1
1672411490.895823,25344.750,1868,4,DC,2,100,EL
1672411490.921674,25370.000,1868,4,DC,2,100,1
1672411490.947526,25395.250,1886,4,DC,2,100,EA
1672411490.973378,25420.500,1886,4,DC,2,100,2
1672411490.999230,25445.750,1886,4,DC,2,100,EL
1672411491.025082,25471.000,1886,4,DC,2,100,2
1672411491.050934,25496.250,1902,4,DC,2,100,EA
1672411491.076786,25521.500,1902,4,DC,2,100,2
1672411491.102638,25546.750,1902,4,DC,2,100,EL
1672411491.128489,25572.000,1902,4,DC,2,100,2
1672411491.154341,25597.250,1919,4,DC,2,100,EA
1672411491.180193,25622.500,1919,4,DC,2,100,1
1672411491.206045,25647.750,1919,4,DC,2,100,EL
1672411491.231897,25673.000,1919,4,DC,2,100,1
1672411491.257749,25698.250,1937,4,DC,2,100,EA
1672411491.283601,25723.500,1937,4,DC,2,100,2
1672411491.309453,25748.750,1937,4,DC,2,100,EL
1672411491.335304,25774.000,1937,4,DC,2,100,2
1672411491.361156,25799.250,1954,4,DC,2,100,EA
1672411491.387008,25824.500,1954,4,DC,2,100,1
1672411491.412860,25849.750,1954,4,DC,2,100,EL
1672411491.438712,25875.000,1954,4,DC,2,100,1
1672411491.464564,25900.250,1970,4,DC,2,100,EA
1672411491.490416,25925.500,1970,4,DC,2,100,2
1672411491.516268,25950.750,1970,4,DC,2,100,EL
1672411491.542120,25976.000,1970,4,DC,2,100,2
1672411491.577186,26010.250,1988,4,DC,2,100,EA
1672411491.612252,26044.500,1988,4,DC,2,100,2
1672411491.647319,26078.750,1988,4,DC,2,100,EL
1672411491.682385,26113.000,1988,4,DC,2,100,2
1672411491.707981,26138.000,2004,4,DC,2,100,EA
1672411491.733577,26163.000,2004,4,DC,2,100,1
1672411491.759173,26188.000,2004,4,DC,2,100,EL
1672411491.784769,26213.000,2004,4,DC,2,100,1
1672411491.810621,26238.250,2021,4,DC,2,100,EA
1672411491.836472,26263.500,2021,4,DC,2,100,2
1672411491.862324,26288.750,2021,4,DC,2,100,EL
1672411491.888176,26314.000,2021,4,DC,2,100,2
1672411491.914284,26339.500,2037,4,DC,2,100,EA
1672411491.940392,26365.000,2037,4,DC,2,100,1
1672411491.966500,26390.500,2037,4,DC,2,100,EL
1672411491.992607,26416.000,2037,4,DC,2,100,1
1672411492.018203,26441.000,2054,4,DC,2,100,EA
1672411492.043799,26466.000,2054,4,DC,2,100,2
1672411492.069395,26491.000,2054,4,DC,2,100,EL
1672411492.094991,26516.000,2054,4,DC,2,100,2
1672411492.120843,26541.250,2073,4,DC,2,100,EA
1672411492.146695,26566.500,2073,4,DC,2,100,2
1672411492.172547,26591.750,2073,4,DC,2,100,EL
1672411492.198399,26617.000,2073,4,DC,2,100,2
1672411492.226042,26644.000,2093,4,DC,2,100,EA
1672411492.253686,26671.000,2093,4,DC,2,100,1
1672411492.281329,26698.000,2093,4,DC,2,100,EL
1672411492.308973,26725.000,2093,4,DC,2,100,1
1672411492.334313,26749.750,2110,4,DC,2,100,EA
1672411492.359653,26774.500,2110,4,DC,2,100,2
1672411492.384993,26799.250,2110,4,DC,2,100,EL
1672411492.410333,26824.000,2110,4,DC,2,100,2
1672411492.436185,26849.250,2127,4,DC,2,100,EA
1672411492.462036,26874.500,2127,4,DC,2,100,1
1672411492.487888,26899.750,2127,4,DC,2,100,EL
1672411492.513740,26925.000,2127,4,DC,2,100,1
1672411492.539592,26950.250,2144,4,DC,2,100,EA
1672411492.565444,26975.500,2144,4,DC,2,100,2
1672411492.591296,27000.750,2144,4,DC,2,100,EL
1672411492.617148,27026.000,2144,4,DC,2,100,2
1672411492.658357,27066.250,2161,4,DC,2,100,EA
1672411492.699567,27106.500,2161,4,DC,2,100,2
1672411492.740776,27146.750,2161,4,DC,2,100,EL
1672411492.781985,27187.000,2161,4,DC,2,100,2
1672411492.807837,27212.250,2177,4,DC,2,100,EA
1672411492.833689,27237.500,2177,4,DC,2,100,2
1672411492.859541,27262.750,2177,4,DC,2,100,EL
1672411492.885393,27288.000,2177,4,DC,2,100,2
1672411492.911245,27313.250,2195,4,DC,2,100,EA
1672411492.937097,27338.500,2195,4,DC,2,100,1
1672411492.962949,27363.750,2195,4,DC,2,100,EL
1672411492.988800,27389.000,2195,4,DC,2,100,1
1672411493.014652,27414.250,2211,4,DC,2,100,EA
1672411493.040504,27439.500,2211,4,DC,2,100,2
1672411493.066356,27464.750,2211,4,DC,2,100,EL
1672411493.092208,27490.000,2211,4,DC,2,100,2
1672411493.118060,27515.250,2227,4,DC,2,100,EA
1672411493.143912,27540.500,2227,4,DC,2,100,2
1672411493.169763,27565.750,2227,4,DC,2,100,EL
1672411493.195615,27591.000,2227,4,DC,2,100,2
1672411493.221467,27616.250,2244,4,DC,2,100,EA
1672411493.247319,27641.500,2244,4,DC,2,100,1
1672411493.273171,27666.750,2244,4,DC,2,100,EL
1672411493.299023,27692.000,2244,4,DC,2,100,1
1672411493.324875,27717.250,2263,4,DC,2,100,EA
1672411493.350727,27742.500,2263,4,DC,2,100,2
1672411493.376578,27767.750,2263,4,DC,2,100,EL
1672411493.402430,27793.000,2263,4,DC,2,100,2
1672411493.428282,27818.250,2279,4,DC,2,100,EA
1672411493.454134,27843.500,2279,4,DC,2,100,1
1672411493.479986,27868.750,2279,4,DC,2,100,EL
1672411493.505838,27894.000,2279,4,DC,2,100,1
1672411493.531690,27919.250,2296,4,DC,2,100,EA
1672411493.557542,27944.500,2296,4,DC,2,100,2
1672411493.583393,27969.750,2296,4,DC,2,100,EL
1672411493.609245,27995.000,2296,4,DC,2,100,2
1672411493.635097,28020.250,2312,4,DC,2,100,EA
1672411493.660949,28045.500,2312,4,DC,2,100,1
1672411493.686801,28070.750,2312,4,DC,2,100,EL
1672411493.712653,28096.000,2312,4,DC,2,100,1
1672411493.738505,28121.250,2329,4,DC,2,100,EA
1672411493.764356,28146.500,2329,4,DC,2,100,2
1672411493.790208,28171.750,2329,4,DC,2,100,EL
1672411493.816060,28197.000,2329,4,DC,2,100,2
1672411493.842168,28222.500,2347,4,DC,2,100,EA
1672411493.868276,28248.000,2347,4,DC,2,100,1
1672411493.894384,28273.500,2347,4,DC,2,100,EL
1672411493.920491,28299.000,2347,4,DC,2,100,1
1672411493.946087,28324.000,2364,4,DC,2,100,EA
1672411493.971683,28349.000,2364,4,DC,2,100,2
1672411493.997279,28374.000,2364,4,DC,2,100,EL
1672411494.022875,28399.000,2364,4,DC,2,100,2
1672411494.054102,28429.500,2380,4,DC,2,100,EA
1672411494.085329,28460.000,2380,4,DC,2,100,2
1672411494.116556,28490.500,2380,4,DC,2,100,EL
1672411494.147783,28521.000,2380,4,DC,2,100,2
1672411494.173379,28546.000,2397,4,DC,2,100,EA
1672411494.198975,28571.000,2397,4,DC,2,100,1
1672411494.224571,28596.000,2397,4,DC,2,100,EL
1672411494.250167,28621.000,2397,4,DC,2,100,1
1672411494.276019,28646.250,2416,4,DC,2,100,EA
1672411494.301871,28671.500,2416,4,DC,2,100,2
1672411494.327723,28696.750,2416,4,DC,2,100,EL
1672411494.353574,28722.000,2416,4,DC,2,100,2
1672411494.379426,28747.250,2433,4,DC,2,100,EA
1672411494.405278,28772.500,2433,4,DC,2,100,1
1672411494.431130,28797.750,2433,4,DC,2,100,EL
1672411494.456982,28823.000,2433,4,DC,2,100,1
1672411494.482834,28848.250,2449,4,DC,2,100,EA
1672411494.508686,28873.500,2449,4,DC,2,100,2
1672411494.534538,28898.750,2449,4,DC,2,100,EL
1672411494.560389,28924.000,2449,4,DC,2,100,2
1672411494.586241,28949.250,2466,4,DC,2,100,EA
1672411494.612093,28974.500,2466,4,DC,2,100,2
1672411494.637945,28999.750,2466,4,DC,2,100,EL
1672411494.663797,29025.000,2466,4,DC,2,100,2
1672411494.697839,29058.250,2482,4,DC,2,100,EA
1672411494.731882,29091.500,2482,4,DC,2,100,2
1672411494.765924,29124.750,2482,4,DC,2,100,EL
1672411494.799967,29158.000,2482,4,DC,2,100,2
1672411494.825563,29183.000,2499,4,DC,2,100,EA
1672411494.851159,29208.000,2499,4,DC,2,100,1
1672411494.876755,29233.000,2499,4,DC,2,100,EL
1672411494.902351,29258.000,2499,4,DC,2,100,1
1672411494.928203,29283.250,2516,4,DC,2,100,EA
1672411494.954054,29308.500,2516,4,DC,2,100,2
1672411494.979906,29333.750,2516,4,DC,2,100,EL
1672411495.005758,29359.000,2516,4,DC,2,100,2
1672411495.031610,29384.250,2533,4,DC,2,100,EA
1672411495.057462,29409.500,2533,4,DC,2,100,1
1672411495.083314,29434.750,2533,4,DC,2,100,EL
1672411495.109166,29460.000,2533,4,DC,2,100,1
1672411495.135018,29485.250,2548,4,DC,2,100,EA
1672411495.160869,29510.500,2548,4,DC,2,100,2
1672411495.186721,29535.750,2548,4,DC,2,100,EL
1672411495.212573,29561.000,2548,4,DC,2,100,2
1672411495.239193,29587.000,2568,4,DC,2,100,EA
1672411495.265813,29613.000,2568,4,DC,2,100,1
1672411495.292432,29639.000,2568,4,DC,2,100,EL
1672411495.319052,29665.000,2568,4,DC,2,100,1
1672411495.344136,29689.500,2586,4,DC,2,100,EA
1672411495.369220,29714.000,2586,4,DC,2,100,2
1672411495.394304,29738.500,2586,4,DC,2,100,EL
1672411495.419388,29763.000,2586,4,DC,2,100,2
1672411495.445240,29788.250,2603,4,DC,2,100,EA
1672411495.471092,29813.500,2603,4,DC,2,100,1
1672411495.496944,29838.750,2603,4,DC,2,100,EL
1672411495.522796,29864.000,2603,4,DC,2,100,1
1672411495.548647,29889.250,2620,4,DC,2,100,EA
1672411495.574499,29914.500,2620,4,DC,2,100,2
1672411495.600351,29939.750,2620,4,DC,2,100,EL
1672411495.626203,29965.000,2620,4,DC,2,100,2
1672411495.664853,30002.750,2636,4,DC,2,100,EA
1672411495.703503,30040.500,2636,4,DC,2,100,2
1672411495.742153,30078.250,2636,4,DC,2,100,EL
1672411495.780802,30116.000,2636,4,DC,2,100,2
1672411495.806654,30141.250,2652,4,DC,2,100,EA
1672411495.832506,30166.500,2652,4,DC,2,100,2
1672411495.858358,30191.750,2652,4,DC,2,100,EL
1672411495.884210,30217.000,2652,4,DC,2,100,2
1672411495.910062,30242.250,2670,4,DC,2,100,EA
1672411495.935914,30267.500,2670,4,DC,2,100,1
1672411495.961766,30292.750,2670,4,DC,2,100,EL
1672411495.987617,30318.000,2670,4,DC,2,100,1
1672411496.013469,30343.250,2686,4,DC,2,100,EA
1672411496.039321,30368.500,2686,4,DC,2,100,2
1672411496.065173,30393.750,2686,4,DC,2,100,EL
1672411496.091025,30419.000,2686,4,DC,2,100,2
1672411496.116877,30444.250,2703,4,DC,2,100,EA
1672411496.142729,30469.500,2703,4,DC,2,100,2
1672411496.168581,30494.750,2703,4,DC,2,100,EL
1672411496.194432,30520.000,2703,4,DC,2,100,2
1672411496.220284,30545.250,2720,4,DC,2,100,EA
1672411496.246136,30570.500,2720,4,DC,2,100,1
1672411496.271988,30595.750,2720,4,DC,2,100,EL
1672411496.297840,30621.000,2720,4,DC,2,100,1
1672411496.324203,30646.750,2740,4,DC,2,100,EA
1672411496.350567,30672.500,2740,4,DC,2,100,2
1672411496.376931,30698.250,2740,4,DC,2,100,EL
1672411496.403295,30724.000,2740,4,DC,2,100,2
1672411496.428635,30748.750,2756,4,DC,2,100,EA
1672411496.453975,30773.500,2756,4,DC,2,100,1
1672411496.479315,30798.250,2756,4,DC,2,100,EL
1672411496.504655,30823.000,2756,4,DC,2,100,1
1672411496.531275,30849.000,2774,4,DC,2,100,EA
1672411496.557894,30875.000,2774,4,DC,2,100,2
1672411496.584514,30901.000,2774,4,DC,2,100,EL
1672411496.611134,30927.000,2774,4,DC,2,100,2
1672411496.636730,30952.000,2790,4,DC,2,100,EA
1672411496.662326,30977.000,2790,4,DC,2,100,1
1672411496.687922,31002.000,2790,4,DC,2,100,EL
1672411496.713517,31027.000,2790,4,DC,2,100,1
1672411496.756007,31068.500,2806,4,DC,2,100,EA
1672411496.798496,31110.000,2806,4,DC,2,100,3
1672411496.840985,31151.500,2806,4,DC,2,100,EL
1672411496.883474,31193.000,2806,4,DC,2,100,3
1672411496.918797,31227.500,2823,4,DC,2,100,EA
1672411496.954119,31262.000,2823,4,DC,2,100,2
1672411496.989441,31296.500,2823,4,DC,2,100,EL
1672411497.024764,31331.000,2823,4,DC,2,100,2
1672411497.071860,31377.000,2840,4,DC,2,100,EA
1672411497.118957,31423.000,2840,4,DC,2,100,3
1672411497.166053,31469.000,2840,4,DC,2,100,EL
1672411497.213150,31515.000,2840,4,DC,2,100,3
1672411497.238745,31540.000,2857,4,DC,2,100,EA
1672411497.264341,31565.000,2857,4,DC,2,100,1
1672411497.289937,31590.000,2857,4,DC,2,100,EL
1672411497.315533,31615.000,2857,4,DC,2,100,1
1672411497.345480,31644.250,2881,4,DC,2,100,EA
1672411497.375428,31673.500,2881,4,DC,2,100,2
1672411497.405375,31702.750,2881,4,DC,2,100,EL
1672411497.435322,31732.000,2881,4,DC,2,100,2
1672411497.461174,31757.250,2897,4,DC,2,100,EA
1672411497.487026,31782.500,2897,4,DC,2,100,2
1672411497.512878,31807.750,2897,4,DC,2,100,EL
1672411497.538730,31833.000,2897,4,DC,2,100,2
1672411497.564581,31858.250,2915,4,DC,2,100,EA
1672411497.590433,31883.500,2915,4,DC,2,100,1
1672411497.616285,31908.750,2915,4,DC,2,100,EL
1672411497.642137,31934.000,2915,4,DC,2,100,1
1672411497.667989,31959.250,2930,4,DC,2,100,EA
1672411497.693841,31984.500,2930,4,DC,2,100,2
1672411497.719693,32009.750,2930,4,DC,2,100,EL
1672411497.745545,32035.000,2930,4,DC,2,100,2
1672411497.771396,32060.250,2947,4,DC,2,100,EA
1672411497.797248,32085.500,2947,4,DC,2,100,1
1672411497.823100,32110.750,2947,4,DC,2,100,EL
1672411497.848952,32136.000,2947,4,DC,2,100,1
1672411497.875060,32161.500,2964,4,DC,2,100,EA
1672411497.901168,32187.000,2964,4,DC,2,100,2
1672411497.927276,32212.500,2964,4,DC,2,100,EL
1672411497.953383,32238.000,2964,4,DC,2,100,2
1672411497.978979,32263.000,2981,4,DC,2,100,EA
1672411498.004575,32288.000,2981,4,DC,2,100,1
1672411498.030171,32313.000,2981,4,DC,2,100,EL
1672411498.055767,32338.000,2981,4,DC,2,100,1
1672411498.081619,32363.250,2997,4,DC,2,100,EA
1672411498.107471,32388.500,2997,4,DC,2,100,2
1672411498.133323,32413.750,2997,4,DC,2,100,EL
1672411498.159174,32439.000,2997,4,DC,2,100,2
1672411498.185026,32464.250,3014,4,DC,2,100,EA
1672411498.210878,32489.500,3014,4,DC,2,100,2
1672411498.236730,32514.750,3014,4,DC,2,100,EL
1672411498.262582,32540.000,3014,4,DC,2,100,2
1672411498.288434,32565.250,3032,4,DC,2,100,EA
1672411498.314286,32590.500,3032,4,DC,2,100,1
1672411498.340138,32615.750,3032,4,DC,2,100,EL
1672411498.365989,32641.000,3032,4,DC,2,100,1
1672411498.391841,32666.250,3049,4,DC,2,100,EA
1672411498.417693,32691.500,3049,4,DC,2,100,2
1672411498.443545,32716.750,3049,4,DC,2,100,EL
1672411498.469397,32742.000,3049,4,DC,2,100,2
1672411498.495249,32767.250,3065,4,DC,2,100,EA
1672411498.521101,32792.500,3065,4,DC,2,100,1
1672411498.546952,32817.750,3065,4,DC,2,100,EL
1672411498.572804,32843.000,3065,4,DC,2,100,1
1672411498.598656,32868.250,3082,4,DC,2,100,EA
1672411498.624508,32893.500,3082,4,DC,2,100,2
1672411498.650360,32918.750,3082,4,DC,2,100,EL
1672411498.676212,32944.000,3082,4,DC,2,100,2
1672411498.702064,32969.250,3098,4,DC,2,100,EA
1672411498.727916,32994.500,3098,4,DC,2,100,1
1672411498.753767,33019.750,3098,4,DC,2,100,EL
1672411498.779619,33045.000,3098,4,DC,2,100,1
1672411498.805471,33070.250,3115,4,DC,2,100,EA
1672411498.831323,33095.500,3115,4,DC,2,100,2
1672411498.857175,33120.750,3115,4,DC,2,100,EL
1672411498.883027,33146.000,3115,4,DC,2,100,2
1672411498.908879,33171.250,3132,4,DC,2,100,EA
1672411498.934731,33196.500,3132,4,DC,2,100,2
1672411498.960582,33221.750,3132,4,DC,2,100,EL
1672411498.986434,33247.000,3132,4,DC,2,100,2
1672411499.012286,33272.250,3149,4,DC,2,100,EA
1672411499.038138,33297.500,3149,4,DC,2,100,1
1672411499.063990,33322.750,3149,4,DC,2,100,EL
1672411499.089842,33348.000,3149,4,DC,2,100,1
1672411499.115950,33373.500,3166,4,DC,2,100,EA
1672411499.142058,33399.000,3166,4,DC,2,100,2
1672411499.168165,33424.500,3166,4,DC,2,100,EL
1672411499.194273,33450.000,3166,4,DC,2,100,2
1672411499.219869,33475.000,3184,4,DC,2,100,EA
1672411499.245465,33500.000,3184,4,DC,2,100,1
1672411499.271061,33525.000,3184,4,DC,2,100,EL
1672411499.296657,33550.000,3184,4,DC,2,100,1
1672411499.322509,33575.250,3202,4,DC,2,100,EA
1672411499.348361,33600.500,3202,4,DC,2,100,2
1672411499.374213,33625.750,3202,4,DC,2,100,EL
1672411499.400064,33651.000,3202,4,DC,2,100,2
1672411499.425916,33676.250,3219,4,DC,2,100,EA
1672411499.451768,33701.500,3219,4,DC,2,100,1
1672411499.477620,33726.750,3219,4,DC,2,100,EL
1672411499.503472,33752.000,3219,4,DC,2,100,1
1672411499.529324,33777.250,3235,4,DC,2,100,EA
1672411499.555176,33802.500,3235,4,DC,2,100,2
1672411499.581028,33827.750,3235,4,DC,2,100,EL
1672411499.606879,33853.000,3235,4,DC,2,100,2
1672411499.632731,33878.250,3252,4,DC,2,100,EA
1672411499.658583,33903.500,3252,4,DC,2,100,1
1672411499.684435,33928.750,3252,4,DC,2,100,EL
1672411499.710287,33954.000,3252,4,DC,2,100,1
1672411499.736139,33979.250,3269,4,DC,2,100,EA
1672411499.761991,34004.500,3269,4,DC,2,100,2
1672411499.787843,34029.750,3269,4,DC,2,100,EL
1672411499.813694,34055.000,3269,4,DC,2,100,2
1672411499.839546,34080.250,3286,4,DC,2,100,EA
1672411499.865398,34105.500,3286,4,DC,2,100,1
1672411499.891250,34130.750,3286,4,DC,2,100,EL
1672411499.917102,34156.000,3286,4,DC,2,100,1
1672411499.942954,34181.250,3303,4,DC,2,100,EA
1672411499.968806,34206.500,3303,4,DC,2,100,2
1672411499.994657,34231.750,3303,4,DC,2,100,EL
1672411500.020509,34257.000,3303,4,DC,2,100,2
1672411500.046361,34282.250,3319,4,DC,2,100,EA
1672411500.072213,34307.500,3319,4,DC,2,100,2
1672411500.098065,34332.750,3319,4,DC,2,100,EL
1672411500.123917,34358.000,3319,4,DC,2,100,2
1672411500.150025,34383.500,3335,4,DC,2,100,EA
1672411500.176132,34409.000,3335,4,DC,2,100,1
1672411500.202240,34434.500,3335,4,DC,2,100,EL
1672411500.228348,34460.000,3335,4,DC,2,100,1
1672411500.253944,34485.000,3355,4,DC,2,100,EA
1672411500.279540,34510.000,3355,4,DC,2,100,2
1672411500.305136,34535.000,3355,4,DC,2,100,EL
1672411500.330732,34560.000,3355,4,DC,2,100,2
1672411500.356584,34585.250,3371,4,DC,2,100,EA
1672411500.382435,34610.500,3371,4,DC,2,100,1
1672411500.408287,34635.750,3371,4,DC,2,100,EL
1672411500.434139,34661.000,3371,4,DC,2,100,1
1672411500.459991,34686.250,3387,4,DC,2,100,EA
1672411500.485843,34711.500,3387,4,DC,2,100,2
1672411500.511695,34736.750,3387,4,DC,2,100,EL
1672411500.537547,34762.000,3387,4,DC,2,100,2
1672411500.563399,34787.250,3404,4,DC,2,100,EA
1672411500.589250,34812.500,3404,4,DC,2,100,1
1672411500.615102,34837.750,3404,4,DC,2,100,EL
1672411500.640954,34863.000,3404,4,DC,2,100,1
1672411500.667062,34888.500,3421,4,DC,2,100,EA
1672411500.693170,34914.000,3421,4,DC,2,100,2
1672411500.719278,34939.500,3421,4,DC,2,100,EL
1672411500.745385,34965.000,3421,4,DC,2,100,2
1672411500.770981,34990.000,3437,4,DC,2,100,EA
1672411500.796577,35015.000,3437,4,DC,2,100,1
1672411500.822173,35040.000,3437,4,DC,2,100,EL
1672411500.847769,35065.000,3437,4,DC,2,100,1
1672411500.873621,35090.250,3455,4,DC,2,100,EA
1672411500.899473,35115.500,3455,4,DC,2,100,2
1672411500.925325,35140.750,3455,4,DC,2,100,EL
1672411500.951177,35166.000,3455,4,DC,2,100,2
1672411500.977028,35191.250,3470,4,DC,2,100,EA
1672411501.002880,35216.500,3470,4,DC,2,100,2
1672411501.028732,35241.750,3470,4,DC,2,100,EL
1672411501.054584,35267.000,3470,4,DC,2,100,2
1672411501.080436,35292.250,3487,4,DC,2,100,EA
1672411501.106288,35317.500,3487,4,DC,2,100,1
1672411501.132140,35342.750,3487,4,DC,2,100,EL
1672411501.157992,35368.000,3487,4,DC,2,100,1
1672411501.184099,35393.500,3504,4,DC,2,100,EA
1672411501.210207,35419.000,3504,4,DC,2,100,2
1672411501.236315,35444.500,3504,4,DC,2,100,EL
1672411501.262423,35470.000,3504,4,DC,2,100,2
1672411501.288019,35495.000,3523,4,DC,2,100,EA
1672411501.313615,35520.000,3523,4,DC,2,100,1
1672411501.339211,35545.000,3523,4,DC,2,100,EL
1672411501.364806,35570.000,3523,4,DC,2,100,1
1672411501.390658,35595.250,3538,4,DC,2,100,EA
1672411501.416510,35620.500,3538,4,DC,2,100,2
1672411501.442362,35645.750,3538,4,DC,2,100,EL
1672411501.468214,35671.000,3538,4,DC,2,100,2
1672411501.494066,35696.250,3555,4,DC,2,100,EA
1672411501.519918,35721.500,3555,4,DC,2,100,1
1672411501.545770,35746.750,3555,4,DC,2,100,EL
1672411501.571621,35772.000,3555,4,DC,2,100,1
1672411501.597473,35797.250,3572,4,DC,2,100,EA
1672411501.623325,35822.500,3572,4,DC,2,100,2
1672411501.649177,35847.750,3572,4,DC,2,100,EL
1672411501.675029,35873.000,3572,4,DC,2,100,2
1672411501.700881,35898.250,3589,4,DC,2,100,EA
1672411501.726733,35923.500,3589,4,DC,2,100,1
1672411501.752585,35948.750,3589,4,DC,2,100,EL
1672411501.778436,35974.000,3589,4,DC,2,100,1
1672411501.804288,35999.250,3605,4,DC,2,100,EA
1672411501.830140,36024.500,3605,4,DC,2,100,2
1672411501.855992,36049.750,3605,4,DC,2,100,EL
1672411501.881844,36075.000,3605,4,DC,2,100,2
1672411501.907696,36100.250,3622,4,DC,2,100,EA
1672411501.933548,36125.500,3622,4,DC,2,100,2
1672411501.959399,36150.750,3622,4,DC,2,100,EL
1672411501.985251,36176.000,3622,4,DC,2,100,2
1672411502.011103,36201.250,3638,4,DC,2,100,EA
1672411502.036955,36226.500,3638,4,DC,2,100,1
1672411502.062807,36251.750,3638,4,DC,2,100,EL
1672411502.088659,36277.000,3638,4,DC,2,100,1
1672411502.114511,36302.250,3655,4,DC,2,100,EA
1672411502.140363,36327.500,3655,4,DC,2,100,2
1672411502.166214,36352.750,3655,4,DC,2,100,EL
1672411502.192066,36378.000,3655,4,DC,2,100,2
1672411502.217918,36403.250,3672,4,DC,2,100,EA
1672411502.243770,36428.500,3672,4,DC,2,100,1
1672411502.269622,36453.750,3672,4,DC,2,100,EL
1672411502.295474,36479.000,3672,4,DC,2,100,1
1672411502.321326,36504.250,3690,4,DC,2,100,EA
1672411502.347178,36529.500,3690,4,DC,2,100,2
1672411502.373029,36554.750,3690,4,DC,2,100,EL
1672411502.398881,36580.000,3690,4,DC,2,100,2
1672411502.424733,36605.250,3706,4,DC,2,100,EA
1672411502.450585,36630.500,3706,4,DC,2,100,1
1672411502.476437,36655.750,3706,4,DC,2,100,EL
1672411502.502289,36681.000,3706,4,DC,2,100,1
1672411502.538891,36716.750,3729,4,DC,2,100,EA
1672411502.575493,36752.500,3729,4,DC,2,100,3
1672411502.612095,36788.250,3729,4,DC,2,100,EL
1672411502.648697,36824.000,3729,4,DC,2,100,3
1672411502.674293,36849.000,3745,4,DC,2,100,EA
1672411502.699889,36874.000,3745,4,DC,2,100,1
1672411502.725485,36899.000,3745,4,DC,2,100,EL
1672411502.751081,36924.000,3745,4,DC,2,100,1
1672411502.776933,36949.250,3762,4,DC,2,100,EA
1672411502.802785,36974.500,3762,4,DC,2,100,2
1672411502.828637,36999.750,3762,4,DC,2,100,EL
1672411502.854489,37025.000,3762,4,DC,2,100,2
1672411502.880341,37050.250,3779,4,DC,2,100,EA
1672411502.906192,37075.500,3779,4,DC,2,100,1
1672411502.932044,37100.750,3779,4,DC,2,100,EL
1672411502.957896,37126.000,3779,4,DC,2,100,1
1672411502.983748,37151.250,3795,4,DC,2,100,EA
1672411503.009600,37176.500,3795,4,DC,2,100,2
1672411503.035452,37201.750,3795,4,DC,2,100,EL
1672411503.061304,37227.000,3795,4,DC,2,100,2
1672411503.090483,37255.500,3813,4,DC,2,100,EA
1672411503.119662,37284.000,3813,4,DC,2,100,1
1672411503.148842,37312.500,3813,4,DC,2,100,EL
1672411503.178021,37341.000,3813,4,DC,2,100,1
1672411503.203361,37365.750,3831,4,DC,2,100,EA
1672411503.228701,37390.500,3831,4,DC,2,100,2
1672411503.254041,37415.250,3831,4,DC,2,100,EL
1672411503.279381,37440.000,3831,4,DC,2,100,2
1672411503.305233,37465.250,3849,4,DC,2,100,EA
1672411503.331084,37490.500,3849,4,DC,2,100,2
1672411503.356936,37515.750,3849,4,DC,2,100,EL
1672411503.382788,37541.000,3849,4,DC,2,100,2
1672411503.408640,37566.250,3866,4,DC,2,100,EA
1672411503.434492,37591.500,3866,4,DC,2,100,1
1672411503.460344,37616.750,3866,4,DC,2,100,EL
1672411503.486196,37642.000,3866,4,DC,2,100,1
1672411503.512048,37667.250,3882,4,DC,2,100,EA
1672411503.537899,37692.500,3882,4,DC,2,100,2
1672411503.563751,37717.750,3882,4,DC,2,100,EL
1672411503.589603,37743.000,3882,4,DC,2,100,2
1672411503.615455,37768.250,3899,4,DC,2,100,EA
1672411503.641307,37793.500,3899,4,DC,2,100,1
1672411503.667159,37818.750,3899,4,DC,2,100,EL
1672411503.693011,37844.000,3899,4,DC,2,100,1
1672411503.718863,37869.250,3915,4,DC,2,100,EA
1672411503.744714,37894.500,3915,4,DC,2,100,2
1672411503.770566,37919.750,3915,4,DC,2,100,EL
1672411503.796418,37945.000,3915,4,DC,2,100,2
1672411503.822270,37970.250,3932,4,DC,2,100,EA
1672411503.848122,37995.500,3932,4,DC,2,100,1
1672411503.873974,38020.750,3932,4,DC,2,100,EL
1672411503.899826,38046.000,3932,4,DC,2,100,1
1672411503.925933,38071.500,3949,4,DC,2,100,EA
1672411503.952041,38097.000,3949,4,DC,2,100,2
1672411503.978149,38122.500,3949,4,DC,2,100,EL
1672411504.004257,38148.000,3949,4,DC,2,100,2
1672411504.029853,38173.000,3965,4,DC,2,100,EA
1672411504.055449,38198.000,3965,4,DC,2,100,2
1672411504.081045,38223.000,3965,4,DC,2,100,EL
1672411504.106641,38248.000,3965,4,DC,2,100,2
1672411504.132493,38273.250,3981,4,DC,2,100,EA
1672411504.158344,38298.500,3981,4,DC,2,100,1
1672411504.184196,38323.750,3981,4,DC,2,100,EL
1672411504.210048,38349.000,3981,4,DC,2,100,1
1672411504.235900,38374.250,4001,4,DC,2,100,EA
1672411504.261752,38399.500,4001,4,DC,2,100,2
1672411504.287604,38424.750,4001,4,DC,2,100,EL
1672411504.313456,38450.000,4001,4,DC,2,100,2
1672411504.339308,38475.250,4017,4,DC,2,100,EA
1672411504.365159,38500.500,4017,4,DC,2,100,1
1672411504.391011,38525.750,4017,4,DC,2,100,EL
1672411504.416863,38551.000,4017,4,DC,2,100,1
1672411504.442715,38576.250,4033,4,DC,2,100,EA
1672411504.468567,38601.500,4033,4,DC,2,100,2
1672411504.494419,38626.750,4033,4,DC,2,100,EL
1672411504.520271,38652.000,4033,4,DC,2,100,2
1672411504.546378,38677.500,4050,4,DC,2,100,EA
1672411504.572486,38703.000,4050,4,DC,2,100,1
1672411504.598594,38728.500,4050,4,DC,2,100,EL
1672411504.624702,38754.000,4050,4,DC,2,100,1
1672411504.650298,38779.000,4067,4,DC,2,100,EA
1672411504.675894,38804.000,4067,4,DC,2,100,2
1672411504.701490,38829.000,4067,4,DC,2,100,EL
1672411504.727086,38854.000,4067,4,DC,2,100,2
1672411504.752937,38879.250,4083,4,DC,2,100,EA
1672411504.778789,38904.500,4083,4,DC,2,100,1
1672411504.804641,38929.750,4083,4,DC,2,100,EL
1672411504.830493,38955.000,4083,4,DC,2,100,1
1672411504.856345,38980.250,4101,4,DC,2,100,EA
1672411504.882197,39005.500,4101,4,DC,2,100,2
1672411504.908049,39030.750,4101,4,DC,2,100,EL
1672411504.933901,39056.000,4101,4,DC,2,100,2
1672411504.960008,39081.500,4116,4,DC,2,100,EA
1672411504.986116,39107.000,4116,4,DC,2,100,1
1672411505.012224,39132.500,4116,4,DC,2,100,EL
1672411505.038332,39158.000,4116,4,DC,2,100,1
1672411505.063928,39183.000,4133,4,DC,2,100,EA
1672411505.089524,39208.000,4133,4,DC,2,100,2
1672411505.115119,39233.000,4133,4,DC,2,100,EL
1672411505.140715,39258.000,4133,4,DC,2,100,2
1672411505.166567,39283.250,4150,4,DC,2,100,EA
1672411505.192419,39308.500,4150,4,DC,2,100,2
1672411505.218271,39333.750,4150,4,DC,2,100,EL
1672411505.244123,39359.000,4150,4,DC,2,100,2
1672411505.269975,39384.250,4169,4,DC,2,100,EA
1672411505.295827,39409.500,4169,4,DC,2,100,1
1672411505.321679,39434.750,4169,4,DC,2,100,EL
1672411505.347530,39460.000,4169,4,DC,2,100,1
1672411505.373382,39485.250,4184,4,DC,2,100,EA
1672411505.399234,39510.500,4184,4,DC,2,100,2
1672411505.425086,39535.750,4184,4,DC,2,100,EL
1672411505.450938,39561.000,4184,4,DC,2,100,2
1672411505.476790,39586.250,4201,4,DC,2,100,EA
1672411505.502642,39611.500,4201,4,DC,2,100,1
1672411505.528493,39636.750,4201,4,DC,2,100,EL
1672411505.554345,39662.000,4201,4,DC,2,100,1
1672411505.580197,39687.250,4218,4,DC,2,100,EA
1672411505.606049,39712.500,4218,4,DC,2,100,2
1672411505.631901,39737.750,4218,4,DC,2,100,EL
1672411505.657753,39763.000,4218,4,DC,2,100,2
1672411505.683605,39788.250,4235,4,DC,2,100,EA
1672411505.709457,39813.500,4235,4,DC,2,100,1
1672411505.735308,39838.750,4235,4,DC,2,100,EL
1672411505.761160,39864.000,4235,4,DC,2,100,1
1672411505.787268,39889.500,4250,4,DC,2,100,EA
1672411505.813376,39915.000,4250,4,DC,2,100,2
1672411505.839484,39940.500,4250,4,DC,2,100,EL
1672411505.865592,39966.000,4250,4,DC,2,100,2
1672411505.891188,39991.000,4268,4,DC,2,100,EA
1672411505.916784,40016.000,4268,4,DC,2,100,1
1672411505.942379,40041.000,4268,4,DC,2,100,EL
1672411505.967975,40066.000,4268,4,DC,2,100,1
1672411505.993827,40091.250,4284,4,DC,2,100,EA
1672411506.019679,40116.500,4284,4,DC,2,100,2
1672411506.045531,40141.750,4284,4,DC,2,100,EL
1672411506.071383,40167.000,4284,4,DC,2,100,2
1672411506.097235,40192.250,4301,4,DC,2,100,EA
1672411506.123086,40217.500,4301,4,DC,2,100,2
1672411506.148938,40242.750,4301,4,DC,2,100,EL
1672411506.174790,40268.000,4301,4,DC,2,100,2
1672411506.200642,40293.250,4318,4,DC,2,100,EA
1672411506.226494,40318.500,4318,4,DC,2,100,1
1672411506.252346,40343.750,4318,4,DC,2,100,EL
1672411506.278198,40369.000,4318,4,DC,2,100,1
1672411506.304050,40394.250,4336,4,DC,2,100,EA
1672411506.329901,40419.500,4336,4,DC,2,100,2
1672411506.355753,40444.750,4336,4,DC,2,100,EL
1672411506.381605,40470.000,4336,4,DC,2,100,2
1672411506.407713,40495.500,4354,4,DC,2,100,EA
1672411506.433821,40521.000,4354,4,DC,2,100,1
1672411506.459929,40546.500,4354,4,DC,2,100,EL
1672411506.486037,40572.000,4354,4,DC,2,100,1
1672411506.511632,40597.000,4372,4,DC,2,100,EA
1672411506.537228,40622.000,4372,4,DC,2,100,2
1672411506.562824,40647.000,4372,4,DC,2,100,EL
1672411506.588420,40672.000,4372,4,DC,2,100,2
1672411506.614272,40697.250,4388,4,DC,2,100,EA
1672411506.640124,40722.500,4388,4,DC,2,100,1
1672411506.665976,40747.750,4388,4,DC,2,100,EL
1672411506.691828,40773.000,4388,4,DC,2,100,1
1672411506.717680,40798.250,4404,4,DC,2,100,EA
1672411506.743531,40823.500,4404,4,DC,2,100,2
1672411506.769383,40848.750,4404,4,DC,2,100,EL
1672411506.795235,40874.000,4404,4,DC,2,100,2
1672411506.821087,40899.250,4420,4,DC,2,100,EA
1672411506.846939,40924.500,4420,4,DC,2,100,1
1672411506.872791,40949.750,4420,4,DC,2,100,EL
1672411506.898643,40975.000,4420,4,DC,2,100,1
1672411506.924495,41000.250,4438,4,DC,2,100,EA
1672411506.950346,41025.500,4438,4,DC,2,100,2
1672411506.976198,41050.750,4438,4,DC,2,100,EL
1672411507.002050,41076.000,4438,4,DC,2,100,2
1672411507.027902,41101.250,4454,4,DC,2,100,EA
1672411507.053754,41126.500,4454,4,DC,2,100,2
1672411507.079606,41151.750,4454,4,DC,2,100,EL
1672411507.105458,41177.000,4454,4,DC,2,100,2
1672411507.131310,41202.250,4471,4,DC,2,100,EA
1672411507.157161,41227.500,4471,4,DC,2,100,1
1672411507.183013,41252.750,4471,4,DC,2,100,EL
1672411507.208865,41278.000,4471,4,DC,2,100,1
1672411507.234717,41303.250,4489,4,DC,2,100,EA
1672411507.260569,41328.500,4489,4,DC,2,100,2
1672411507.286421,41353.750,4489,4,DC,2,100,EL
1672411507.312273,41379.000,4489,4,DC,2,100,2
1672411507.338125,41404.250,4506,4,DC,2,100,EA
1672411507.363976,41429.500,4506,4,DC,2,100,1
1672411507.389828,41454.750,4506,4,DC,2,100,EL
1672411507.415680,41480.000,4506,4,DC,2,100,1
1672411507.441788,41505.500,4522,4,DC,2,100,EA
1672411507.467896,41531.000,4522,4,DC,2,100,2
1672411507.494004,41556.500,4522,4,DC,2,100,EL
1672411507.520111,41582.000,4522,4,DC,2,100,2
1672411507.545707,41607.000,4540,4,DC,2,100,EA
1672411507.571303,41632.000,4540,4,DC,2,100,1
1672411507.596899,41657.000,4540,4,DC,2,100,EL
1672411507.622495,41682.000,4540,4,DC,2,100,1
1672411507.648347,41707.250,4555,4,DC,2,100,EA
1672411507.674199,41732.500,4555,4,DC,2,100,2
1672411507.700051,41757.750,4555,4,DC,2,100,EL
1672411507.725903,41783.000,4555,4,DC,2,100,2
1672411507.763273,41819.500,4577,4,DC,2,100,EA
1672411507.800642,41856.000,4577,4,DC,2,100,2
1672411507.838013,41892.500,4577,4,DC,2,100,EL
1672411507.875383,41929.000,4577,4,DC,2,100,2
1672411507.901235,41954.250,4594,4,DC,2,100,EA
1672411507.927086,41979.500,4594,4,DC,2,100,2
1672411507.952938,42004.750,4594,4,DC,2,100,EL
1672411507.978790,42030.000,4594,4,DC,2,100,2
1672411508.004642,42055.250,4611,4,DC,2,100,EA
1672411508.030494,42080.500,4611,4,DC,2,100,1
1672411508.056346,42105.750,4611,4,DC,2,100,EL
1672411508.082198,42131.000,4611,4,DC,2,100,1
1672411508.108049,42156.250,4627,4,DC,2,100,EA
1672411508.133901,42181.500,4627,4,DC,2,100,2
1672411508.159753,42206.750,4627,4,DC,2,100,EL
1672411508.185605,42232.000,4627,4,DC,2,100,2
1672411508.211457,42257.250,4645,4,DC,2,100,EA
1672411508.237309,42282.500,4645,4,DC,2,100,1
1672411508.263161,42307.750,4645,4,DC,2,100,EL
1672411508.289013,42333.000,4645,4,DC,2,100,1
1672411508.314864,42358.250,4662,4,DC,2,100,EA
1672411508.340716,42383.500,4662,4,DC,2,100,2
1672411508.366568,42408.750,4662,4,DC,2,100,EL
1672411508.392420,42434.000,4662,4,DC,2,100,2
1672411508.418272,42459.250,4679,4,DC,2,100,EA
1672411508.444124,42484.500,4679,4,DC,2,100,1
1672411508.469976,42509.750,4679,4,DC,2,100,EL
1672411508.495828,42535.000,4679,4,DC,2,100,1
1672411508.521935,42560.500,4696,4,DC,2,100,EA
1672411508.548043,42586.000,4696,4,DC,2,100,2
1672411508.574151,42611.500,4696,4,DC,2,100,EL
1672411508.600259,42637.000,4696,4,DC,2,100,2
1672411508.625855,42662.000,4713,4,DC,2,100,EA
1672411508.651451,42687.000,4713,4,DC,2,100,2
1672411508.677047,42712.000,4713,4,DC,2,100,EL
1672411508.702642,42737.000,4713,4,DC,2,100,2
1672411508.728494,42762.250,4729,4,DC,2,100,EA
1672411508.754346,42787.500,4729,4,DC,2,100,1
1672411508.780198,42812.750,4729,4,DC,2,100,EL
1672411508.806050,42838.000,4729,4,DC,2,100,1
1672411508.833950,42865.250,4746,4,DC,2,100,EA
1672411508.861849,42892.500,4746,4,DC,2,100,2
1672411508.889749,42919.750,4746,4,DC,2,100,EL
1672411508.917648,42947.000,4746,4,DC,2,100,2
1672411508.943244,42972.000,4762,4,DC,2,100,EA
1672411508.968840,42997.000,4762,4,DC,2,100,1
1672411508.994436,43022.000,4762,4,DC,2,100,EL
1672411509.020032,43047.000,4762,4,DC,2,100,1
1672411509.045884,43072.250,4779,4,DC,2,100,EA
1672411509.071736,43097.500,4779,4,DC,2,100,2
1672411509.097587,43122.750,4779,4,DC,2,100,EL
1672411509.123439,43148.000,4779,4,DC,2,100,2
1672411509.149291,43173.250,4795,4,DC,2,100,EA
1672411509.175143,43198.500,4795,4,DC,2,100,1
1672411509.200995,43223.750,4795,4,DC,2,100,EL
1672411509.226847,43249.000,4795,4,DC,2,100,1
1672411509.252955,43274.500,4814,4,DC,2,100,EA
1672411509.279063,43300.000,4814,4,DC,2,100,2
1672411509.305170,43325.500,4814,4,DC,2,100,EL
1672411509.331278,43351.000,4814,4,DC,2,100,2
1672411509.356874,43376.000,4830,4,DC,2,100,EA
1672411509.382470,43401.000,4830,4,DC,2,100,1
1672411509.408066,43426.000,4830,4,DC,2,100,EL
1672411509.433662,43451.000,4830,4,DC,2,100,1
1672411509.459514,43476.250,4847,4,DC,2,100,EA
1672411509.485366,43501.500,4847,4,DC,2,100,2
1672411509.511217,43526.750,4847,4,DC,2,100,EL
1672411509.537069,43552.000,4847,4,DC,2,100,2
1672411509.562921,43577.250,4864,4,DC,2,100,EA
1672411509.588773,43602.500,4864,4,DC,2,100,2
1672411509.614625,43627.750,4864,4,DC,2,100,EL
1672411509.640477,43653.000,4864,4,DC,2,100,2
1672411509.666329,43678.250,4881,4,DC,2,100,EA
1672411509.692180,43703.500,4881,4,DC,2,100,1
1672411509.718032,43728.750,4881,4,DC,2,100,EL
1672411509.743884,43754.000,4881,4,DC,2,100,1
1672411509.769992,43779.500,4896,4,DC,2,100,EA
1672411509.796100,43805.000,4896,4,DC,2,100,2
1672411509.822208,43830.500,4896,4,DC,2,100,EL
1672411509.848315,43856.000,4896,4,DC,2,100,2
1672411509.873911,43881.000,4914,4,DC,2,100,EA
1672411509.899507,43906.000,4914,4,DC,2,100,1
1672411509.925103,43931.000,4914,4,DC,2,100,EL
1672411509.950699,43956.000,4914,4,DC,2,100,1
1672411509.976551,43981.250,4930,4,DC,2,100,EA
1672411510.002403,44006.500,4930,4,DC,2,100,2
1672411510.028255,44031.750,4930,4,DC,2,100,EL
1672411510.054107,44057.000,4930,4,DC,2,100,2
1672411510.079959,44082.250,4947,4,DC,2,100,EA
1672411510.105810,44107.500,4947,4,DC,2,100,1
1672411510.131662,44132.750,4947,4,DC,2,100,EL
1672411510.157514,44158.000,4947,4,DC,2,100,1
1672411510.183366,44183.250,4963,4,DC,2,100,EA
1672411510.209218,44208.500,4963,4,DC,2,100,2
1672411510.235070,44233.750,4963,4,DC,2,100,EL
1672411510.260922,44259.000,4963,4,DC,2,100,2
1672411510.286773,44284.250,4982,4,DC,2,100,EA
1672411510.312625,44309.500,4982,4,DC,2,100,1
1672411510.338477,44334.750,4982,4,DC,2,100,EL
1672411510.364329,44360.000,4982,4,DC,2,100,1
1672411510.390181,44385.250,4998,4,DC,2,100,EA
1672411510.416033,44410.500,4998,4,DC,2,100,2
1672411510.441885,44435.750,4998,4,DC,2,100,EL
1672411510.467737,44461.000,4998,4,DC,2,100,2
1672411510.494100,44486.750,5018,4,DC,2,100,EA
1672411510.520464,44512.500,5018,4,DC,2,100,2
1672411510.546828,44538.250,5018,4,DC,2,100,EL
1672411510.573192,44564.000,5018,4,DC,2,100,2
1672411510.598532,44588.750,5034,4,DC,2,100,EA
1672411510.623872,44613.500,5034,4,DC,2,100,1
1672411510.649212,44638.250,5034,4,DC,2,100,EL
1672411510.674551,44663.000,5034,4,DC,2,100,1
1672411510.700403,44688.250,5050,4,DC,2,100,EA
1672411510.726255,44713.500,5050,4,DC,2,100,2
1672411510.752107,44738.750,5050,4,DC,2,100,EL
1672411510.777959,44764.000,5050,4,DC,2,100,2
1672411510.803811,44789.250,5066,4,DC,2,100,EA
1672411510.829663,44814.500,5066,4,DC,2,100,1
1672411510.855515,44839.750,5066,4,DC,2,100,EL
1672411510.881366,44865.000,5066,4,DC,2,100,1
1672411510.907218,44890.250,5084,4,DC,2,100,EA
1672411510.933070,44915.500,5084,4,DC,2,100,2
1672411510.958922,44940.750,5084,4,DC,2,100,EL
1672411510.984774,44966.000,5084,4,DC,2,100,2
1672411511.010626,44991.250,5100,4,DC,2,100,EA
1672411511.036478,45016.500,5100,4,DC,2,100,1
1672411511.062330,45041.750,5100,4,DC,2,100,EL
1672411511.088181,45067.000,5100,4,DC,2,100,1
1672411511.114033,45092.250,5116,4,DC,2,100,EA
1672411511.139885,45117.500,5116,4,DC,2,100,2
1672411511.165737,45142.750,5116,4,DC,2,100,EL
1672411511.191589,45168.000,5116,4,DC,2,100,2
1672411511.217441,45193.250,5133,4,DC,2,100,EA
1672411511.243293,45218.500,5133,4,DC,2,100,1
1672411511.269145,45243.750,5133,4,DC,2,100,EL
1672411511.294997,45269.000,5133,4,DC,2,100,1
1672411511.320848,45294.250,5152,4,DC,2,100,EA
1672411511.346700,45319.500,5152,4,DC,2,100,2
1672411511.372552,45344.750,5152,4,DC,2,100,EL
1672411511.398404,45370.000,5152,4,DC,2,100,2
1672411511.424256,45395.250,5168,4,DC,2,100,EA
1672411511.450108,45420.500,5168,4,DC,2,100,2
1672411511.475960,45445.750,5168,4,DC,2,100,EL
1672411511.501812,45471.000,5168,4,DC,2,100,2
1672411511.527663,45496.250,5186,4,DC,2,100,EA
1672411511.553515,45521.500,5186,4,DC,2,100,1
1672411511.579367,45546.750,5186,4,DC,2,100,EL
1672411511.605219,45572.000,5186,4,DC,2,100,1
1672411511.631071,45597.250,5201,4,DC,2,100,EA
1672411511.656923,45622.500,5201,4,DC,2,100,2
1672411511.682775,45647.750,5201,4,DC,2,100,EL
1672411511.708627,45673.000,5201,4,DC,2,100,2
1672411511.734478,45698.250,5218,4,DC,2,100,EA
1672411511.760330,45723.500,5218,4,DC,2,100,1
1672411511.786182,45748.750,5218,4,DC,2,100,EL
1672411511.812034,45774.000,5218,4,DC,2,100,1
1672411511.837886,45799.250,5235,4,DC,2,100,EA
1672411511.863738,45824.500,5235,4,DC,2,100,2
1672411511.889590,45849.750,5235,4,DC,2,100,EL
1672411511.915442,45875.000,5235,4,DC,2,100,2
1672411511.941293,45900.250,5252,4,DC,2,100,EA
1672411511.967145,45925.500,5252,4,DC,2,100,1
1672411511.992997,45950.750,5252,4,DC,2,100,EL
1672411512.018849,45976.000,5252,4,DC,2,100,1
1672411512.044701,46001.250,5267,4,DC,2,100,EA
1672411512.070553,46026.500,5267,4,DC,2,100,2
1672411512.096405,46051.750,5267,4,DC,2,100,EL
1672411512.122256,46077.000,5267,4,DC,2,100,2
1672411512.148108,46102.250,5284,4,DC,2,100,EA
1672411512.173960,46127.500,5284,4,DC,2,100,1
1672411512.199812,46152.750,5284,4,DC,2,100,EL
1672411512.225664,46178.000,5284,4,DC,2,100,1
1672411512.251516,46203.250,5303,4,DC,2,100,EA
1672411512.277368,46228.500,5303,4,DC,2,100,2
1672411512.303220,46253.750,5303,4,DC,2,100,EL
1672411512.329071,46279.000,5303,4,DC,2,100,2
1672411512.354923,46304.250,5320,4,DC,2,100,EA
1672411512.380775,46329.500,5320,4,DC,2,100,1
1672411512.406627,46354.750,5320,4,DC,2,100,EL
1672411512.432479,46380.000,5320,4,DC,2,100,1
1672411512.458331,46405.250,5336,4,DC,2,100,EA
1672411512.484183,46430.500,5336,4,DC,2,100,2
1672411512.510034,46455.750,5336,4,DC,2,100,EL
1672411512.535886,46481.000,5336,4,DC,2,100,2
1672411512.561738,46506.250,5353,4,DC,2,100,EA
1672411512.587590,46531.500,5353,4,DC,2,100,2
1672411512.613442,46556.750,5353,4,DC,2,100,EL
1672411512.639294,46582.000,5353,4,DC,2,100,2
1672411512.665146,46607.250,5369,4,DC,2,100,EA
1672411512.690998,46632.500,5369,4,DC,2,100,1
1672411512.716849,46657.750,5369,4,DC,2,100,EL
1672411512.742701,46683.000,5369,4,DC,2,100,1
1672411512.768553,46708.250,5386,4,DC,2,100,EA
1672411512.794405,46733.500,5386,4,DC,2,100,2
1672411512.820257,46758.750,5386,4,DC,2,100,EL
1672411512.846109,46784.000,5386,4,DC,2,100,2
1672411512.871961,46809.250,5403,4,DC,2,100,EA
1672411512.897813,46834.500,5403,4,DC,2,100,1
1672411512.923664,46859.750,5403,4,DC,2,100,EL
1672411512.949516,46885.000,5403,4,DC,2,100,1
1672411512.985862,46920.500,5424,4,DC,2,100,EA
1672411513.022209,46956.000,5424,4,DC,2,100,2
1672411513.058555,46991.500,5424,4,DC,2,100,EL
1672411513.094901,47027.000,5424,4,DC,2,100,2
1672411513.120497,47052.000,5440,4,DC,2,100,EA
1672411513.146093,47077.000,5440,4,DC,2,100,2
1672411513.171689,47102.000,5440,4,DC,2,100,EL
1672411513.197285,47127.000,5440,4,DC,2,100,2
1672411513.223392,47152.500,5457,4,DC,2,100,EA
1672411513.249500,47178.000,5457,4,DC,2,100,2
1672411513.275608,47203.500,5457,4,DC,2,100,EL
1672411513.301716,47229.000,5457,4,DC,2,100,2
1672411513.327312,47254.000,5475,4,DC,2,100,EA
1672411513.352908,47279.000,5475,4,DC,2,100,1
1672411513.378504,47304.000,5475,4,DC,2,100,EL
1672411513.404100,47329.000,5475,4,DC,2,100,1
1672411513.429951,47354.250,5492,4,DC,2,100,EA
1672411513.455803,47379.500,5492,4,DC,2,100,2
1672411513.481655,47404.750,5492,4,DC,2,100,EL
1672411513.507507,47430.000,5492,4,DC,2,100,2
1672411513.533359,47455.250,5509,4,DC,2,100,EA
1672411513.559211,47480.500,5509,4,DC,2,100,1
1672411513.585063,47505.750,5509,4,DC,2,100,EL
1672411513.610915,47531.000,5509,4,DC,2,100,1
1672411513.637022,47556.500,5527,4,DC,2,100,EA
1672411513.663130,47582.000,5527,4,DC,2,100,2
1672411513.689238,47607.500,5527,4,DC,2,100,EL
1672411513.715346,47633.000,5527,4,DC,2,100,2
1672411513.740942,47658.000,5543,4,DC,2,100,EA
1672411513.766538,47683.000,5543,4,DC,2,100,1
1672411513.792134,47708.000,5543,4,DC,2,100,EL
1672411513.817729,47733.000,5543,4,DC,2,100,1
1672411513.843581,47758.250,5561,4,DC,2,100,EA
1672411513.869433,47783.500,5561,4,DC,2,100,2
1672411513.895285,47808.750,5561,4,DC,2,100,EL
1672411513.921137,47834.000,5561,4,DC,2,100,2
1672411513.946989,47859.250,5577,4,DC,2,100,EA
1672411513.972841,47884.500,5577,4,DC,2,100,1
1672411513.998693,47909.750,5577,4,DC,2,100,EL
1672411514.024544,47935.000,5577,4,DC,2,100,1
1672411514.050396,47960.250,5593,4,DC,2,100,EA
1672411514.076248,47985.500,5593,4,DC,2,100,2
1672411514.102100,48010.750,5593,4,DC,2,100,EL
1672411514.127952,48036.000,5593,4,DC,2,100,2
1672411514.154060,48061.500,5610,4,DC,2,100,EA
1672411514.180168,48087.000,5610,4,DC,2,100,2
1672411514.206275,48112.500,5610,4,DC,2,100,EL
1672411514.232383,48138.000,5610,4,DC,2,100,2
1672411514.257979,48163.000,5629,4,DC,2,100,EA
1672411514.283575,48188.000,5629,4,DC,2,100,1
1672411514.309171,48213.000,5629,4,DC,2,100,EL
1672411514.334767,48238.000,5629,4,DC,2,100,1
1672411514.360619,48263.250,5645,4,DC,2,100,EA
1672411514.386471,48288.500,5645,4,DC,2,100,2
1672411514.412323,48313.750,5645,4,DC,2,100,EL
1672411514.438174,48339.000,5645,4,DC,2,100,2
1672411514.464026,48364.250,5662,4,DC,2,100,EA
1672411514.489878,48389.500,5662,4,DC,2,100,1
1672411514.515730,48414.750,5662,4,DC,2,100,EL
1672411514.541582,48440.000,5662,4,DC,2,100,1
1672411514.567434,48465.250,5678,4,DC,2,100,EA
1672411514.593286,48490.500,5678,4,DC,2,100,2
1672411514.619138,48515.750,5678,4,DC,2,100,EL
1672411514.644989,48541.000,5678,4,DC,2,100,2
1672411514.670841,48566.250,5695,4,DC,2,100,EA
1672411514.696693,48591.500,5695,4,DC,2,100,1
1672411514.722545,48616.750,5695,4,DC,2,100,EL
1672411514.748397,48642.000,5695,4,DC,2,100,1
1672411514.774249,48667.250,5711,4,DC,2,100,EA
1672411514.800101,48692.500,5711,4,DC,2,100,2
1672411514.825953,48717.750,5711,4,DC,2,100,EL
1672411514.851804,48743.000,5711,4,DC,2,100,2
1672411514.877912,48768.500,5729,4,DC,2,100,EA
1672411514.904020,48794.000,5729,4,DC,2,100,1
1672411514.930128,48819.500,5729,4,DC,2,100,EL
1672411514.956236,48845.000,5729,4,DC,2,100,1
1672411514.981832,48870.000,5745,4,DC,2,100,EA
1672411515.007427,48895.000,5745,4,DC,2,100,2
1672411515.033023,48920.000,5745,4,DC,2,100,EL
1672411515.058619,48945.000,5745,4,DC,2,100,2
1672411515.084471,48970.250,5761,4,DC,2,100,EA
1672411515.110323,48995.500,5761,4,DC,2,100,2
1672411515.136175,49020.750,5761,4,DC,2,100,EL
1672411515.162027,49046.000,5761,4,DC,2,100,2
1672411515.188391,49071.750,5780,4,DC,2,100,EA
1672411515.214754,49097.500,5780,4,DC,2,100,1
1672411515.241118,49123.250,5780,4,DC,2,100,EL
1672411515.267482,49149.000,5780,4,DC,2,100,1
1672411515.292822,49173.750,5799,4,DC,2,100,EA
1672411515.318162,49198.500,5799,4,DC,2,100,2
1672411515.343502,49223.250,5799,4,DC,2,100,EL
1672411515.368842,49248.000,5799,4,DC,2,100,2
1672411515.394694,49273.250,5815,4,DC,2,100,EA
1672411515.420546,49298.500,5815,4,DC,2,100,1
1672411515.446398,49323.750,5815,4,DC,2,100,EL
1672411515.472249,49349.000,5815,4,DC,2,100,1
1672411515.498101,49374.250,5832,4,DC,2,100,EA
1672411515.523953,49399.500,5832,4,DC,2,100,2
1672411515.549805,49424.750,5832,4,DC,2,100,EL
1672411515.575657,49450.000,5832,4,DC,2,100,2
1672411515.601509,49475.250,5848,4,DC,2,100,EA
1672411515.627361,49500.500,5848,4,DC,2,100,1
1672411515.653212,49525.750,5848,4,DC,2,100,EL
1672411515.679064,49551.000,5848,4,DC,2,100,1
1672411515.704916,49576.250,5865,4,DC,2,100,EA
1672411515.730768,49601.500,5865,4,DC,2,100,2
1672411515.756620,49626.750,5865,4,DC,2,100,EL
1672411515.782472,49652.000,5865,4,DC,2,100,2
1672411515.808324,49677.250,5881,4,DC,2,100,EA
1672411515.834176,49702.500,5881,4,DC,2,100,1
1672411515.860027,49727.750,5881,4,DC,2,100,EL
1672411515.885879,49753.000,5881,4,DC,2,100,1
1672411515.911987,49778.500,5899,4,DC,2,100,EA
1672411515.938095,49804.000,5899,4,DC,2,100,2
1672411515.964203,49829.500,5899,4,DC,2,100,EL
1672411515.990311,49855.000,5899,4,DC,2,100,2
1672411516.015907,49880.000,5914,4,DC,2,100,EA
1672411516.041502,49905.000,5914,4,DC,2,100,2
1672411516.067098,49930.000,5914,4,DC,2,100,EL
1672411516.092694,49955.000,5914,4,DC,2,100,2
1672411516.118546,49980.250,5931,4,DC,2,100,EA
1672411516.144398,50005.500,5931,4,DC,2,100,1
1672411516.170250,50030.750,5931,4,DC,2,100,EL
1672411516.196102,50056.000,5931,4,DC,2,100,1
1672411516.221954,50081.250,5950,4,DC,2,100,EA
1672411516.247805,50106.500,5950,4,DC,2,100,2
1672411516.273657,50131.750,5950,4,DC,2,100,EL
1672411516.299509,50157.000,5950,4,DC,2,100,2
1672411516.325361,50182.250,5967,4,DC,2,100,EA
1672411516.351213,50207.500,5967,4,DC,2,100,1
1672411516.377065,50232.750,5967,4,DC,2,100,EL
1672411516.402917,50258.000,5967,4,DC,2,100,1
1672411516.428769,50283.250,5982,4,DC,2,100,EA
1672411516.454620,50308.500,5982,4,DC,2,100,2
1672411516.480472,50333.750,5982,4,DC,2,100,EL
1672411516.506324,50359.000,5982,4,DC,2,100,2
1672411516.532432,50384.500,6000,4,DC,2,100,EA
1672411516.558540,50410.000,6000,4,DC,2,100,1
1672411516.584648,50435.500,6000,4,DC,2,100,EL
1672411516.610755,50461.000,6000,4,DC,2,100,1
1672411516.636351,50486.000,6016,4,DC,2,100,EA
1672411516.661947,50511.000,6016,4,DC,2,100,2
1672411516.687543,50536.000,6016,4,DC,2,100,EL
1672411516.713139,50561.000,6016,4,DC,2,100,2
1672411516.739247,50586.500,6035,4,DC,2,100,EA
1672411516.765355,50612.000,6035,4,DC,2,100,1
1672411516.791463,50637.500,6035,4,DC,2,100,EL
1672411516.817570,50663.000,6035,4,DC,2,100,1
1672411516.843166,50688.000,6052,4,DC,2,100,EA
1672411516.868762,50713.000,6052,4,DC,2,100,2
1672411516.894358,50738.000,6052,4,DC,2,100,EL
1672411516.919954,50763.000,6052,4,DC,2,100,2
1672411516.945806,50788.250,6068,4,DC,2,100,EA
1672411516.971658,50813.500,6068,4,DC,2,100,2
1672411516.997510,50838.750,6068,4,DC,2,100,EL
1672411517.023362,50864.000,6068,4,DC,2,100,2
1672411517.049213,50889.250,6084,4,DC,2,100,EA
1672411517.075065,50914.500,6084,4,DC,2,100,1
1672411517.100917,50939.750,6084,4,DC,2,100,EL
1672411517.126769,50965.000,6084,4,DC,2,100,1
1672411517.152621,50990.250,6102,4,DC,2,100,EA
1672411517.178473,51015.500,6102,4,DC,2,100,2
1672411517.204325,51040.750,6102,4,DC,2,100,EL
1672411517.230176,51066.000,6102,4,DC,2,100,2
1672411517.256028,51091.250,6120,4,DC,2,100,EA
1672411517.281880,51116.500,6120,4,DC,2,100,1
1672411517.307732,51141.750,6120,4,DC,2,100,EL
1672411517.333584,51167.000,6120,4,DC,2,100,1
1672411517.359436,51192.250,6136,4,DC,2,100,EA
1672411517.385288,51217.500,6136,4,DC,2,100,2
1672411517.411140,51242.750,6136,4,DC,2,100,EL
1672411517.436991,51268.000,6136,4,DC,2,100,2
1672411517.462843,51293.250,6152,4,DC,2,100,EA
1672411517.488695,51318.500,6152,4,DC,2,100,1
1672411517.514547,51343.750,6152,4,DC,2,100,EL
1672411517.540399,51369.000,6152,4,DC,2,100,1
1672411517.566251,51394.250,6170,4,DC,2,100,EA
1672411517.592103,51419.500,6170,4,DC,2,100,2
1672411517.617954,51444.750,6170,4,DC,2,100,EL
1672411517.643806,51470.000,6170,4,DC,2,100,2
1672411517.669658,51495.250,6186,4,DC,2,100,EA
1672411517.695510,51520.500,6186,4,DC,2,100,1
1672411517.721362,51545.750,6186,4,DC,2,100,EL
1672411517.747214,51571.000,6186,4,DC,2,100,1
1672411517.773066,51596.250,6202,4,DC,2,100,EA
1672411517.798918,51621.500,6202,4,DC,2,100,2
1672411517.824769,51646.750,6202,4,DC,2,100,EL
1672411517.850621,51672.000,6202,4,DC,2,100,2
1672411517.876729,51697.500,6219,4,DC,2,100,EA
1672411517.902837,51723.000,6219,4,DC,2,100,2
1672411517.928945,51748.500,6219,4,DC,2,100,EL
1672411517.955053,51774.000,6219,4,DC,2,100,2
1672411517.980905,51799.250,6236,4,DC,2,100,EA
1672411518.006757,51824.500,6236,4,DC,2,100,1
1672411518.032608,51849.750,6236,4,DC,2,100,EL
1672411518.058460,51875.000,6236,4,DC,2,100,1
1672411518.084312,51900.250,6252,4,DC,2,100,EA
1672411518.110164,51925.500,6252,4,DC,2,100,2
1672411518.136016,51950.750,6252,4,DC,2,100,EL
1672411518.161868,51976.000,6252,4,DC,2,100,2
1672411518.187720,52001.250,6270,4,DC,2,100,EA
1672411518.213572,52026.500,6270,4,DC,2,100,1
1672411518.239423,52051.750,6270,4,DC,2,100,EL
1672411518.265275,52077.000,6270,4,DC,2,100,1
1672411518.306741,52117.500,6291,4,DC,2,100,EA
1672411518.348206,52158.000,6291,4,DC,2,100,3
1672411518.389671,52198.500,6291,4,DC,2,100,EL
1672411518.431137,52239.000,6291,4,DC,2,100,3
1672411518.456989,52264.250,6307,4,DC,2,100,EA
1672411518.482841,52289.500,6307,4,DC,2,100,1
1672411518.508692,52314.750,6307,4,DC,2,100,EL
1672411518.534544,52340.000,6307,4,DC,2,100,1
1672411518.560652,52365.500,6324,4,DC,2,100,EA
1672411518.586760,52391.000,6324,4,DC,2,100,2
1672411518.612868,52416.500,6324,4,DC,2,100,EL
1672411518.638976,52442.000,6324,4,DC,2,100,2
1672411518.664827,52467.250,6340,4,DC,2,100,EA
1672411518.690679,52492.500,6340,4,DC,2,100,1
1672411518.716531,52517.750,6340,4,DC,2,100,EL
1672411518.742383,52543.000,6340,4,DC,2,100,1
1672411518.768235,52568.250,6357,4,DC,2,100,EA
1672411518.794087,52593.500,6357,4,DC,2,100,2
1672411518.819939,52618.750,6357,4,DC,2,100,EL
1672411518.845790,52644.000,6357,4,DC,2,100,2
1672411518.871898,52669.500,6374,4,DC,2,100,EA
1672411518.898006,52695.000,6374,4,DC,2,100,1
1672411518.924114,52720.500,6374,4,DC,2,100,EL
1672411518.950222,52746.000,6374,4,DC,2,100,1
1672411518.976074,52771.250,6392,4,DC,2,100,EA
1672411519.001925,52796.500,6392,4,DC,2,100,2
1672411519.027777,52821.750,6392,4,DC,2,100,EL
1672411519.053629,52847.000,6392,4,DC,2,100,2
1672411519.079225,52872.000,6408,4,DC,2,100,EA
1672411519.104821,52897.000,6408,4,DC,2,100,2
1672411519.130417,52922.000,6408,4,DC,2,100,EL
1672411519.156013,52947.000,6408,4,DC,2,100,2
1672411519.181865,52972.250,6426,4,DC,2,100,EA
1672411519.207717,52997.500,6426,4,DC,2,100,1
1672411519.233569,53022.750,6426,4,DC,2,100,EL
1672411519.259420,53048.000,6426,4,DC,2,100,1
1672411519.285272,53073.250,6444,4,DC,2,100,EA
1672411519.311124,53098.500,6444,4,DC,2,100,2
1672411519.336976,53123.750,6444,4,DC,2,100,EL
1672411519.362828,53149.000,6444,4,DC,2,100,2
1672411519.388680,53174.250,6461,4,DC,2,100,EA
1672411519.414532,53199.500,6461,4,DC,2,100,1
1672411519.440383,53224.750,6461,4,DC,2,100,EL
1672411519.466235,53250.000,6461,4,DC,2,100,1
1672411519.500022,53283.000,6477,4,DC,2,100,EA
1672411519.533809,53316.000,6477,4,DC,2,100,2
1672411519.567595,53349.000,6477,4,DC,2,100,EL
1672411519.601382,53382.000,6477,4,DC,2,100,2
1672411519.626978,53407.000,6494,4,DC,2,100,EA
1672411519.652574,53432.000,6494,4,DC,2,100,2
1672411519.678169,53457.000,6494,4,DC,2,100,EL
1672411519.703765,53482.000,6494,4,DC,2,100,2
1672411519.729617,53507.250,6510,4,DC,2,100,EA
1672411519.755469,53532.500,6510,4,DC,2,100,1
1672411519.781321,53557.750,6510,4,DC,2,100,EL
1672411519.807173,53583.000,6510,4,DC,2,100,1
1672411519.833025,53608.250,6528,4,DC,2,100,EA
1672411519.858877,53633.500,6528,4,DC,2,100,2
1672411519.884729,53658.750,6528,4,DC,2,100,EL
1672411519.910580,53684.000,6528,4,DC,2,100,2
1672411519.936432,53709.250,6544,4,DC,2,100,EA
1672411519.962284,53734.500,6544,4,DC,2,100,1
1672411519.988136,53759.750,6544,4,DC,2,100,EL
1672411520.013988,53785.000,6544,4,DC,2,100,1
1672411520.039840,53810.250,6561,4,DC,2,100,EA
1672411520.065692,53835.500,6561,4,DC,2,100,2
1672411520.091543,53860.750,6561,4,DC,2,100,EL
1672411520.117395,53886.000,6561,4,DC,2,100,2
1672411520.143247,53911.250,6577,4,DC,2,100,EA
1672411520.169099,53936.500,6577,4,DC,2,100,2
1672411520.194951,53961.750,6577,4,DC,2,100,EL
1672411520.220803,53987.000,6577,4,DC,2,100,2
1672411520.246655,54012.250,6596,4,DC,2,100,EA
1672411520.272507,54037.500,6596,4,DC,2,100,1
1672411520.298358,54062.750,6596,4,DC,2,100,EL
1672411520.324210,54088.000,6596,4,DC,2,100,1
1672411520.350062,54113.250,6612,4,DC,2,100,EA
1672411520.375914,54138.500,6612,4,DC,2,100,2
1672411520.401766,54163.750,6612,4,DC,2,100,EL
1672411520.427618,54189.000,6612,4,DC,2,100,2
1672411520.453726,54214.500,6631,4,DC,2,100,EA
1672411520.479834,54240.000,6631,4,DC,2,100,1
1672411520.505941,54265.500,6631,4,DC,2,100,EL
1672411520.532049,54291.000,6631,4,DC,2,100,1
1672411520.586568,54344.250,6648,4,DC,2,100,EA
1672411520.641088,54397.500,6648,4,DC,2,100,3
1672411520.695607,54450.750,6648,4,DC,2,100,EL
1672411520.750126,54504.000,6648,4,DC,2,100,3
1672411520.780329,54533.500,6664,4,DC,2,100,EA
1672411520.810533,54563.000,6664,4,DC,2,100,2
1672411520.840736,54592.500,6664,4,DC,2,100,EL
1672411520.870939,54622.000,6664,4,DC,2,100,2
1672411520.896791,54647.250,6682,4,DC,2,100,EA
1672411520.922643,54672.500,6682,4,DC,2,100,2
1672411520.948495,54697.750,6682,4,DC,2,100,EL
1672411520.974347,54723.000,6682,4,DC,2,100,2
1672411521.000198,54748.250,6698,4,DC,2,100,EA
1672411521.026050,54773.500,6698,4,DC,2,100,1
1672411521.051902,54798.750,6698,4,DC,2,100,EL
1672411521.077754,54824.000,6698,4,DC,2,100,1
1672411521.103606,54849.250,6715,4,DC,2,100,EA
1672411521.129458,54874.500,6715,4,DC,2,100,2
1672411521.155310,54899.750,6715,4,DC,2,100,EL
1672411521.181161,54925.000,6715,4,DC,2,100,2
1672411521.207013,54950.250,6731,4,DC,2,100,EA
1672411521.232865,54975.500,6731,4,DC,2,100,2
1672411521.258717,55000.750,6731,4,DC,2,100,EL
1672411521.284569,55026.000,6731,4,DC,2,100,2
1672411521.310421,55051.250,6750,4,DC,2,100,EA
1672411521.336273,55076.500,6750,4,DC,2,100,1
1672411521.362125,55101.750,6750,4,DC,2,100,EL
1672411521.387976,55127.000,6750,4,DC,2,100,1
1672411521.413828,55152.250,6766,4,DC,2,100,EA
1672411521.439680,55177.500,6766,4,DC,2,100,2
1672411521.465532,55202.750,6766,4,DC,2,100,EL
1672411521.491384,55228.000,6766,4,DC,2,100,2
1672411521.517236,55253.250,6784,4,DC,2,100,EA
1672411521.543088,55278.500,6784,4,DC,2,100,1
1672411521.568939,55303.750,6784,4,DC,2,100,EL
1672411521.594791,55329.000,6784,4,DC,2,100,1
1672411521.620643,55354.250,6799,4,DC,2,100,EA
1672411521.646495,55379.500,6799,4,DC,2,100,2
1672411521.672347,55404.750,6799,4,DC,2,100,EL
1672411521.698199,55430.000,6799,4,DC,2,100,2
1672411521.724051,55455.250,6816,4,DC,2,100,EA
1672411521.749903,55480.500,6816,4,DC,2,100,1
1672411521.775754,55505.750,6816,4,DC,2,100,EL
1672411521.801606,55531.000,6816,4,DC,2,100,1
1672411521.827458,55556.250,6833,4,DC,2,100,EA
1672411521.853310,55581.500,6833,4,DC,2,100,2
1672411521.879162,55606.750,6833,4,DC,2,100,EL
1672411521.905014,55632.000,6833,4,DC,2,100,2
1672411521.930866,55657.250,6850,4,DC,2,100,EA
1672411521.956718,55682.500,6850,4,DC,2,100,1
1672411521.982569,55707.750,6850,4,DC,2,100,EL
1672411522.008421,55733.000,6850,4,DC,2,100,1
1672411522.034273,55758.250,6865,4,DC,2,100,EA
1672411522.060125,55783.500,6865,4,DC,2,100,2
1672411522.085977,55808.750,6865,4,DC,2,100,EL
1672411522.111829,55834.000,6865,4,DC,2,100,2
1672411522.137681,55859.250,6882,4,DC,2,100,EA
1672411522.163532,55884.500,6882,4,DC,2,100,1
1672411522.189384,55909.750,6882,4,DC,2,100,EL
1672411522.215236,55935.000,6882,4,DC,2,100,1
1672411522.241088,55960.250,6901,4,DC,2,100,EA
1672411522.266940,55985.500,6901,4,DC,2,100,2
1672411522.292792,56010.750,6901,4,DC,2,100,EL
1672411522.318644,56036.000,6901,4,DC,2,100,2
1672411522.344496,56061.250,6918,4,DC,2,100,EA
1672411522.370347,56086.500,6918,4,DC,2,100,2
1672411522.396199,56111.750,6918,4,DC,2,100,EL
1672411522.422051,56137.000,6918,4,DC,2,100,2
1672411522.447903,56162.250,6934,4,DC,2,100,EA
1672411522.473755,56187.500,6934,4,DC,2,100,1
1672411522.499607,56212.750,6934,4,DC,2,100,EL
1672411522.525459,56238.000,6934,4,DC,2,100,1
1672411522.551311,56263.250,6951,4,DC,2,100,EA
1672411522.577163,56288.500,6951,4,DC,2,100,2
1672411522.603014,56313.750,6951,4,DC,2,100,EL
1672411522.628866,56339.000,6951,4,DC,2,100,2
1672411522.654718,56364.250,6967,4,DC,2,100,EA
1672411522.680570,56389.500,6967,4,DC,2,100,1
1672411522.706422,56414.750,6967,4,DC,2,100,EL
1672411522.732274,56440.000,6967,4,DC,2,100,1
1672411522.758126,56465.250,6984,4,DC,2,100,EA
1672411522.783978,56490.500,6984,4,DC,2,100,2
1672411522.809829,56515.750,6984,4,DC,2,100,EL
1672411522.835681,56541.000,6984,4,DC,2,100,2
1672411522.861533,56566.250,7001,4,DC,2,100,EA
1672411522.887385,56591.500,7001,4,DC,2,100,1
1672411522.913237,56616.750,7001,4,DC,2,100,EL
1672411522.939089,56642.000,7001,4,DC,2,100,1
