LocalTimestamp,EmotiBitTimestamp,PacketNumber,DataLength,TypeTag,ProtocolVersion,DataReliability,MX
0.106000,1421697.000,27143,14,MX,1,100,31
0.106000,1421697.000,27143,14,MX,1,100,32
0.106000,1421697.000,27143,14,MX,1,100,32
0.106000,1421697.000,27143,14,MX,1,100,32
0.106000,1421697.000,27143,14,MX,1,100,31
0.106000,1421697.000,27143,14,MX,1,100,31
0.106000,1421697.000,27143,14,MX,1,100,31
0.106000,1421697.000,27143,14,MX,1,100,31
0.106000,1421697.000,27143,14,MX,1,100,31
0.106000,1421697.000,27143,14,MX,1,100,32
0.106000,1421697.000,27143,14,MX,1,100,32
0.106000,1421697.000,27143,14,MX,1,100,32
0.106000,1421697.000,27143,14,MX,1,100,33
0.106000,1421697.000,27143,14,MX,1,100,32
0.145000,1421736.000,27160,3,MX,1,100,31
0.184000,1421775.000,27160,3,MX,1,100,32
0.223000,1421814.000,27160,3,MX,1,100,31
0.255500,1421846.500,27176,2,MX,1,100,31
0.288000,1421879.000,27176,2,MX,1,100,32
0.327000,1421918.000,27193,3,MX,1,100,32
0.366000,1421957.000,27193,3,MX,1,100,32
0.405000,1421996.000,27193,3,MX,1,100,33
0.444000,1422035.000,27210,3,MX,1,100,31
0.483000,1422074.000,27210,3,MX,1,100,33
0.522000,1422113.000,27210,3,MX,1,100,32
0.560000,1422151.000,27229,2,MX,1,100,32
0.598000,1422189.000,27229,2,MX,1,100,32
0.637000,1422228.000,27244,3,MX,1,100,32
0.676000,1422267.000,27244,3,MX,1,100,31
0.715000,1422306.000,27244,3,MX,1,100,33
0.754000,1422345.000,27263,4,MX,1,100,32
0.793000,1422384.000,27263,4,MX,1,100,32
0.832000,1422423.000,27263,4,MX,1,100,32
0.871000,1422462.000,27263,4,MX,1,100,33
0.910000,1422501.000,27278,2,MX,1,100,33
0.949000,1422540.000,27278,2,MX,1,100,31
0.988000,1422579.000,27295,3,MX,1,100,32
1.027000,1422618.000,27295,3,MX,1,100,32
1.066000,1422657.000,27295,3,MX,1,100,33
1.104667,1422695.667,27312,3,MX,1,100,31
1.143333,1422734.333,27312,3,MX,1,100,32
1.182000,1422773.000,27312,3,MX,1,100,32
1.220500,1422811.500,27329,2,MX,1,100,32
1.259000,1422850.000,27329,2,MX,1,100,33
1.298000,1422889.000,27344,3,MX,1,100,32
1.337000,1422928.000,27344,3,MX,1,100,32
1.376000,1422967.000,27344,3,MX,1,100,32
1.415000,1423006.000,27362,2,MX,1,100,31
1.454000,1423045.000,27362,2,MX,1,100,32
1.493000,1423084.000,27380,3,MX,1,100,32
1.532000,1423123.000,27380,3,MX,1,100,32
1.571000,1423162.000,27380,3,MX,1,100,33
1.610667,1423201.667,27397,3,MX,1,100,32
1.650333,1423241.333,27397,3,MX,1,100,32
1.690000,1423281.000,27397,3,MX,1,100,33
1.729500,1423320.500,27414,2,MX,1,100,32
1.769000,1423360.000,27414,2,MX,1,100,32
1.808000,1423399.000,27430,3,MX,1,100,32
1.847000,1423438.000,27430,3,MX,1,100,32
1.886000,1423477.000,27430,3,MX,1,100,32
1.925000,1423516.000,27446,2,MX,1,100,32
1.964000,1423555.000,27446,2,MX,1,100,32
1.998000,1423589.000,27463,3,MX,1,100,32
2.032000,1423623.000,27463,3,MX,1,100,33
2.066000,1423657.000,27463,3,MX,1,100,33
2.105667,1423696.667,27480,3,MX,1,100,33
2.145333,1423736.333,27480,3,MX,1,100,32
2.185000,1423776.000,27480,3,MX,1,100,32
2.224000,1423815.000,27496,2,MX,1,100,33
2.263000,1423854.000,27496,2,MX,1,100,32
2.302000,1423893.000,27512,3,MX,1,100,32
2.341000,1423932.000,27512,3,MX,1,100,32
2.380000,1423971.000,27512,3,MX,1,100,32
2.419000,1424010.000,27530,3,MX,1,100,32
2.458000,1424049.000,27530,3,MX,1,100,32
2.497000,1424088.000,27530,3,MX,1,100,33
2.536000,1424127.000,27548,2,MX,1,100,33
2.575000,1424166.000,27548,2,MX,1,100,32
2.613667,1424204.667,27565,3,MX,1,100,32
2.652333,1424243.333,27565,3,MX,1,100,32
2.691000,1424282.000,27565,3,MX,1,100,33
2.731000,1424322.000,27581,2,MX,1,100,33
2.771000,1424362.000,27581,2,MX,1,100,32
2.810000,1424401.000,27598,3,MX,1,100,33
2.849000,1424440.000,27598,3,MX,1,100,32
2.888000,1424479.000,27598,3,MX,1,100,33
2.927000,1424518.000,27614,3,MX,1,100,34
2.966000,1424557.000,27614,3,MX,1,100,33
3.005000,1424596.000,27614,3,MX,1,100,32
3.044000,1424635.000,27632,2,MX,1,100,32
3.083000,1424674.000,27632,2,MX,1,100,33
3.122000,1424713.000,27647,3,MX,1,100,33
3.161000,1424752.000,27647,3,MX,1,100,32
3.200000,1424791.000,27647,3,MX,1,100,32
3.239000,1424830.000,27664,2,MX,1,100,32
3.278000,1424869.000,27664,2,MX,1,100,34
3.316667,1424907.667,27680,3,MX,1,100,32
3.355333,1424946.333,27680,3,MX,1,100,32
3.394000,1424985.000,27680,3,MX,1,100,33
3.432667,1425023.667,27700,3,MX,1,100,32
3.471333,1425062.333,27700,3,MX,1,100,32
3.510000,1425101.000,27700,3,MX,1,100,33
3.549000,1425140.000,27716,2,MX,1,100,34
3.588000,1425179.000,27716,2,MX,1,100,32
3.627000,1425218.000,27732,3,MX,1,100,32
3.666000,1425257.000,27732,3,MX,1,100,31
3.705000,1425296.000,27732,3,MX,1,100,32
3.739667,1425330.667,27749,3,MX,1,100,32
3.774333,1425365.333,27749,3,MX,1,100,33
3.809000,1425400.000,27749,3,MX,1,100,33
3.848000,1425439.000,27766,2,MX,1,100,33
3.887000,1425478.000,27766,2,MX,1,100,32
3.926000,1425517.000,27782,3,MX,1,100,32
3.965000,1425556.000,27782,3,MX,1,100,33
4.004000,1425595.000,27782,3,MX,1,100,33
4.042333,1425633.333,27799,3,MX,1,100,32
4.080667,1425671.667,27799,3,MX,1,100,32
4.119000,1425710.000,27799,3,MX,1,100,32
4.158000,1425749.000,27815,2,MX,1,100,33
4.197000,1425788.000,27815,2,MX,1,100,33
4.236333,1425827.333,27832,3,MX,1,100,32
4.275667,1425866.667,27832,3,MX,1,100,31
4.315000,1425906.000,27832,3,MX,1,100,32
4.355000,1425946.000,27849,2,MX,1,100,34
4.395000,1425986.000,27849,2,MX,1,100,33
4.434000,1426025.000,27868,3,MX,1,100,32
4.473000,1426064.000,27868,3,MX,1,100,32
4.512000,1426103.000,27868,3,MX,1,100,33
4.551000,1426142.000,27883,2,MX,1,100,32
4.590000,1426181.000,27883,2,MX,1,100,33
4.629000,1426220.000,27901,3,MX,1,100,33
4.668000,1426259.000,27901,3,MX,1,100,33
4.707000,1426298.000,27901,3,MX,1,100,32
4.746000,1426337.000,27917,3,MX,1,100,32
4.785000,1426376.000,27917,3,MX,1,100,33
4.824000,1426415.000,27917,3,MX,1,100,32
4.863000,1426454.000,27934,2,MX,1,100,32
4.902000,1426493.000,27934,2,MX,1,100,32
4.941667,1426532.667,27949,3,MX,1,100,33
4.981333,1426572.333,27949,3,MX,1,100,32
5.021000,1426612.000,27949,3,MX,1,100,32
5.060000,1426651.000,27967,2,MX,1,100,33
5.099000,1426690.000,27967,2,MX,1,100,33
5.138000,1426729.000,27983,3,MX,1,100,33
5.177000,1426768.000,27983,3,MX,1,100,31
5.216000,1426807.000,27983,3,MX,1,100,33
5.255000,1426846.000,28000,2,MX,1,100,34
5.294000,1426885.000,28000,2,MX,1,100,33
5.333000,1426924.000,28017,3,MX,1,100,33
5.372000,1426963.000,28017,3,MX,1,100,33
5.411000,1427002.000,28017,3,MX,1,100,31
5.445000,1427036.000,28035,3,MX,1,100,32
5.479000,1427070.000,28035,3,MX,1,100,33
5.513000,1427104.000,28035,3,MX,1,100,32
5.552000,1427143.000,28051,3,MX,1,100,34
5.591000,1427182.000,28051,3,MX,1,100,32
5.630000,1427221.000,28051,3,MX,1,100,33
5.669000,1427260.000,28069,2,MX,1,100,33
5.708000,1427299.000,28069,2,MX,1,100,33
5.747000,1427338.000,28085,3,MX,1,100,33
5.786000,1427377.000,28085,3,MX,1,100,33
5.825000,1427416.000,28085,3,MX,1,100,32
5.864500,1427455.500,28103,4,MX,1,100,32
5.904000,1427495.000,28103,4,MX,1,100,33
5.943500,1427534.500,28103,4,MX,1,100,34
5.983000,1427574.000,28103,4,MX,1,100,34
6.022500,1427613.500,28120,2,MX,1,100,32
6.062000,1427653.000,28120,2,MX,1,100,32
6.101000,1427692.000,28136,3,MX,1,100,32
6.140000,1427731.000,28136,3,MX,1,100,33
6.179000,1427770.000,28136,3,MX,1,100,34
6.217667,1427808.667,28152,3,MX,1,100,34
6.256333,1427847.333,28152,3,MX,1,100,33
6.295000,1427886.000,28152,3,MX,1,100,33
6.334000,1427925.000,28170,2,MX,1,100,32
6.373000,1427964.000,28170,2,MX,1,100,33
6.412000,1428003.000,28188,3,MX,1,100,33
6.451000,1428042.000,28188,3,MX,1,100,33
6.490000,1428081.000,28188,3,MX,1,100,34
6.530000,1428121.000,28204,2,MX,1,100,33
6.570000,1428161.000,28204,2,MX,1,100,34
6.609333,1428200.333,28221,3,MX,1,100,33
6.648667,1428239.667,28221,3,MX,1,100,33
6.688000,1428279.000,28221,3,MX,1,100,32
6.727000,1428318.000,28238,2,MX,1,100,34
6.766000,1428357.000,28238,2,MX,1,100,34
6.804667,1428395.667,28254,3,MX,1,100,32
6.843333,1428434.333,28254,3,MX,1,100,33
6.882000,1428473.000,28254,3,MX,1,100,33
6.920667,1428511.667,28272,3,MX,1,100,33
6.959333,1428550.333,28272,3,MX,1,100,33
6.998000,1428589.000,28272,3,MX,1,100,33
7.037000,1428628.000,28287,2,MX,1,100,34
7.076000,1428667.000,28287,2,MX,1,100,34
7.111000,1428702.000,28304,3,MX,1,100,33
7.146000,1428737.000,28304,3,MX,1,100,33
7.181000,1428772.000,28304,3,MX,1,100,33
7.220000,1428811.000,28320,3,MX,1,100,33
7.259000,1428850.000,28320,3,MX,1,100,34
7.298000,1428889.000,28320,3,MX,1,100,34
7.337000,1428928.000,28340,2,MX,1,100,34
7.376000,1428967.000,28340,2,MX,1,100,32
7.415000,1429006.000,28355,3,MX,1,100,33
7.454000,1429045.000,28355,3,MX,1,100,33
7.493000,1429084.000,28355,3,MX,1,100,34
7.532000,1429123.000,28372,3,MX,1,100,33
7.571000,1429162.000,28372,3,MX,1,100,34
7.610000,1429201.000,28372,3,MX,1,100,34
7.648500,1429239.500,28389,2,MX,1,100,33
7.687000,1429278.000,28389,2,MX,1,100,32
7.725667,1429316.667,28406,3,MX,1,100,32
7.764333,1429355.333,28406,3,MX,1,100,33
7.803000,1429394.000,28406,3,MX,1,100,33
7.842000,1429433.000,28422,2,MX,1,100,32
7.881000,1429472.000,28422,2,MX,1,100,32
7.920000,1429511.000,28439,3,MX,1,100,33
7.959000,1429550.000,28439,3,MX,1,100,33
7.998000,1429589.000,28439,3,MX,1,100,33
8.037000,1429628.000,28455,3,MX,1,100,32
8.076000,1429667.000,28455,3,MX,1,100,32
8.115000,1429706.000,28455,3,MX,1,100,33
8.154000,1429745.000,28472,2,MX,1,100,33
8.193000,1429784.000,28472,2,MX,1,100,33
8.231333,1429822.333,28489,3,MX,1,100,33
8.269667,1429860.667,28489,3,MX,1,100,33
8.308000,1429899.000,28489,3,MX,1,100,33
8.347000,1429938.000,28507,2,MX,1,100,32
8.386000,1429977.000,28507,2,MX,1,100,32
8.425000,1430016.000,28523,3,MX,1,100,33
8.464000,1430055.000,28523,3,MX,1,100,32
8.503000,1430094.000,28523,3,MX,1,100,33
8.542000,1430133.000,28541,3,MX,1,100,33
8.581000,1430172.000,28541,3,MX,1,100,32
8.620000,1430211.000,28541,3,MX,1,100,32
8.659000,1430250.000,28557,2,MX,1,100,32
8.698000,1430289.000,28557,2,MX,1,100,32
8.737667,1430328.667,28574,3,MX,1,100,32
8.777333,1430368.333,28574,3,MX,1,100,32
8.817000,1430408.000,28574,3,MX,1,100,34
8.856500,1430447.500,28589,2,MX,1,100,33
8.896000,1430487.000,28589,2,MX,1,100,33
8.930667,1430521.667,28607,3,MX,1,100,32
8.965333,1430556.333,28607,3,MX,1,100,32
9.000000,1430591.000,28607,3,MX,1,100,32
9.038667,1430629.667,28623,3,MX,1,100,32
9.077333,1430668.333,28623,3,MX,1,100,32
9.116000,1430707.000,28623,3,MX,1,100,32
9.155000,1430746.000,28640,2,MX,1,100,32
9.194000,1430785.000,28640,2,MX,1,100,33
9.233667,1430824.667,28657,3,MX,1,100,34
9.273333,1430864.333,28657,3,MX,1,100,32
9.313000,1430904.000,28657,3,MX,1,100,33
9.352000,1430943.000,28675,3,MX,1,100,32
9.391000,1430982.000,28675,3,MX,1,100,33
9.430000,1431021.000,28675,3,MX,1,100,32
9.469000,1431060.000,28691,2,MX,1,100,33
9.508000,1431099.000,28691,2,MX,1,100,32
9.547000,1431138.000,28709,3,MX,1,100,32
9.586000,1431177.000,28709,3,MX,1,100,32
9.625000,1431216.000,28709,3,MX,1,100,32
9.663667,1431254.667,28725,3,MX,1,100,34
9.702333,1431293.333,28725,3,MX,1,100,32
9.741000,1431332.000,28725,3,MX,1,100,32
9.781000,1431372.000,28741,2,MX,1,100,33
9.821000,1431412.000,28741,2,MX,1,100,32
9.860333,1431451.333,28758,3,MX,1,100,32
9.899667,1431490.667,28758,3,MX,1,100,32
9.939000,1431530.000,28758,3,MX,1,100,32
9.978000,1431569.000,28775,2,MX,1,100,33
10.017000,1431608.000,28775,2,MX,1,100,32
10.056000,1431647.000,28791,3,MX,1,100,32
10.095000,1431686.000,28791,3,MX,1,100,32
10.134000,1431725.000,28791,3,MX,1,100,33
10.173000,1431764.000,28809,3,MX,1,100,33
10.212000,1431803.000,28809,3,MX,1,100,32
10.251000,1431842.000,28809,3,MX,1,100,32
10.290000,1431881.000,28826,2,MX,1,100,33
10.329000,1431920.000,28826,2,MX,1,100,33
10.368000,1431959.000,28843,3,MX,1,100,32
10.407000,1431998.000,28843,3,MX,1,100,32
10.446000,1432037.000,28843,3,MX,1,100,32
10.484500,1432075.500,28859,2,MX,1,100,32
10.523000,1432114.000,28859,2,MX,1,100,33
10.561667,1432152.667,28877,3,MX,1,100,33
10.600333,1432191.333,28877,3,MX,1,100,33
10.639000,1432230.000,28877,3,MX,1,100,33
10.673667,1432264.667,28892,3,MX,1,100,33
10.708333,1432299.333,28892,3,MX,1,100,33
10.743000,1432334.000,28892,3,MX,1,100,33
10.782500,1432373.500,28909,2,MX,1,100,33
10.822000,1432413.000,28909,2,MX,1,100,34
10.861667,1432452.667,28926,3,MX,1,100,34
10.901333,1432492.333,28926,3,MX,1,100,32
10.941000,1432532.000,28926,3,MX,1,100,34
10.980000,1432571.000,28944,4,MX,1,100,34
11.019000,1432610.000,28944,4,MX,1,100,35
11.058000,1432649.000,28944,4,MX,1,100,35
11.097000,1432688.000,28944,4,MX,1,100,35
11.135500,1432726.500,28960,2,MX,1,100,36
11.174000,1432765.000,28960,2,MX,1,100,37
11.213000,1432804.000,28980,3,MX,1,100,39
11.252000,1432843.000,28980,3,MX,1,100,39
11.291000,1432882.000,28980,3,MX,1,100,41
11.330333,1432921.333,28995,3,MX,1,100,41
11.369667,1432960.667,28995,3,MX,1,100,42
11.409000,1433000.000,28995,3,MX,1,100,44
11.449000,1433040.000,29012,2,MX,1,100,44
11.489000,1433080.000,29012,2,MX,1,100,46
11.528000,1433119.000,29029,3,MX,1,100,45
11.567000,1433158.000,29029,3,MX,1,100,46
11.606000,1433197.000,29029,3,MX,1,100,46
11.645000,1433236.000,29046,2,MX,1,100,48
11.684000,1433275.000,29046,2,MX,1,100,48
11.723000,1433314.000,29062,3,MX,1,100,48
11.762000,1433353.000,29062,3,MX,1,100,48
11.801000,1433392.000,29062,3,MX,1,100,49
11.840000,1433431.000,29079,3,MX,1,100,48
11.879000,1433470.000,29079,3,MX,1,100,48
11.918000,1433509.000,29079,3,MX,1,100,49
11.956000,1433547.000,29095,2,MX,1,100,48
11.994000,1433585.000,29095,2,MX,1,100,47
12.034000,1433625.000,29112,3,MX,1,100,47
12.074000,1433665.000,29112,3,MX,1,100,46
12.114000,1433705.000,29112,3,MX,1,100,46
12.153000,1433744.000,29129,2,MX,1,100,46
12.192000,1433783.000,29129,2,MX,1,100,46
12.231000,1433822.000,29147,3,MX,1,100,46
12.270000,1433861.000,29147,3,MX,1,100,47
12.309000,1433900.000,29147,3,MX,1,100,46
12.343667,1433934.667,29163,3,MX,1,100,46
12.378333,1433969.333,29163,3,MX,1,100,47
12.413000,1434004.000,29163,3,MX,1,100,46
12.452000,1434043.000,29180,2,MX,1,100,47
12.491000,1434082.000,29180,2,MX,1,100,48
12.529333,1434120.333,29199,3,MX,1,100,47
12.567667,1434158.667,29199,3,MX,1,100,48
12.606000,1434197.000,29199,3,MX,1,100,48
12.645000,1434236.000,29216,3,MX,1,100,49
12.684000,1434275.000,29216,3,MX,1,100,48
12.723000,1434314.000,29216,3,MX,1,100,48
12.762000,1434353.000,29231,2,MX,1,100,48
12.801000,1434392.000,29231,2,MX,1,100,48
12.840000,1434431.000,29249,3,MX,1,100,48
12.879000,1434470.000,29249,3,MX,1,100,48
12.918000,1434509.000,29249,3,MX,1,100,48
12.957000,1434548.000,29265,2,MX,1,100,48
12.996000,1434587.000,29265,2,MX,1,100,47
13.036000,1434627.000,29282,3,MX,1,100,47
13.076000,1434667.000,29282,3,MX,1,100,47
13.116000,1434707.000,29282,3,MX,1,100,47
13.155000,1434746.000,29298,3,MX,1,100,46
13.194000,1434785.000,29298,3,MX,1,100,46
13.233000,1434824.000,29298,3,MX,1,100,46
13.272000,1434863.000,29317,2,MX,1,100,47
13.311000,1434902.000,29317,2,MX,1,100,46
13.349333,1434940.333,29333,3,MX,1,100,47
13.387667,1434978.667,29333,3,MX,1,100,46
13.426000,1435017.000,29333,3,MX,1,100,46
13.465000,1435056.000,29351,2,MX,1,100,46
13.504000,1435095.000,29351,2,MX,1,100,45
13.543000,1435134.000,29367,3,MX,1,100,45
13.582000,1435173.000,29367,3,MX,1,100,46
13.621000,1435212.000,29367,3,MX,1,100,47
13.661000,1435252.000,29383,2,MX,1,100,46
13.701000,1435292.000,29383,2,MX,1,100,47
13.740333,1435331.333,29402,3,MX,1,100,48
13.779667,1435370.667,29402,3,MX,1,100,49
13.819000,1435410.000,29402,3,MX,1,100,49
13.858000,1435449.000,29419,3,MX,1,100,51
13.897000,1435488.000,29419,3,MX,1,100,50
13.936000,1435527.000,29419,3,MX,1,100,51
13.974500,1435565.500,29435,2,MX,1,100,52
14.013000,1435604.000,29435,2,MX,1,100,52
14.051667,1435642.667,29451,3,MX,1,100,53
14.090333,1435681.333,29451,3,MX,1,100,54
14.129000,1435720.000,29451,3,MX,1,100,54
14.163333,1435754.333,29470,3,MX,1,100,54
14.197667,1435788.667,29470,3,MX,1,100,54
14.232000,1435823.000,29470,3,MX,1,100,55
14.271000,1435862.000,29487,2,MX,1,100,54
14.310000,1435901.000,29487,2,MX,1,100,53
14.349000,1435940.000,29503,3,MX,1,100,53
14.388000,1435979.000,29503,3,MX,1,100,53
14.427000,1436018.000,29503,3,MX,1,100,55
14.466000,1436057.000,29521,3,MX,1,100,54
14.505000,1436096.000,29521,3,MX,1,100,54
14.544000,1436135.000,29521,3,MX,1,100,54
14.583000,1436174.000,29536,2,MX,1,100,54
14.622000,1436213.000,29536,2,MX,1,100,53
14.661000,1436252.000,29553,3,MX,1,100,54
14.700000,1436291.000,29553,3,MX,1,100,54
14.739000,1436330.000,29553,3,MX,1,100,52
14.777000,1436368.000,29572,2,MX,1,100,53
14.815000,1436406.000,29572,2,MX,1,100,52
14.854000,1436445.000,29589,3,MX,1,100,51
14.893000,1436484.000,29589,3,MX,1,100,51
14.932000,1436523.000,29589,3,MX,1,100,51
14.971000,1436562.000,29604,3,MX,1,100,49
15.010000,1436601.000,29604,3,MX,1,100,49
15.049000,1436640.000,29604,3,MX,1,100,49
15.088000,1436679.000,29622,2,MX,1,100,48
15.127000,1436718.000,29622,2,MX,1,100,48
15.166000,1436757.000,29640,3,MX,1,100,48
15.205000,1436796.000,29640,3,MX,1,100,47
15.244000,1436835.000,29640,3,MX,1,100,48
15.283000,1436874.000,29657,2,MX,1,100,49
15.322000,1436913.000,29657,2,MX,1,100,48
15.360333,1436951.333,29674,3,MX,1,100,48
15.398667,1436989.667,29674,3,MX,1,100,48
15.437000,1437028.000,29674,3,MX,1,100,48
15.476000,1437067.000,29690,3,MX,1,100,48
15.515000,1437106.000,29690,3,MX,1,100,48
15.554000,1437145.000,29690,3,MX,1,100,47
15.592500,1437183.500,29708,2,MX,1,100,47
15.631000,1437222.000,29708,2,MX,1,100,48
15.669667,1437260.667,29725,3,MX,1,100,47
15.708333,1437299.333,29725,3,MX,1,100,47
15.747000,1437338.000,29725,3,MX,1,100,48
15.781667,1437372.667,29742,3,MX,1,100,48
15.816333,1437407.333,29742,3,MX,1,100,48
15.851000,1437442.000,29742,3,MX,1,100,48
15.890000,1437481.000,29758,2,MX,1,100,48
15.929000,1437520.000,29758,2,MX,1,100,48
15.968000,1437559.000,29774,3,MX,1,100,48
16.007000,1437598.000,29774,3,MX,1,100,48
16.046000,1437637.000,29774,3,MX,1,100,49
16.085000,1437676.000,29793,4,MX,1,100,48
16.124000,1437715.000,29793,4,MX,1,100,48
16.163000,1437754.000,29793,4,MX,1,100,48
16.202000,1437793.000,29793,4,MX,1,100,48
16.241000,1437832.000,29811,2,MX,1,100,49
16.280000,1437871.000,29811,2,MX,1,100,48
16.319667,1437910.667,29828,3,MX,1,100,49
16.359333,1437950.333,29828,3,MX,1,100,49
16.399000,1437990.000,29828,3,MX,1,100,49
16.438000,1438029.000,29845,3,MX,1,100,49
16.477000,1438068.000,29845,3,MX,1,100,48
16.516000,1438107.000,29845,3,MX,1,100,49
16.555000,1438146.000,29862,2,MX,1,100,49
16.594000,1438185.000,29862,2,MX,1,100,49
16.633000,1438224.000,29877,3,MX,1,100,49
16.672000,1438263.000,29877,3,MX,1,100,48
16.711000,1438302.000,29877,3,MX,1,100,48
16.750000,1438341.000,29895,2,MX,1,100,48
16.789000,1438380.000,29895,2,MX,1,100,47
16.827667,1438418.667,29913,3,MX,1,100,47
16.866333,1438457.333,29913,3,MX,1,100,47
16.905000,1438496.000,29913,3,MX,1,100,47
16.944667,1438535.667,29930,3,MX,1,100,47
16.984333,1438575.333,29930,3,MX,1,100,47
17.024000,1438615.000,29930,3,MX,1,100,48
17.062500,1438653.500,29946,2,MX,1,100,48
17.101000,1438692.000,29946,2,MX,1,100,47
17.140000,1438731.000,29965,3,MX,1,100,48
17.179000,1438770.000,29965,3,MX,1,100,48
17.218000,1438809.000,29965,3,MX,1,100,49
17.257000,1438848.000,29981,2,MX,1,100,49
17.296000,1438887.000,29981,2,MX,1,100,49
17.335000,1438926.000,29999,3,MX,1,100,50
17.374000,1438965.000,29999,3,MX,1,100,51
17.413000,1439004.000,29999,3,MX,1,100,51
17.452000,1439043.000,30015,2,MX,1,100,52
17.491000,1439082.000,30015,2,MX,1,100,51
17.525333,1439116.333,30031,3,MX,1,100,54
17.559667,1439150.667,30031,3,MX,1,100,54
17.594000,1439185.000,30031,3,MX,1,100,54
17.632667,1439223.667,30048,3,MX,1,100,55
17.671333,1439262.333,30048,3,MX,1,100,54
17.710000,1439301.000,30048,3,MX,1,100,55
17.749000,1439340.000,30065,3,MX,1,100,55
17.788000,1439379.000,30065,3,MX,1,100,54
17.827000,1439418.000,30065,3,MX,1,100,55
17.866500,1439457.500,30083,2,MX,1,100,55
17.906000,1439497.000,30083,2,MX,1,100,55
17.945667,1439536.667,30099,3,MX,1,100,54
17.985333,1439576.333,30099,3,MX,1,100,53
18.025000,1439616.000,30099,3,MX,1,100,53
18.064000,1439655.000,30118,2,MX,1,100,53
18.103000,1439694.000,30118,2,MX,1,100,51
18.142000,1439733.000,30135,3,MX,1,100,52
18.181000,1439772.000,30135,3,MX,1,100,50
18.220000,1439811.000,30135,3,MX,1,100,51
18.258333,1439849.333,30151,3,MX,1,100,49
18.296667,1439887.667,30151,3,MX,1,100,50
18.335000,1439926.000,30151,3,MX,1,100,50
18.374000,1439965.000,30169,2,MX,1,100,48
18.413000,1440004.000,30169,2,MX,1,100,49
18.451667,1440042.667,30184,3,MX,1,100,48
18.490333,1440081.333,30184,3,MX,1,100,47
18.529000,1440120.000,30184,3,MX,1,100,48
18.569000,1440160.000,30201,2,MX,1,100,48
18.609000,1440200.000,30201,2,MX,1,100,49
18.648000,1440239.000,30218,3,MX,1,100,49
18.687000,1440278.000,30218,3,MX,1,100,49
18.726000,1440317.000,30218,3,MX,1,100,51
18.765000,1440356.000,30235,2,MX,1,100,50
18.804000,1440395.000,30235,2,MX,1,100,52
18.843000,1440434.000,30250,3,MX,1,100,52
18.882000,1440473.000,30250,3,MX,1,100,51
18.921000,1440512.000,30250,3,MX,1,100,52
18.960000,1440551.000,30268,3,MX,1,100,52
18.999000,1440590.000,30268,3,MX,1,100,51
19.038000,1440629.000,30268,3,MX,1,100,52
19.077000,1440668.000,30286,2,MX,1,100,53
19.116000,1440707.000,30286,2,MX,1,100,52
19.156000,1440747.000,30303,3,MX,1,100,52
19.196000,1440787.000,30303,3,MX,1,100,52
19.236000,1440827.000,30303,3,MX,1,100,52
19.270667,1440861.667,30319,3,MX,1,100,52
19.305333,1440896.333,30319,3,MX,1,100,51
19.340000,1440931.000,30319,3,MX,1,100,52
19.379000,1440970.000,30336,2,MX,1,100,52
19.418000,1441009.000,30336,2,MX,1,100,52
19.457000,1441048.000,30354,3,MX,1,100,51
19.496000,1441087.000,30354,3,MX,1,100,51
19.535000,1441126.000,30354,3,MX,1,100,52
19.574000,1441165.000,30371,2,MX,1,100,51
19.613000,1441204.000,30371,2,MX,1,100,51
19.651333,1441242.333,30388,3,MX,1,100,51
19.689667,1441280.667,30388,3,MX,1,100,50
19.728000,1441319.000,30388,3,MX,1,100,50
19.767000,1441358.000,30404,3,MX,1,100,49
19.806000,1441397.000,30404,3,MX,1,100,51
19.845000,1441436.000,30404,3,MX,1,100,51
19.883000,1441474.000,30420,2,MX,1,100,51
19.921000,1441512.000,30420,2,MX,1,100,52
19.960000,1441551.000,30438,3,MX,1,100,52
19.999000,1441590.000,30438,3,MX,1,100,51
20.038000,1441629.000,30438,3,MX,1,100,52
20.077000,1441668.000,30456,2,MX,1,100,51
20.116000,1441707.000,30456,2,MX,1,100,51
20.156000,1441747.000,30473,3,MX,1,100,50
20.196000,1441787.000,30473,3,MX,1,100,51
20.236000,1441827.000,30473,3,MX,1,100,51
20.275000,1441866.000,30489,3,MX,1,100,51
20.314000,1441905.000,30489,3,MX,1,100,51
20.353000,1441944.000,30489,3,MX,1,100,51
20.392000,1441983.000,30506,2,MX,1,100,51
20.431000,1442022.000,30506,2,MX,1,100,50
20.469333,1442060.333,30524,3,MX,1,100,50
20.507667,1442098.667,30524,3,MX,1,100,49
20.546000,1442137.000,30524,3,MX,1,100,49
20.585000,1442176.000,30542,2,MX,1,100,48
20.624000,1442215.000,30542,2,MX,1,100,48
20.663333,1442254.333,30557,3,MX,1,100,48
20.702667,1442293.667,30557,3,MX,1,100,47
20.742000,1442333.000,30557,3,MX,1,100,48
20.782000,1442373.000,30574,3,MX,1,100,47
20.822000,1442413.000,30574,3,MX,1,100,47
20.862000,1442453.000,30574,3,MX,1,100,47
20.901000,1442492.000,30590,2,MX,1,100,48
20.940000,1442531.000,30590,2,MX,1,100,46
20.974667,1442565.667,30610,3,MX,1,100,46
21.009333,1442600.333,30610,3,MX,1,100,47
21.044000,1442635.000,30610,3,MX,1,100,48
21.083000,1442674.000,30625,3,MX,1,100,48
21.122000,1442713.000,30625,3,MX,1,100,48
21.161000,1442752.000,30625,3,MX,1,100,49
21.201000,1442792.000,30642,2,MX,1,100,50
21.241000,1442832.000,30642,2,MX,1,100,50
21.279333,1442870.333,30659,3,MX,1,100,50
21.317667,1442908.667,30659,3,MX,1,100,51
21.356000,1442947.000,30659,3,MX,1,100,52
21.395000,1442986.000,30676,2,MX,1,100,52
21.434000,1443025.000,30676,2,MX,1,100,52
21.473000,1443064.000,30692,3,MX,1,100,52
21.512000,1443103.000,30692,3,MX,1,100,52
21.551000,1443142.000,30692,3,MX,1,100,51
21.590000,1443181.000,30709,3,MX,1,100,51
21.629000,1443220.000,30709,3,MX,1,100,49
21.668000,1443259.000,30709,3,MX,1,100,49
21.707000,1443298.000,30727,2,MX,1,100,49
21.746000,1443337.000,30727,2,MX,1,100,50
21.785000,1443376.000,30744,3,MX,1,100,48
21.824000,1443415.000,30744,3,MX,1,100,49
21.863000,1443454.000,30744,3,MX,1,100,49
21.901000,1443492.000,30761,2,MX,1,100,48
21.939000,1443530.000,30761,2,MX,1,100,48
21.978000,1443569.000,30779,3,MX,1,100,49
22.017000,1443608.000,30779,3,MX,1,100,48
22.056000,1443647.000,30779,3,MX,1,100,48
22.095000,1443686.000,30797,3,MX,1,100,48
22.134000,1443725.000,30797,3,MX,1,100,48
22.173000,1443764.000,30797,3,MX,1,100,49
22.212000,1443803.000,30814,2,MX,1,100,48
22.251000,1443842.000,30814,2,MX,1,100,48
22.290000,1443881.000,30831,3,MX,1,100,48
22.329000,1443920.000,30831,3,MX,1,100,48
22.368000,1443959.000,30831,3,MX,1,100,48
22.407000,1443998.000,30848,2,MX,1,100,49
22.446000,1444037.000,30848,2,MX,1,100,49
22.484333,1444075.333,30863,3,MX,1,100,49
22.522667,1444113.667,30863,3,MX,1,100,49
22.561000,1444152.000,30863,3,MX,1,100,48
22.600000,1444191.000,30881,3,MX,1,100,48
22.639000,1444230.000,30881,3,MX,1,100,48
22.678000,1444269.000,30881,3,MX,1,100,46
22.710000,1444301.000,30897,2,MX,1,100,48
22.742000,1444333.000,30897,2,MX,1,100,47
22.782000,1444373.000,30914,3,MX,1,100,47
22.822000,1444413.000,30914,3,MX,1,100,48
22.862000,1444453.000,30914,3,MX,1,100,48
22.901000,1444492.000,30930,3,MX,1,100,48
22.940000,1444531.000,30930,3,MX,1,100,49
22.979000,1444570.000,30930,3,MX,1,100,48
23.018000,1444609.000,30949,2,MX,1,100,48
23.057000,1444648.000,30949,2,MX,1,100,48
23.096000,1444687.000,30967,3,MX,1,100,48
23.135000,1444726.000,30967,3,MX,1,100,49
23.174000,1444765.000,30967,3,MX,1,100,48
23.213000,1444804.000,30985,2,MX,1,100,49
23.252000,1444843.000,30985,2,MX,1,100,48
23.290333,1444881.333,31001,3,MX,1,100,48
23.328667,1444919.667,31001,3,MX,1,100,48
23.367000,1444958.000,31001,3,MX,1,100,48
23.407000,1444998.000,31017,3,MX,1,100,47
23.447000,1445038.000,31017,3,MX,1,100,48
23.487000,1445078.000,31017,3,MX,1,100,47
23.526000,1445117.000,31034,2,MX,1,100,47
23.565000,1445156.000,31034,2,MX,1,100,48
23.604000,1445195.000,31051,3,MX,1,100,48
23.643000,1445234.000,31051,3,MX,1,100,48
23.682000,1445273.000,31051,3,MX,1,100,48
23.721000,1445312.000,31067,2,MX,1,100,47
23.760000,1445351.000,31067,2,MX,1,100,47
23.799000,1445390.000,31084,3,MX,1,100,48
23.838000,1445429.000,31084,3,MX,1,100,47
23.877000,1445468.000,31084,3,MX,1,100,47
23.916000,1445507.000,31102,3,MX,1,100,48
23.955000,1445546.000,31102,3,MX,1,100,48
23.994000,1445585.000,31102,3,MX,1,100,47
24.034000,1445625.000,31119,2,MX,1,100,47
24.074000,1445665.000,31119,2,MX,1,100,47
24.112333,1445703.333,31135,3,MX,1,100,48
24.150667,1445741.667,31135,3,MX,1,100,49
24.189000,1445780.000,31135,3,MX,1,100,47
24.228000,1445819.000,31153,2,MX,1,100,48
24.267000,1445858.000,31153,2,MX,1,100,46
24.306000,1445897.000,31168,3,MX,1,100,47
24.345000,1445936.000,31168,3,MX,1,100,47
24.384000,1445975.000,31168,3,MX,1,100,46
24.418667,1446009.667,31185,3,MX,1,100,48
24.453333,1446044.333,31185,3,MX,1,100,47
24.488000,1446079.000,31185,3,MX,1,100,48
24.527000,1446118.000,31202,3,MX,1,100,47
24.566000,1446157.000,31202,3,MX,1,100,46
24.605000,1446196.000,31202,3,MX,1,100,45
24.644000,1446235.000,31219,2,MX,1,100,45
24.683000,1446274.000,31219,2,MX,1,100,45
24.721333,1446312.333,31235,3,MX,1,100,44
24.759667,1446350.667,31235,3,MX,1,100,45
24.798000,1446389.000,31235,3,MX,1,100,44
24.837000,1446428.000,31252,2,MX,1,100,43
24.876000,1446467.000,31252,2,MX,1,100,44
24.915000,1446506.000,31270,3,MX,1,100,44
24.954000,1446545.000,31270,3,MX,1,100,43
24.993000,1446584.000,31270,3,MX,1,100,43
25.033000,1446624.000,31287,3,MX,1,100,42
25.073000,1446664.000,31287,3,MX,1,100,44
25.113000,1446704.000,31287,3,MX,1,100,44
25.152000,1446743.000,31304,2,MX,1,100,43
25.191000,1446782.000,31304,2,MX,1,100,45
25.230000,1446821.000,31320,3,MX,1,100,45
25.269000,1446860.000,31320,3,MX,1,100,45
25.308000,1446899.000,31320,3,MX,1,100,44
25.346500,1446937.500,31338,2,MX,1,100,44
25.385000,1446976.000,31338,2,MX,1,100,44
25.423667,1447014.667,31355,3,MX,1,100,45
25.462333,1447053.333,31355,3,MX,1,100,45
25.501000,1447092.000,31355,3,MX,1,100,47
25.540000,1447131.000,31372,3,MX,1,100,48
25.579000,1447170.000,31372,3,MX,1,100,50
25.618000,1447209.000,31372,3,MX,1,100,49
25.658000,1447249.000,31389,2,MX,1,100,52
25.698000,1447289.000,31389,2,MX,1,100,52
25.737333,1447328.333,31404,3,MX,1,100,52
25.776667,1447367.667,31404,3,MX,1,100,52
25.816000,1447407.000,31404,3,MX,1,100,53
25.855000,1447446.000,31422,2,MX,1,100,54
25.894000,1447485.000,31422,2,MX,1,100,54
25.933000,1447524.000,31440,3,MX,1,100,53
25.972000,1447563.000,31440,3,MX,1,100,52
26.011000,1447602.000,31440,3,MX,1,100,53
26.050000,1447641.000,31457,3,MX,1,100,51
26.089000,1447680.000,31457,3,MX,1,100,51
26.128000,1447719.000,31457,3,MX,1,100,51
26.159500,1447750.500,31473,2,MX,1,100,49
26.191000,1447782.000,31473,2,MX,1,100,50
26.230000,1447821.000,31490,3,MX,1,100,49
26.269000,1447860.000,31490,3,MX,1,100,48
26.308000,1447899.000,31490,3,MX,1,100,49
26.347000,1447938.000,31506,3,MX,1,100,49
26.386000,1447977.000,31506,3,MX,1,100,50
26.425000,1448016.000,31506,3,MX,1,100,51
26.464000,1448055.000,31524,2,MX,1,100,50
26.503000,1448094.000,31524,2,MX,1,100,51
26.542000,1448133.000,31540,3,MX,1,100,50
26.581000,1448172.000,31540,3,MX,1,100,52
26.620000,1448211.000,31540,3,MX,1,100,52
26.659000,1448250.000,31556,2,MX,1,100,52
26.698000,1448289.000,31556,2,MX,1,100,53
26.736333,1448327.333,31573,3,MX,1,100,52
26.774667,1448365.667,31573,3,MX,1,100,52
26.813000,1448404.000,31573,3,MX,1,100,54
26.852000,1448443.000,31592,3,MX,1,100,54
26.891000,1448482.000,31592,3,MX,1,100,54
26.930000,1448521.000,31592,3,MX,1,100,54
26.968500,1448559.500,31610,2,MX,1,100,55
27.007000,1448598.000,31610,2,MX,1,100,55
27.045667,1448636.667,31626,3,MX,1,100,55
27.084333,1448675.333,31626,3,MX,1,100,55
27.123000,1448714.000,31626,3,MX,1,100,56
27.162000,1448753.000,31643,2,MX,1,100,56
27.201000,1448792.000,31643,2,MX,1,100,55
27.241000,1448832.000,31660,3,MX,1,100,55
27.281000,1448872.000,31660,3,MX,1,100,55
27.321000,1448912.000,31660,3,MX,1,100,56
27.360333,1448951.333,31676,3,MX,1,100,55
27.399667,1448990.667,31676,3,MX,1,100,55
27.439000,1449030.000,31676,3,MX,1,100,55
27.478000,1449069.000,31694,2,MX,1,100,54
27.517000,1449108.000,31694,2,MX,1,100,53
27.555667,1449146.667,31709,3,MX,1,100,52
27.594333,1449185.333,31709,3,MX,1,100,51
27.633000,1449224.000,31709,3,MX,1,100,51
27.672000,1449263.000,31726,2,MX,1,100,49
27.711000,1449302.000,31726,2,MX,1,100,48
27.750000,1449341.000,31743,3,MX,1,100,47
27.789000,1449380.000,31743,3,MX,1,100,45
27.828000,1449419.000,31743,3,MX,1,100,45
27.863333,1449454.333,31762,3,MX,1,100,45
27.898667,1449489.667,31762,3,MX,1,100,44
27.934000,1449525.000,31762,3,MX,1,100,44
27.973000,1449564.000,31777,2,MX,1,100,44
28.012000,1449603.000,31777,2,MX,1,100,45
28.051000,1449642.000,31795,3,MX,1,100,45
28.090000,1449681.000,31795,3,MX,1,100,45
28.129000,1449720.000,31795,3,MX,1,100,47
28.167333,1449758.333,31811,3,MX,1,100,48
28.205667,1449796.667,31811,3,MX,1,100,49
28.244000,1449835.000,31811,3,MX,1,100,50
28.284000,1449875.000,31828,2,MX,1,100,51
28.324000,1449915.000,31828,2,MX,1,100,53
28.362333,1449953.333,31844,3,MX,1,100,54
28.400667,1449991.667,31844,3,MX,1,100,54
28.439000,1450030.000,31844,3,MX,1,100,54
28.478000,1450069.000,31861,2,MX,1,100,55
28.517000,1450108.000,31861,2,MX,1,100,55
28.556000,1450147.000,31879,3,MX,1,100,55
28.595000,1450186.000,31879,3,MX,1,100,55
28.634000,1450225.000,31879,3,MX,1,100,55
28.673000,1450264.000,31896,3,MX,1,100,55
28.712000,1450303.000,31896,3,MX,1,100,55
28.751000,1450342.000,31896,3,MX,1,100,54
28.790000,1450381.000,31915,2,MX,1,100,53
28.829000,1450420.000,31915,2,MX,1,100,53
28.868000,1450459.000,31931,3,MX,1,100,52
28.907000,1450498.000,31931,3,MX,1,100,52
28.946000,1450537.000,31931,3,MX,1,100,51
28.984500,1450575.500,31947,2,MX,1,100,49
29.023000,1450614.000,31947,2,MX,1,100,50
29.061667,1450652.667,31965,3,MX,1,100,49
29.100333,1450691.333,31965,3,MX,1,100,48
29.139000,1450730.000,31965,3,MX,1,100,48
29.178000,1450769.000,31981,3,MX,1,100,48
29.217000,1450808.000,31981,3,MX,1,100,46
29.256000,1450847.000,31981,3,MX,1,100,46
29.295000,1450886.000,31998,2,MX,1,100,46
29.334000,1450925.000,31998,2,MX,1,100,44
29.373000,1450964.000,32016,3,MX,1,100,45
29.412000,1451003.000,32016,3,MX,1,100,44
29.451000,1451042.000,32016,3,MX,1,100,44
29.490000,1451081.000,32033,2,MX,1,100,44
29.529000,1451120.000,32033,2,MX,1,100,44
29.567333,1451158.333,32049,3,MX,1,100,44
29.605667,1451196.667,32049,3,MX,1,100,44
29.644000,1451235.000,32049,3,MX,1,100,44
29.678667,1451269.667,32067,3,MX,1,100,45
29.713333,1451304.333,32067,3,MX,1,100,45
29.748000,1451339.000,32067,3,MX,1,100,45
29.786333,1451377.333,32084,3,MX,1,100,45
29.824667,1451415.667,32084,3,MX,1,100,45
29.863000,1451454.000,32084,3,MX,1,100,45
29.903000,1451494.000,32101,2,MX,1,100,44
29.943000,1451534.000,32101,2,MX,1,100,44
29.982333,1451573.333,32117,3,MX,1,100,44
30.021667,1451612.667,32117,3,MX,1,100,44
30.061000,1451652.000,32117,3,MX,1,100,44
30.100000,1451691.000,32135,2,MX,1,100,44
30.139000,1451730.000,32135,2,MX,1,100,44
30.178000,1451769.000,32151,3,MX,1,100,43
30.217000,1451808.000,32151,3,MX,1,100,42
30.256000,1451847.000,32151,3,MX,1,100,44
30.295000,1451886.000,32167,2,MX,1,100,44
30.334000,1451925.000,32167,2,MX,1,100,44
30.372667,1451963.667,32184,3,MX,1,100,44
30.411333,1452002.333,32184,3,MX,1,100,42
30.450000,1452041.000,32184,3,MX,1,100,43
30.490000,1452081.000,32201,3,MX,1,100,43
30.530000,1452121.000,32201,3,MX,1,100,43
30.570000,1452161.000,32201,3,MX,1,100,43
30.609500,1452200.500,32217,2,MX,1,100,43
30.649000,1452240.000,32217,2,MX,1,100,44
30.688000,1452279.000,32234,3,MX,1,100,44
30.727000,1452318.000,32234,3,MX,1,100,44
30.766000,1452357.000,32234,3,MX,1,100,44
30.805000,1452396.000,32252,2,MX,1,100,45
30.844000,1452435.000,32252,2,MX,1,100,44
30.883000,1452474.000,32269,3,MX,1,100,44
30.922000,1452513.000,32269,3,MX,1,100,44
30.961000,1452552.000,32269,3,MX,1,100,45
30.999333,1452590.333,32288,3,MX,1,100,44
31.037667,1452628.667,32288,3,MX,1,100,44
31.076000,1452667.000,32288,3,MX,1,100,44
31.116000,1452707.000,32305,2,MX,1,100,44
31.156000,1452747.000,32305,2,MX,1,100,44
31.194333,1452785.333,32320,3,MX,1,100,44
31.232667,1452823.667,32320,3,MX,1,100,44
31.271000,1452862.000,32320,3,MX,1,100,43
31.305667,1452896.667,32338,3,MX,1,100,43
31.340333,1452931.333,32338,3,MX,1,100,44
31.375000,1452966.000,32338,3,MX,1,100,43
31.414000,1453005.000,32354,2,MX,1,100,43
31.453000,1453044.000,32354,2,MX,1,100,44
31.492667,1453083.667,32371,3,MX,1,100,44
31.532333,1453123.333,32371,3,MX,1,100,44
31.572000,1453163.000,32371,3,MX,1,100,45
31.611500,1453202.500,32386,2,MX,1,100,46
31.651000,1453242.000,32386,2,MX,1,100,46
31.690000,1453281.000,32406,3,MX,1,100,47
31.729000,1453320.000,32406,3,MX,1,100,46
31.768000,1453359.000,32406,3,MX,1,100,46
31.806667,1453397.667,32422,3,MX,1,100,45
31.845333,1453436.333,32422,3,MX,1,100,46
31.884000,1453475.000,32422,3,MX,1,100,45
31.922500,1453513.500,32439,2,MX,1,100,44
31.961000,1453552.000,32439,2,MX,1,100,44
32.000000,1453591.000,32456,3,MX,1,100,42
32.039000,1453630.000,32456,3,MX,1,100,41
32.078000,1453669.000,32456,3,MX,1,100,40
32.118000,1453709.000,32472,2,MX,1,100,40
32.158000,1453749.000,32472,2,MX,1,100,39
32.197667,1453788.667,32488,3,MX,1,100,38
32.237333,1453828.333,32488,3,MX,1,100,35
32.277000,1453868.000,32488,3,MX,1,100,34
32.316000,1453907.000,32506,2,MX,1,100,34
32.355000,1453946.000,32506,2,MX,1,100,32
32.394000,1453985.000,32524,3,MX,1,100,30
32.433000,1454024.000,32524,3,MX,1,100,28
32.472000,1454063.000,32524,3,MX,1,100,27
32.510667,1454101.667,32540,3,MX,1,100,27
32.549333,1454140.333,32540,3,MX,1,100,25
32.588000,1454179.000,32540,3,MX,1,100,23
32.626500,1454217.500,32557,2,MX,1,100,21
32.665000,1454256.000,32557,2,MX,1,100,18
32.704333,1454295.333,32576,3,MX,1,100,15
32.743667,1454334.667,32576,3,MX,1,100,12
32.783000,1454374.000,32576,3,MX,1,100, 9
32.822500,1454413.500,32592,2,MX,1,100, 6
32.862000,1454453.000,32592,2,MX,1,100, 2
32.901000,1454492.000,32609,3,MX,1,100, 0
32.940000,1454531.000,32609,3,MX,1,100,-2
32.979000,1454570.000,32609,3,MX,1,100,-4
33.013667,1454604.667,32625,3,MX,1,100,-6
33.048333,1454639.333,32625,3,MX,1,100,-7
33.083000,1454674.000,32625,3,MX,1,100,-8
33.122000,1454713.000,32642,3,MX,1,100,-8
33.161000,1454752.000,32642,3,MX,1,100,-8
33.200000,1454791.000,32642,3,MX,1,100,-7
33.238500,1454829.500,32660,4,MX,1,100,-7
33.277000,1454868.000,32660,4,MX,1,100,-6
33.315500,1454906.500,32660,4,MX,1,100,-5
33.354000,1454945.000,32660,4,MX,1,100,-4
33.393000,1454984.000,32676,3,MX,1,100,-2
33.432000,1455023.000,32676,3,MX,1,100,-1
33.471000,1455062.000,32676,3,MX,1,100, 0
33.510000,1455101.000,32693,2,MX,1,100, 1
33.549000,1455140.000,32693,2,MX,1,100, 2
33.588000,1455179.000,32710,3,MX,1,100, 4
33.627000,1455218.000,32710,3,MX,1,100, 6
33.666000,1455257.000,32710,3,MX,1,100, 8
33.705000,1455296.000,32729,3,MX,1,100, 9
33.744000,1455335.000,32729,3,MX,1,100,11
33.783000,1455374.000,32729,3,MX,1,100,12
33.822000,1455413.000,32746,2,MX,1,100,13
33.861000,1455452.000,32746,2,MX,1,100,17
33.899333,1455490.333,32764,3,MX,1,100,18
33.937667,1455528.667,32764,3,MX,1,100,18
33.976000,1455567.000,32764,3,MX,1,100,20
34.015000,1455606.000,32780,2,MX,1,100,20
34.054000,1455645.000,32780,2,MX,1,100,22
34.092667,1455683.667,32797,3,MX,1,100,23
34.131333,1455722.333,32797,3,MX,1,100,24
34.170000,1455761.000,32797,3,MX,1,100,26
34.209000,1455800.000,32812,3,MX,1,100,29
34.248000,1455839.000,32812,3,MX,1,100,30
34.287000,1455878.000,32812,3,MX,1,100,31
34.326500,1455917.500,32830,2,MX,1,100,32
34.366000,1455957.000,32830,2,MX,1,100,34
34.405667,1455996.667,32846,3,MX,1,100,35
34.445333,1456036.333,32846,3,MX,1,100,37
34.485000,1456076.000,32846,3,MX,1,100,38
34.524000,1456115.000,32863,2,MX,1,100,41
34.563000,1456154.000,32863,2,MX,1,100,42
34.602000,1456193.000,32880,3,MX,1,100,43
34.641000,1456232.000,32880,3,MX,1,100,44
34.680000,1456271.000,32880,3,MX,1,100,45
34.718000,1456309.000,32898,2,MX,1,100,46
34.756000,1456347.000,32898,2,MX,1,100,46
34.791000,1456382.000,32914,3,MX,1,100,47
34.826000,1456417.000,32914,3,MX,1,100,48
34.861000,1456452.000,32914,3,MX,1,100,48
34.900000,1456491.000,32932,3,MX,1,100,49
34.939000,1456530.000,32932,3,MX,1,100,50
34.978000,1456569.000,32932,3,MX,1,100,48
35.017000,1456608.000,32948,3,MX,1,100,50
35.056000,1456647.000,32948,3,MX,1,100,50
35.095000,1456686.000,32948,3,MX,1,100,50
35.134000,1456725.000,32964,2,MX,1,100,50
35.173000,1456764.000,32964,2,MX,1,100,50
35.212000,1456803.000,32981,3,MX,1,100,50
35.251000,1456842.000,32981,3,MX,1,100,49
35.290000,1456881.000,32981,3,MX,1,100,48
35.329000,1456920.000,32998,2,MX,1,100,48
35.368000,1456959.000,32998,2,MX,1,100,48
35.407000,1456998.000,33014,3,MX,1,100,46
35.446000,1457037.000,33014,3,MX,1,100,44
35.485000,1457076.000,33014,3,MX,1,100,45
35.523333,1457114.333,33032,3,MX,1,100,44
35.561667,1457152.667,33032,3,MX,1,100,44
35.600000,1457191.000,33032,3,MX,1,100,44
35.639000,1457230.000,33049,2,MX,1,100,43
35.678000,1457269.000,33049,2,MX,1,100,44
35.717000,1457308.000,33066,3,MX,1,100,43
35.756000,1457347.000,33066,3,MX,1,100,43
35.795000,1457386.000,33066,3,MX,1,100,42
35.834000,1457425.000,33082,3,MX,1,100,42
35.873000,1457464.000,33082,3,MX,1,100,44
35.912000,1457503.000,33082,3,MX,1,100,43
35.951000,1457542.000,33100,2,MX,1,100,44
35.990000,1457581.000,33100,2,MX,1,100,44
36.028667,1457619.667,33116,3,MX,1,100,45
36.067333,1457658.333,33116,3,MX,1,100,44
36.106000,1457697.000,33116,3,MX,1,100,46
36.144500,1457735.500,33132,2,MX,1,100,46
36.183000,1457774.000,33132,2,MX,1,100,46
36.222000,1457813.000,33149,3,MX,1,100,47
36.261000,1457852.000,33149,3,MX,1,100,47
36.300000,1457891.000,33149,3,MX,1,100,49
36.339000,1457930.000,33166,3,MX,1,100,47
36.378000,1457969.000,33166,3,MX,1,100,48
36.417000,1458008.000,33166,3,MX,1,100,49
36.456000,1458047.000,33182,2,MX,1,100,47
36.495000,1458086.000,33182,2,MX,1,100,48
36.529333,1458120.333,33199,3,MX,1,100,47
36.563667,1458154.667,33199,3,MX,1,100,47
36.598000,1458189.000,33199,3,MX,1,100,46
36.637000,1458228.000,33219,3,MX,1,100,46
36.676000,1458267.000,33219,3,MX,1,100,45
36.715000,1458306.000,33219,3,MX,1,100,45
36.753500,1458344.500,33236,2,MX,1,100,44
36.792000,1458383.000,33236,2,MX,1,100,44
36.831000,1458422.000,33253,3,MX,1,100,42
36.870000,1458461.000,33253,3,MX,1,100,42
36.909000,1458500.000,33253,3,MX,1,100,41
36.948333,1458539.333,33270,3,MX,1,100,42
36.987667,1458578.667,33270,3,MX,1,100,40
37.027000,1458618.000,33270,3,MX,1,100,40
37.067000,1458658.000,33285,2,MX,1,100,39
37.107000,1458698.000,33285,2,MX,1,100,39
37.146000,1458737.000,33303,3,MX,1,100,38
37.185000,1458776.000,33303,3,MX,1,100,37
37.224000,1458815.000,33303,3,MX,1,100,35
37.263000,1458854.000,33319,2,MX,1,100,35
37.302000,1458893.000,33319,2,MX,1,100,34
37.341000,1458932.000,33336,3,MX,1,100,32
37.380000,1458971.000,33336,3,MX,1,100,32
37.419000,1459010.000,33336,3,MX,1,100,32
37.458000,1459049.000,33351,2,MX,1,100,32
37.497000,1459088.000,33351,2,MX,1,100,31
37.535667,1459126.667,33371,3,MX,1,100,30
37.574333,1459165.333,33371,3,MX,1,100,29
37.613000,1459204.000,33371,3,MX,1,100,29
37.652667,1459243.667,33387,3,MX,1,100,28
37.692333,1459283.333,33387,3,MX,1,100,26
37.732000,1459323.000,33387,3,MX,1,100,24
37.771000,1459362.000,33404,3,MX,1,100,22
37.810000,1459401.000,33404,3,MX,1,100,21
37.849000,1459440.000,33404,3,MX,1,100,19
37.888000,1459479.000,33421,2,MX,1,100,18
37.927000,1459518.000,33421,2,MX,1,100,17
37.966000,1459557.000,33437,3,MX,1,100,17
38.005000,1459596.000,33437,3,MX,1,100,14
38.044000,1459635.000,33437,3,MX,1,100,14
38.083000,1459674.000,33455,2,MX,1,100,14
38.122000,1459713.000,33455,2,MX,1,100,14
38.160667,1459751.667,33473,3,MX,1,100,14
38.199333,1459790.333,33473,3,MX,1,100,14
38.238000,1459829.000,33473,3,MX,1,100,14
38.272333,1459863.333,33489,3,MX,1,100,14
38.306667,1459897.667,33489,3,MX,1,100,14
38.341000,1459932.000,33489,3,MX,1,100,15
38.379333,1459970.333,33506,3,MX,1,100,14
38.417667,1460008.667,33506,3,MX,1,100,14
38.456000,1460047.000,33506,3,MX,1,100,12
38.495000,1460086.000,33522,2,MX,1,100,12
38.534000,1460125.000,33522,2,MX,1,100,12
38.573667,1460164.667,33541,3,MX,1,100,13
38.613333,1460204.333,33541,3,MX,1,100,13
38.653000,1460244.000,33541,3,MX,1,100,14
38.693000,1460284.000,33557,2,MX,1,100,14
38.733000,1460324.000,33557,2,MX,1,100,13
38.772000,1460363.000,33575,3,MX,1,100,14
38.811000,1460402.000,33575,3,MX,1,100,13
38.850000,1460441.000,33575,3,MX,1,100,12
38.889000,1460480.000,33590,2,MX,1,100,13
38.928000,1460519.000,33590,2,MX,1,100,12
38.966667,1460557.667,33607,3,MX,1,100,13
39.005333,1460596.333,33607,3,MX,1,100,13
39.044000,1460635.000,33607,3,MX,1,100,14
39.083000,1460674.000,33623,3,MX,1,100,13
39.122000,1460713.000,33623,3,MX,1,100,13
39.161000,1460752.000,33623,3,MX,1,100,14
39.200500,1460791.500,33641,2,MX,1,100,14
39.240000,1460831.000,33641,2,MX,1,100,14
39.279667,1460870.667,33657,3,MX,1,100,14
39.319333,1460910.333,33657,3,MX,1,100,14
39.359000,1460950.000,33657,3,MX,1,100,14
39.398000,1460989.000,33673,2,MX,1,100,14
39.437000,1461028.000,33673,2,MX,1,100,14
39.476000,1461067.000,33690,3,MX,1,100,14
39.515000,1461106.000,33690,3,MX,1,100,15
39.554000,1461145.000,33690,3,MX,1,100,14
39.592667,1461183.667,33709,3,MX,1,100,14
39.631333,1461222.333,33709,3,MX,1,100,15
39.670000,1461261.000,33709,3,MX,1,100,14
