LocalTimestamp,EmotiBitTimestamp,PacketNumber,DataLength,TypeTag,ProtocolVersion,DataReliability,AX
0.106000,1421697.000,27137,14,AX,1,100,-0.372
0.106000,1421697.000,27137,14,AX,1,100,-0.346
0.106000,1421697.000,27137,14,AX,1,100,-0.367
0.106000,1421697.000,27137,14,AX,1,100,-0.370
0.106000,1421697.000,27137,14,AX,1,100,-0.389
0.106000,1421697.000,27137,14,AX,1,100,-0.397
0.106000,1421697.000,27137,14,AX,1,100,-0.385
0.106000,1421697.000,27137,14,AX,1,100,-0.377
0.106000,1421697.000,27137,14,AX,1,100,-0.380
0.106000,1421697.000,27137,14,AX,1,100,-0.368
0.106000,1421697.000,27137,14,AX,1,100,-0.374
0.106000,1421697.000,27137,14,AX,1,100,-0.378
0.106000,1421697.000,27137,14,AX,1,100,-0.381
0.106000,1421697.000,27137,14,AX,1,100,-0.369
0.145000,1421736.000,27154,3,AX,1,100,-0.385
0.184000,1421775.000,27154,3,AX,1,100,-0.390
0.223000,1421814.000,27154,3,AX,1,100,-0.372
0.255500,1421846.500,27170,2,AX,1,100,-0.391
0.288000,1421879.000,27170,2,AX,1,100,-0.376
0.327000,1421918.000,27187,3,AX,1,100,-0.379
0.366000,1421957.000,27187,3,AX,1,100,-0.385
0.405000,1421996.000,27187,3,AX,1,100,-0.372
0.444000,1422035.000,27204,3,AX,1,100,-0.409
0.483000,1422074.000,27204,3,AX,1,100,-0.361
0.522000,1422113.000,27204,3,AX,1,100,-0.378
0.560000,1422151.000,27223,2,AX,1,100,-0.385
0.598000,1422189.000,27223,2,AX,1,100,-0.386
0.637000,1422228.000,27238,3,AX,1,100,-0.375
0.676000,1422267.000,27238,3,AX,1,100,-0.380
0.715000,1422306.000,27238,3,AX,1,100,-0.382
0.754000,1422345.000,27257,4,AX,1,100,-0.376
0.793000,1422384.000,27257,4,AX,1,100,-0.387
0.832000,1422423.000,27257,4,AX,1,100,-0.375
0.871000,1422462.000,27257,4,AX,1,100,-0.373
0.910000,1422501.000,27272,2,AX,1,100,-0.386
0.949000,1422540.000,27272,2,AX,1,100,-0.369
0.988000,1422579.000,27289,3,AX,1,100,-0.375
1.027000,1422618.000,27289,3,AX,1,100,-0.384
1.066000,1422657.000,27289,3,AX,1,100,-0.370
1.104667,1422695.667,27306,3,AX,1,100,-0.372
1.143333,1422734.333,27306,3,AX,1,100,-0.373
1.182000,1422773.000,27306,3,AX,1,100,-0.366
1.220500,1422811.500,27323,2,AX,1,100,-0.372
1.259000,1422850.000,27323,2,AX,1,100,-0.373
1.298000,1422889.000,27338,3,AX,1,100,-0.374
1.337000,1422928.000,27338,3,AX,1,100,-0.366
1.376000,1422967.000,27338,3,AX,1,100,-0.383
1.415000,1423006.000,27356,2,AX,1,100,-0.364
1.454000,1423045.000,27356,2,AX,1,100,-0.380
1.493000,1423084.000,27374,3,AX,1,100,-0.374
1.532000,1423123.000,27374,3,AX,1,100,-0.369
1.571000,1423162.000,27374,3,AX,1,100,-0.379
1.610667,1423201.667,27391,3,AX,1,100,-0.376
1.650333,1423241.333,27391,3,AX,1,100,-0.370
1.690000,1423281.000,27391,3,AX,1,100,-0.364
1.729500,1423320.500,27408,2,AX,1,100,-0.365
1.769000,1423360.000,27408,2,AX,1,100,-0.369
1.808000,1423399.000,27424,3,AX,1,100,-0.365
1.847000,1423438.000,27424,3,AX,1,100,-0.377
1.886000,1423477.000,27424,3,AX,1,100,-0.372
1.925000,1423516.000,27440,2,AX,1,100,-0.374
1.964000,1423555.000,27440,2,AX,1,100,-0.363
1.998000,1423589.000,27457,3,AX,1,100,-0.367
2.032000,1423623.000,27457,3,AX,1,100,-0.364
2.066000,1423657.000,27457,3,AX,1,100,-0.376
2.105667,1423696.667,27474,3,AX,1,100,-0.364
2.145333,1423736.333,27474,3,AX,1,100,-0.368
2.185000,1423776.000,27474,3,AX,1,100,-0.369
2.224000,1423815.000,27490,2,AX,1,100,-0.367
2.263000,1423854.000,27490,2,AX,1,100,-0.366
2.302000,1423893.000,27506,3,AX,1,100,-0.373
2.341000,1423932.000,27506,3,AX,1,100,-0.370
2.380000,1423971.000,27506,3,AX,1,100,-0.363
2.419000,1424010.000,27524,3,AX,1,100,-0.368
2.458000,1424049.000,27524,3,AX,1,100,-0.367
2.497000,1424088.000,27524,3,AX,1,100,-0.370
2.536000,1424127.000,27542,2,AX,1,100,-0.372
2.575000,1424166.000,27542,2,AX,1,100,-0.359
2.613667,1424204.667,27559,3,AX,1,100,-0.372
2.652333,1424243.333,27559,3,AX,1,100,-0.372
2.691000,1424282.000,27559,3,AX,1,100,-0.372
2.731000,1424322.000,27575,2,AX,1,100,-0.366
2.771000,1424362.000,27575,2,AX,1,100,-0.372
2.810000,1424401.000,27592,3,AX,1,100,-0.360
2.849000,1424440.000,27592,3,AX,1,100,-0.375
2.888000,1424479.000,27592,3,AX,1,100,-0.368
2.927000,1424518.000,27608,3,AX,1,100,-0.366
2.966000,1424557.000,27608,3,AX,1,100,-0.374
3.005000,1424596.000,27608,3,AX,1,100,-0.359
3.044000,1424635.000,27626,2,AX,1,100,-0.380
3.083000,1424674.000,27626,2,AX,1,100,-0.364
3.122000,1424713.000,27641,3,AX,1,100,-0.375
3.161000,1424752.000,27641,3,AX,1,100,-0.360
3.200000,1424791.000,27641,3,AX,1,100,-0.371
3.239000,1424830.000,27658,2,AX,1,100,-0.366
3.278000,1424869.000,27658,2,AX,1,100,-0.385
3.316667,1424907.667,27674,3,AX,1,100,-0.363
3.355333,1424946.333,27674,3,AX,1,100,-0.374
3.394000,1424985.000,27674,3,AX,1,100,-0.369
3.432667,1425023.667,27694,3,AX,1,100,-0.362
3.471333,1425062.333,27694,3,AX,1,100,-0.370
3.510000,1425101.000,27694,3,AX,1,100,-0.365
3.549000,1425140.000,27710,2,AX,1,100,-0.374
3.588000,1425179.000,27710,2,AX,1,100,-0.370
3.627000,1425218.000,27726,3,AX,1,100,-0.367
3.666000,1425257.000,27726,3,AX,1,100,-0.364
3.705000,1425296.000,27726,3,AX,1,100,-0.372
3.739667,1425330.667,27743,3,AX,1,100,-0.362
3.774333,1425365.333,27743,3,AX,1,100,-0.367
3.809000,1425400.000,27743,3,AX,1,100,-0.372
3.848000,1425439.000,27760,2,AX,1,100,-0.373
3.887000,1425478.000,27760,2,AX,1,100,-0.358
3.926000,1425517.000,27776,3,AX,1,100,-0.376
3.965000,1425556.000,27776,3,AX,1,100,-0.362
4.004000,1425595.000,27776,3,AX,1,100,-0.366
4.042333,1425633.333,27793,3,AX,1,100,-0.365
4.080667,1425671.667,27793,3,AX,1,100,-0.368
4.119000,1425710.000,27793,3,AX,1,100,-0.367
4.158000,1425749.000,27809,2,AX,1,100,-0.367
4.197000,1425788.000,27809,2,AX,1,100,-0.364
4.236333,1425827.333,27826,3,AX,1,100,-0.375
4.275667,1425866.667,27826,3,AX,1,100,-0.364
4.315000,1425906.000,27826,3,AX,1,100,-0.370
4.355000,1425946.000,27843,2,AX,1,100,-0.354
4.395000,1425986.000,27843,2,AX,1,100,-0.376
4.434000,1426025.000,27862,3,AX,1,100,-0.365
4.473000,1426064.000,27862,3,AX,1,100,-0.368
4.512000,1426103.000,27862,3,AX,1,100,-0.367
4.551000,1426142.000,27877,2,AX,1,100,-0.364
4.590000,1426181.000,27877,2,AX,1,100,-0.361
4.629000,1426220.000,27895,3,AX,1,100,-0.366
4.668000,1426259.000,27895,3,AX,1,100,-0.367
4.707000,1426298.000,27895,3,AX,1,100,-0.372
4.746000,1426337.000,27911,3,AX,1,100,-0.363
4.785000,1426376.000,27911,3,AX,1,100,-0.371
4.824000,1426415.000,27911,3,AX,1,100,-0.352
4.863000,1426454.000,27928,2,AX,1,100,-0.372
4.902000,1426493.000,27928,2,AX,1,100,-0.361
4.941667,1426532.667,27943,3,AX,1,100,-0.365
4.981333,1426572.333,27943,3,AX,1,100,-0.361
5.021000,1426612.000,27943,3,AX,1,100,-0.363
5.060000,1426651.000,27961,2,AX,1,100,-0.373
5.099000,1426690.000,27961,2,AX,1,100,-0.362
5.138000,1426729.000,27977,3,AX,1,100,-0.366
5.177000,1426768.000,27977,3,AX,1,100,-0.367
5.216000,1426807.000,27977,3,AX,1,100,-0.364
5.255000,1426846.000,27994,2,AX,1,100,-0.364
5.294000,1426885.000,27994,2,AX,1,100,-0.369
5.333000,1426924.000,28011,3,AX,1,100,-0.358
5.372000,1426963.000,28011,3,AX,1,100,-0.371
5.411000,1427002.000,28011,3,AX,1,100,-0.366
5.445000,1427036.000,28029,3,AX,1,100,-0.368
5.479000,1427070.000,28029,3,AX,1,100,-0.362
5.513000,1427104.000,28029,3,AX,1,100,-0.360
5.552000,1427143.000,28045,3,AX,1,100,-0.360
5.591000,1427182.000,28045,3,AX,1,100,-0.364
5.630000,1427221.000,28045,3,AX,1,100,-0.374
5.669000,1427260.000,28063,2,AX,1,100,-0.363
5.708000,1427299.000,28063,2,AX,1,100,-0.365
5.747000,1427338.000,28079,3,AX,1,100,-0.362
5.786000,1427377.000,28079,3,AX,1,100,-0.362
5.825000,1427416.000,28079,3,AX,1,100,-0.367
5.864500,1427455.500,28097,4,AX,1,100,-0.362
5.904000,1427495.000,28097,4,AX,1,100,-0.365
5.943500,1427534.500,28097,4,AX,1,100,-0.365
5.983000,1427574.000,28097,4,AX,1,100,-0.363
6.022500,1427613.500,28114,2,AX,1,100,-0.362
6.062000,1427653.000,28114,2,AX,1,100,-0.362
6.101000,1427692.000,28130,3,AX,1,100,-0.372
6.140000,1427731.000,28130,3,AX,1,100,-0.351
6.179000,1427770.000,28130,3,AX,1,100,-0.371
6.217667,1427808.667,28146,3,AX,1,100,-0.363
6.256333,1427847.333,28146,3,AX,1,100,-0.364
6.295000,1427886.000,28146,3,AX,1,100,-0.367
6.334000,1427925.000,28164,2,AX,1,100,-0.364
6.373000,1427964.000,28164,2,AX,1,100,-0.362
6.412000,1428003.000,28182,3,AX,1,100,-0.355
6.451000,1428042.000,28182,3,AX,1,100,-0.367
6.490000,1428081.000,28182,3,AX,1,100,-0.365
6.530000,1428121.000,28198,2,AX,1,100,-0.360
6.570000,1428161.000,28198,2,AX,1,100,-0.375
6.609333,1428200.333,28215,3,AX,1,100,-0.352
6.648667,1428239.667,28215,3,AX,1,100,-0.367
6.688000,1428279.000,28215,3,AX,1,100,-0.370
6.727000,1428318.000,28232,2,AX,1,100,-0.352
6.766000,1428357.000,28232,2,AX,1,100,-0.366
6.804667,1428395.667,28248,3,AX,1,100,-0.358
6.843333,1428434.333,28248,3,AX,1,100,-0.378
6.882000,1428473.000,28248,3,AX,1,100,-0.357
6.920667,1428511.667,28266,3,AX,1,100,-0.373
6.959333,1428550.333,28266,3,AX,1,100,-0.356
6.998000,1428589.000,28266,3,AX,1,100,-0.366
7.037000,1428628.000,28281,2,AX,1,100,-0.364
7.076000,1428667.000,28281,2,AX,1,100,-0.366
7.111000,1428702.000,28298,3,AX,1,100,-0.367
7.146000,1428737.000,28298,3,AX,1,100,-0.365
7.181000,1428772.000,28298,3,AX,1,100,-0.360
7.220000,1428811.000,28314,3,AX,1,100,-0.370
7.259000,1428850.000,28314,3,AX,1,100,-0.363
7.298000,1428889.000,28314,3,AX,1,100,-0.368
7.337000,1428928.000,28334,2,AX,1,100,-0.360
7.376000,1428967.000,28334,2,AX,1,100,-0.367
7.415000,1429006.000,28349,3,AX,1,100,-0.366
7.454000,1429045.000,28349,3,AX,1,100,-0.374
7.493000,1429084.000,28349,3,AX,1,100,-0.367
7.532000,1429123.000,28366,3,AX,1,100,-0.377
7.571000,1429162.000,28366,3,AX,1,100,-0.362
7.610000,1429201.000,28366,3,AX,1,100,-0.371
7.648500,1429239.500,28383,2,AX,1,100,-0.361
7.687000,1429278.000,28383,2,AX,1,100,-0.364
7.725667,1429316.667,28400,3,AX,1,100,-0.366
7.764333,1429355.333,28400,3,AX,1,100,-0.375
7.803000,1429394.000,28400,3,AX,1,100,-0.359
7.842000,1429433.000,28416,2,AX,1,100,-0.368
7.881000,1429472.000,28416,2,AX,1,100,-0.373
7.920000,1429511.000,28433,3,AX,1,100,-0.361
7.959000,1429550.000,28433,3,AX,1,100,-0.378
7.998000,1429589.000,28433,3,AX,1,100,-0.372
8.037000,1429628.000,28449,3,AX,1,100,-0.374
8.076000,1429667.000,28449,3,AX,1,100,-0.369
8.115000,1429706.000,28449,3,AX,1,100,-0.367
8.154000,1429745.000,28466,2,AX,1,100,-0.369
8.193000,1429784.000,28466,2,AX,1,100,-0.370
8.231333,1429822.333,28483,3,AX,1,100,-0.377
8.269667,1429860.667,28483,3,AX,1,100,-0.380
8.308000,1429899.000,28483,3,AX,1,100,-0.369
8.347000,1429938.000,28501,2,AX,1,100,-0.371
8.386000,1429977.000,28501,2,AX,1,100,-0.367
8.425000,1430016.000,28517,3,AX,1,100,-0.380
8.464000,1430055.000,28517,3,AX,1,100,-0.373
8.503000,1430094.000,28517,3,AX,1,100,-0.366
8.542000,1430133.000,28535,3,AX,1,100,-0.370
8.581000,1430172.000,28535,3,AX,1,100,-0.376
8.620000,1430211.000,28535,3,AX,1,100,-0.375
8.659000,1430250.000,28551,2,AX,1,100,-0.381
8.698000,1430289.000,28551,2,AX,1,100,-0.377
8.737667,1430328.667,28568,3,AX,1,100,-0.371
8.777333,1430368.333,28568,3,AX,1,100,-0.372
8.817000,1430408.000,28568,3,AX,1,100,-0.372
8.856500,1430447.500,28583,2,AX,1,100,-0.380
8.896000,1430487.000,28583,2,AX,1,100,-0.376
8.930667,1430521.667,28601,3,AX,1,100,-0.373
8.965333,1430556.333,28601,3,AX,1,100,-0.380
9.000000,1430591.000,28601,3,AX,1,100,-0.375
9.038667,1430629.667,28617,3,AX,1,100,-0.381
9.077333,1430668.333,28617,3,AX,1,100,-0.367
9.116000,1430707.000,28617,3,AX,1,100,-0.385
9.155000,1430746.000,28634,2,AX,1,100,-0.373
9.194000,1430785.000,28634,2,AX,1,100,-0.379
9.233667,1430824.667,28651,3,AX,1,100,-0.372
9.273333,1430864.333,28651,3,AX,1,100,-0.374
9.313000,1430904.000,28651,3,AX,1,100,-0.386
9.352000,1430943.000,28669,3,AX,1,100,-0.373
9.391000,1430982.000,28669,3,AX,1,100,-0.383
9.430000,1431021.000,28669,3,AX,1,100,-0.383
9.469000,1431060.000,28685,2,AX,1,100,-0.377
9.508000,1431099.000,28685,2,AX,1,100,-0.383
9.547000,1431138.000,28703,3,AX,1,100,-0.381
9.586000,1431177.000,28703,3,AX,1,100,-0.384
9.625000,1431216.000,28703,3,AX,1,100,-0.386
9.663667,1431254.667,28719,3,AX,1,100,-0.378
9.702333,1431293.333,28719,3,AX,1,100,-0.375
9.741000,1431332.000,28719,3,AX,1,100,-0.385
9.781000,1431372.000,28735,2,AX,1,100,-0.386
9.821000,1431412.000,28735,2,AX,1,100,-0.378
9.860333,1431451.333,28752,3,AX,1,100,-0.384
9.899667,1431490.667,28752,3,AX,1,100,-0.370
9.939000,1431530.000,28752,3,AX,1,100,-0.389
9.978000,1431569.000,28769,2,AX,1,100,-0.376
10.017000,1431608.000,28769,2,AX,1,100,-0.377
10.056000,1431647.000,28785,3,AX,1,100,-0.379
10.095000,1431686.000,28785,3,AX,1,100,-0.379
10.134000,1431725.000,28785,3,AX,1,100,-0.384
10.173000,1431764.000,28803,3,AX,1,100,-0.378
10.212000,1431803.000,28803,3,AX,1,100,-0.375
10.251000,1431842.000,28803,3,AX,1,100,-0.385
10.290000,1431881.000,28820,2,AX,1,100,-0.366
10.329000,1431920.000,28820,2,AX,1,100,-0.387
10.368000,1431959.000,28837,3,AX,1,100,-0.378
10.407000,1431998.000,28837,3,AX,1,100,-0.374
10.446000,1432037.000,28837,3,AX,1,100,-0.389
10.484500,1432075.500,28853,2,AX,1,100,-0.381
10.523000,1432114.000,28853,2,AX,1,100,-0.374
10.561667,1432152.667,28871,3,AX,1,100,-0.362
10.600333,1432191.333,28871,3,AX,1,100,-0.372
10.639000,1432230.000,28871,3,AX,1,100,-0.383
10.673667,1432264.667,28886,3,AX,1,100,-0.379
10.708333,1432299.333,28886,3,AX,1,100,-0.367
10.743000,1432334.000,28886,3,AX,1,100,-0.364
10.782500,1432373.500,28903,2,AX,1,100,-0.387
10.822000,1432413.000,28903,2,AX,1,100,-0.357
10.861667,1432452.667,28920,3,AX,1,100,-0.372
10.901333,1432492.333,28920,3,AX,1,100,-0.366
10.941000,1432532.000,28920,3,AX,1,100,-0.372
10.980000,1432571.000,28938,4,AX,1,100,-0.374
11.019000,1432610.000,28938,4,AX,1,100,-0.358
11.058000,1432649.000,28938,4,AX,1,100,-0.353
11.097000,1432688.000,28938,4,AX,1,100,-0.344
11.135500,1432726.500,28954,2,AX,1,100,-0.308
11.174000,1432765.000,28954,2,AX,1,100,-0.312
11.213000,1432804.000,28974,3,AX,1,100,-0.292
11.252000,1432843.000,28974,3,AX,1,100,-0.262
11.291000,1432882.000,28974,3,AX,1,100,-0.245
11.330333,1432921.333,28989,3,AX,1,100,-0.236
11.369667,1432960.667,28989,3,AX,1,100,-0.207
11.409000,1433000.000,28989,3,AX,1,100,-0.175
11.449000,1433040.000,29006,2,AX,1,100,-0.158
11.489000,1433080.000,29006,2,AX,1,100,-0.165
11.528000,1433119.000,29023,3,AX,1,100,-0.134
11.567000,1433158.000,29023,3,AX,1,100,-0.065
11.606000,1433197.000,29023,3,AX,1,100,-0.060
11.645000,1433236.000,29040,2,AX,1,100,-0.024
11.684000,1433275.000,29040,2,AX,1,100,0.023
11.723000,1433314.000,29056,3,AX,1,100,0.053
11.762000,1433353.000,29056,3,AX,1,100,0.070
11.801000,1433392.000,29056,3,AX,1,100,0.086
11.840000,1433431.000,29073,3,AX,1,100,0.122
11.879000,1433470.000,29073,3,AX,1,100,0.166
11.918000,1433509.000,29073,3,AX,1,100,0.217
11.956000,1433547.000,29089,2,AX,1,100,0.240
11.994000,1433585.000,29089,2,AX,1,100,0.292
12.034000,1433625.000,29106,3,AX,1,100,0.293
12.074000,1433665.000,29106,3,AX,1,100,0.353
12.114000,1433705.000,29106,3,AX,1,100,0.361
12.153000,1433744.000,29123,2,AX,1,100,0.373
12.192000,1433783.000,29123,2,AX,1,100,0.372
12.231000,1433822.000,29141,3,AX,1,100,0.354
12.270000,1433861.000,29141,3,AX,1,100,0.323
12.309000,1433900.000,29141,3,AX,1,100,0.350
12.343667,1433934.667,29157,3,AX,1,100,0.359
12.378333,1433969.333,29157,3,AX,1,100,0.313
12.413000,1434004.000,29157,3,AX,1,100,0.296
12.452000,1434043.000,29174,2,AX,1,100,0.315
12.491000,1434082.000,29174,2,AX,1,100,0.257
12.529333,1434120.333,29193,3,AX,1,100,0.216
12.567667,1434158.667,29193,3,AX,1,100,0.116
12.606000,1434197.000,29193,3,AX,1,100,-0.002
12.645000,1434236.000,29210,3,AX,1,100,-0.045
12.684000,1434275.000,29210,3,AX,1,100,-0.061
12.723000,1434314.000,29210,3,AX,1,100,0.026
12.762000,1434353.000,29225,2,AX,1,100,-0.001
12.801000,1434392.000,29225,2,AX,1,100,-0.050
12.840000,1434431.000,29243,3,AX,1,100,-0.077
12.879000,1434470.000,29243,3,AX,1,100,-0.062
12.918000,1434509.000,29243,3,AX,1,100,-0.063
12.957000,1434548.000,29259,2,AX,1,100,-0.044
12.996000,1434587.000,29259,2,AX,1,100,-0.010
13.036000,1434627.000,29276,3,AX,1,100,0.031
13.076000,1434667.000,29276,3,AX,1,100,0.063
13.116000,1434707.000,29276,3,AX,1,100,0.062
13.155000,1434746.000,29292,3,AX,1,100,0.046
13.194000,1434785.000,29292,3,AX,1,100,0.078
13.233000,1434824.000,29292,3,AX,1,100,0.098
13.272000,1434863.000,29311,2,AX,1,100,0.130
13.311000,1434902.000,29311,2,AX,1,100,0.216
13.349333,1434940.333,29327,3,AX,1,100,0.186
13.387667,1434978.667,29327,3,AX,1,100,0.164
13.426000,1435017.000,29327,3,AX,1,100,0.167
13.465000,1435056.000,29345,2,AX,1,100,0.155
13.504000,1435095.000,29345,2,AX,1,100,0.225
13.543000,1435134.000,29361,3,AX,1,100,0.213
13.582000,1435173.000,29361,3,AX,1,100,0.219
13.621000,1435212.000,29361,3,AX,1,100,0.165
13.661000,1435252.000,29377,2,AX,1,100,0.164
13.701000,1435292.000,29377,2,AX,1,100,0.169
13.740333,1435331.333,29396,3,AX,1,100,0.161
13.779667,1435370.667,29396,3,AX,1,100,0.143
13.819000,1435410.000,29396,3,AX,1,100,0.097
13.858000,1435449.000,29413,3,AX,1,100,0.031
13.897000,1435488.000,29413,3,AX,1,100,-0.004
13.936000,1435527.000,29413,3,AX,1,100,-0.054
13.974500,1435565.500,29429,2,AX,1,100,-0.048
14.013000,1435604.000,29429,2,AX,1,100,0.010
14.051667,1435642.667,29445,3,AX,1,100,0.021
14.090333,1435681.333,29445,3,AX,1,100,0.019
14.129000,1435720.000,29445,3,AX,1,100,-0.000
14.163333,1435754.333,29464,3,AX,1,100,0.001
14.197667,1435788.667,29464,3,AX,1,100,-0.048
14.232000,1435823.000,29464,3,AX,1,100,-0.034
14.271000,1435862.000,29481,2,AX,1,100,0.030
14.310000,1435901.000,29481,2,AX,1,100,0.035
14.349000,1435940.000,29497,3,AX,1,100,0.029
14.388000,1435979.000,29497,3,AX,1,100,0.021
14.427000,1436018.000,29497,3,AX,1,100,0.052
14.466000,1436057.000,29515,3,AX,1,100,0.061
14.505000,1436096.000,29515,3,AX,1,100,0.042
14.544000,1436135.000,29515,3,AX,1,100,0.037
14.583000,1436174.000,29530,2,AX,1,100,0.052
14.622000,1436213.000,29530,2,AX,1,100,0.058
14.661000,1436252.000,29547,3,AX,1,100,0.249
14.700000,1436291.000,29547,3,AX,1,100,0.338
14.739000,1436330.000,29547,3,AX,1,100,0.363
14.777000,1436368.000,29566,2,AX,1,100,0.303
14.815000,1436406.000,29566,2,AX,1,100,0.291
14.854000,1436445.000,29583,3,AX,1,100,0.322
14.893000,1436484.000,29583,3,AX,1,100,0.317
14.932000,1436523.000,29583,3,AX,1,100,0.303
14.971000,1436562.000,29598,3,AX,1,100,0.325
15.010000,1436601.000,29598,3,AX,1,100,0.274
15.049000,1436640.000,29598,3,AX,1,100,0.225
15.088000,1436679.000,29616,2,AX,1,100,0.188
15.127000,1436718.000,29616,2,AX,1,100,0.177
15.166000,1436757.000,29634,3,AX,1,100,0.173
15.205000,1436796.000,29634,3,AX,1,100,0.105
15.244000,1436835.000,29634,3,AX,1,100,0.063
15.283000,1436874.000,29651,2,AX,1,100,0.079
15.322000,1436913.000,29651,2,AX,1,100,0.042
15.360333,1436951.333,29668,3,AX,1,100,0.042
15.398667,1436989.667,29668,3,AX,1,100,0.051
15.437000,1437028.000,29668,3,AX,1,100,0.095
15.476000,1437067.000,29684,3,AX,1,100,-0.002
15.515000,1437106.000,29684,3,AX,1,100,-0.018
15.554000,1437145.000,29684,3,AX,1,100,-0.022
15.592500,1437183.500,29702,2,AX,1,100,-0.063
15.631000,1437222.000,29702,2,AX,1,100,-0.015
15.669667,1437260.667,29719,3,AX,1,100,0.000
15.708333,1437299.333,29719,3,AX,1,100,-0.010
15.747000,1437338.000,29719,3,AX,1,100,-0.032
15.781667,1437372.667,29736,3,AX,1,100,-0.057
15.816333,1437407.333,29736,3,AX,1,100,-0.036
15.851000,1437442.000,29736,3,AX,1,100,-0.037
15.890000,1437481.000,29752,2,AX,1,100,-0.063
15.929000,1437520.000,29752,2,AX,1,100,-0.048
15.968000,1437559.000,29768,3,AX,1,100,-0.058
16.007000,1437598.000,29768,3,AX,1,100,-0.121
16.046000,1437637.000,29768,3,AX,1,100,-0.100
16.085000,1437676.000,29787,4,AX,1,100,-0.001
16.124000,1437715.000,29787,4,AX,1,100,-0.129
16.163000,1437754.000,29787,4,AX,1,100,-0.085
16.202000,1437793.000,29787,4,AX,1,100,0.031
16.241000,1437832.000,29805,2,AX,1,100,-0.007
16.280000,1437871.000,29805,2,AX,1,100,-0.161
16.319667,1437910.667,29822,3,AX,1,100,-0.064
16.359333,1437950.333,29822,3,AX,1,100,0.014
16.399000,1437990.000,29822,3,AX,1,100,-0.095
16.438000,1438029.000,29839,3,AX,1,100,-0.062
16.477000,1438068.000,29839,3,AX,1,100,-0.062
16.516000,1438107.000,29839,3,AX,1,100,-0.099
16.555000,1438146.000,29856,2,AX,1,100,-0.053
16.594000,1438185.000,29856,2,AX,1,100,-0.050
16.633000,1438224.000,29871,3,AX,1,100,-0.112
16.672000,1438263.000,29871,3,AX,1,100,-0.077
16.711000,1438302.000,29871,3,AX,1,100,0.036
16.750000,1438341.000,29889,2,AX,1,100,0.048
16.789000,1438380.000,29889,2,AX,1,100,0.019
16.827667,1438418.667,29907,3,AX,1,100,-0.008
16.866333,1438457.333,29907,3,AX,1,100,0.085
16.905000,1438496.000,29907,3,AX,1,100,0.105
16.944667,1438535.667,29924,3,AX,1,100,0.166
16.984333,1438575.333,29924,3,AX,1,100,0.173
17.024000,1438615.000,29924,3,AX,1,100,0.172
17.062500,1438653.500,29940,2,AX,1,100,0.142
17.101000,1438692.000,29940,2,AX,1,100,0.167
17.140000,1438731.000,29959,3,AX,1,100,0.221
17.179000,1438770.000,29959,3,AX,1,100,0.255
17.218000,1438809.000,29959,3,AX,1,100,0.277
17.257000,1438848.000,29975,2,AX,1,100,0.312
17.296000,1438887.000,29975,2,AX,1,100,0.312
17.335000,1438926.000,29993,3,AX,1,100,0.304
17.374000,1438965.000,29993,3,AX,1,100,0.363
17.413000,1439004.000,29993,3,AX,1,100,0.337
17.452000,1439043.000,30009,2,AX,1,100,0.236
17.491000,1439082.000,30009,2,AX,1,100,0.142
17.525333,1439116.333,30025,3,AX,1,100,0.032
17.559667,1439150.667,30025,3,AX,1,100,0.022
17.594000,1439185.000,30025,3,AX,1,100,-0.039
17.632667,1439223.667,30042,3,AX,1,100,0.002
17.671333,1439262.333,30042,3,AX,1,100,-0.034
17.710000,1439301.000,30042,3,AX,1,100,-0.019
17.749000,1439340.000,30059,3,AX,1,100,0.012
17.788000,1439379.000,30059,3,AX,1,100,0.059
17.827000,1439418.000,30059,3,AX,1,100,0.087
17.866500,1439457.500,30077,2,AX,1,100,0.111
17.906000,1439497.000,30077,2,AX,1,100,0.104
17.945667,1439536.667,30093,3,AX,1,100,0.112
17.985333,1439576.333,30093,3,AX,1,100,0.112
18.025000,1439616.000,30093,3,AX,1,100,0.107
18.064000,1439655.000,30112,2,AX,1,100,0.134
18.103000,1439694.000,30112,2,AX,1,100,0.123
18.142000,1439733.000,30129,3,AX,1,100,0.121
18.181000,1439772.000,30129,3,AX,1,100,0.254
18.220000,1439811.000,30129,3,AX,1,100,0.298
18.258333,1439849.333,30145,3,AX,1,100,0.210
18.296667,1439887.667,30145,3,AX,1,100,0.336
18.335000,1439926.000,30145,3,AX,1,100,0.332
18.374000,1439965.000,30163,2,AX,1,100,0.258
18.413000,1440004.000,30163,2,AX,1,100,0.248
18.451667,1440042.667,30178,3,AX,1,100,0.237
18.490333,1440081.333,30178,3,AX,1,100,0.243
18.529000,1440120.000,30178,3,AX,1,100,0.241
18.569000,1440160.000,30195,2,AX,1,100,0.270
18.609000,1440200.000,30195,2,AX,1,100,0.282
18.648000,1440239.000,30212,3,AX,1,100,0.207
18.687000,1440278.000,30212,3,AX,1,100,0.224
18.726000,1440317.000,30212,3,AX,1,100,0.233
18.765000,1440356.000,30229,2,AX,1,100,0.155
18.804000,1440395.000,30229,2,AX,1,100,0.098
18.843000,1440434.000,30244,3,AX,1,100,-0.023
18.882000,1440473.000,30244,3,AX,1,100,-0.036
18.921000,1440512.000,30244,3,AX,1,100,0.009
18.960000,1440551.000,30262,3,AX,1,100,0.060
18.999000,1440590.000,30262,3,AX,1,100,0.095
19.038000,1440629.000,30262,3,AX,1,100,0.102
19.077000,1440668.000,30280,2,AX,1,100,0.055
19.116000,1440707.000,30280,2,AX,1,100,0.002
19.156000,1440747.000,30297,3,AX,1,100,0.062
19.196000,1440787.000,30297,3,AX,1,100,0.179
19.236000,1440827.000,30297,3,AX,1,100,0.122
19.270667,1440861.667,30313,3,AX,1,100,0.154
19.305333,1440896.333,30313,3,AX,1,100,0.254
19.340000,1440931.000,30313,3,AX,1,100,0.304
19.379000,1440970.000,30330,2,AX,1,100,0.324
19.418000,1441009.000,30330,2,AX,1,100,0.210
19.457000,1441048.000,30348,3,AX,1,100,0.183
19.496000,1441087.000,30348,3,AX,1,100,0.223
19.535000,1441126.000,30348,3,AX,1,100,0.273
19.574000,1441165.000,30365,2,AX,1,100,0.260
19.613000,1441204.000,30365,2,AX,1,100,0.279
19.651333,1441242.333,30382,3,AX,1,100,0.245
19.689667,1441280.667,30382,3,AX,1,100,0.302
19.728000,1441319.000,30382,3,AX,1,100,0.343
19.767000,1441358.000,30398,3,AX,1,100,0.340
19.806000,1441397.000,30398,3,AX,1,100,0.422
19.845000,1441436.000,30398,3,AX,1,100,0.282
19.883000,1441474.000,30414,2,AX,1,100,0.225
19.921000,1441512.000,30414,2,AX,1,100,0.166
19.960000,1441551.000,30432,3,AX,1,100,0.166
19.999000,1441590.000,30432,3,AX,1,100,0.047
20.038000,1441629.000,30432,3,AX,1,100,-0.036
20.077000,1441668.000,30450,2,AX,1,100,0.050
20.116000,1441707.000,30450,2,AX,1,100,0.115
20.156000,1441747.000,30467,3,AX,1,100,0.162
20.196000,1441787.000,30467,3,AX,1,100,0.171
20.236000,1441827.000,30467,3,AX,1,100,0.169
20.275000,1441866.000,30483,3,AX,1,100,0.130
20.314000,1441905.000,30483,3,AX,1,100,0.139
20.353000,1441944.000,30483,3,AX,1,100,0.169
20.392000,1441983.000,30500,2,AX,1,100,0.177
20.431000,1442022.000,30500,2,AX,1,100,0.119
20.469333,1442060.333,30518,3,AX,1,100,0.129
20.507667,1442098.667,30518,3,AX,1,100,0.291
20.546000,1442137.000,30518,3,AX,1,100,0.246
20.585000,1442176.000,30536,2,AX,1,100,0.267
20.624000,1442215.000,30536,2,AX,1,100,0.319
20.663333,1442254.333,30551,3,AX,1,100,0.154
20.702667,1442293.667,30551,3,AX,1,100,0.057
20.742000,1442333.000,30551,3,AX,1,100,0.081
20.782000,1442373.000,30568,3,AX,1,100,0.167
20.822000,1442413.000,30568,3,AX,1,100,0.195
20.862000,1442453.000,30568,3,AX,1,100,0.204
20.901000,1442492.000,30584,2,AX,1,100,0.196
20.940000,1442531.000,30584,2,AX,1,100,0.133
20.974667,1442565.667,30604,3,AX,1,100,0.146
21.009333,1442600.333,30604,3,AX,1,100,0.185
21.044000,1442635.000,30604,3,AX,1,100,0.077
21.083000,1442674.000,30619,3,AX,1,100,0.108
21.122000,1442713.000,30619,3,AX,1,100,0.022
21.161000,1442752.000,30619,3,AX,1,100,-0.096
21.201000,1442792.000,30636,2,AX,1,100,-0.096
21.241000,1442832.000,30636,2,AX,1,100,-0.049
21.279333,1442870.333,30653,3,AX,1,100,-0.009
21.317667,1442908.667,30653,3,AX,1,100,0.073
21.356000,1442947.000,30653,3,AX,1,100,0.022
21.395000,1442986.000,30670,2,AX,1,100,-0.054
21.434000,1443025.000,30670,2,AX,1,100,-0.052
21.473000,1443064.000,30686,3,AX,1,100,-0.037
21.512000,1443103.000,30686,3,AX,1,100,0.023
21.551000,1443142.000,30686,3,AX,1,100,0.026
21.590000,1443181.000,30703,3,AX,1,100,0.005
21.629000,1443220.000,30703,3,AX,1,100,0.184
21.668000,1443259.000,30703,3,AX,1,100,0.200
21.707000,1443298.000,30721,2,AX,1,100,0.091
21.746000,1443337.000,30721,2,AX,1,100,0.213
21.785000,1443376.000,30738,3,AX,1,100,0.223
21.824000,1443415.000,30738,3,AX,1,100,0.175
21.863000,1443454.000,30738,3,AX,1,100,0.134
21.901000,1443492.000,30755,2,AX,1,100,0.198
21.939000,1443530.000,30755,2,AX,1,100,0.173
21.978000,1443569.000,30773,3,AX,1,100,0.182
22.017000,1443608.000,30773,3,AX,1,100,0.108
22.056000,1443647.000,30773,3,AX,1,100,0.135
22.095000,1443686.000,30791,3,AX,1,100,0.119
22.134000,1443725.000,30791,3,AX,1,100,0.067
22.173000,1443764.000,30791,3,AX,1,100,-0.081
22.212000,1443803.000,30808,2,AX,1,100,-0.049
22.251000,1443842.000,30808,2,AX,1,100,-0.009
22.290000,1443881.000,30825,3,AX,1,100,0.071
22.329000,1443920.000,30825,3,AX,1,100,0.008
22.368000,1443959.000,30825,3,AX,1,100,-0.063
22.407000,1443998.000,30842,2,AX,1,100,-0.077
22.446000,1444037.000,30842,2,AX,1,100,-0.085
22.484333,1444075.333,30857,3,AX,1,100,-0.104
22.522667,1444113.667,30857,3,AX,1,100,-0.140
22.561000,1444152.000,30857,3,AX,1,100,-0.121
22.600000,1444191.000,30875,3,AX,1,100,-0.018
22.639000,1444230.000,30875,3,AX,1,100,-0.008
22.678000,1444269.000,30875,3,AX,1,100,0.039
22.710000,1444301.000,30891,2,AX,1,100,0.103
22.742000,1444333.000,30891,2,AX,1,100,0.196
22.782000,1444373.000,30908,3,AX,1,100,0.076
22.822000,1444413.000,30908,3,AX,1,100,0.158
22.862000,1444453.000,30908,3,AX,1,100,0.267
22.901000,1444492.000,30924,3,AX,1,100,0.208
22.940000,1444531.000,30924,3,AX,1,100,0.153
22.979000,1444570.000,30924,3,AX,1,100,0.183
23.018000,1444609.000,30943,2,AX,1,100,0.149
23.057000,1444648.000,30943,2,AX,1,100,0.165
23.096000,1444687.000,30961,3,AX,1,100,0.168
23.135000,1444726.000,30961,3,AX,1,100,0.163
23.174000,1444765.000,30961,3,AX,1,100,0.144
23.213000,1444804.000,30979,2,AX,1,100,0.149
23.252000,1444843.000,30979,2,AX,1,100,0.115
23.290333,1444881.333,30995,3,AX,1,100,0.119
23.328667,1444919.667,30995,3,AX,1,100,0.085
23.367000,1444958.000,30995,3,AX,1,100,0.133
23.407000,1444998.000,31011,3,AX,1,100,0.120
23.447000,1445038.000,31011,3,AX,1,100,0.115
23.487000,1445078.000,31011,3,AX,1,100,0.072
23.526000,1445117.000,31028,2,AX,1,100,0.112
23.565000,1445156.000,31028,2,AX,1,100,0.092
23.604000,1445195.000,31045,3,AX,1,100,0.050
23.643000,1445234.000,31045,3,AX,1,100,0.139
23.682000,1445273.000,31045,3,AX,1,100,0.058
23.721000,1445312.000,31061,2,AX,1,100,0.027
23.760000,1445351.000,31061,2,AX,1,100,0.061
23.799000,1445390.000,31078,3,AX,1,100,0.087
23.838000,1445429.000,31078,3,AX,1,100,0.035
23.877000,1445468.000,31078,3,AX,1,100,0.018
23.916000,1445507.000,31096,3,AX,1,100,0.049
23.955000,1445546.000,31096,3,AX,1,100,0.009
23.994000,1445585.000,31096,3,AX,1,100,0.037
24.034000,1445625.000,31113,2,AX,1,100,0.056
24.074000,1445665.000,31113,2,AX,1,100,0.039
24.112333,1445703.333,31129,3,AX,1,100,0.019
24.150667,1445741.667,31129,3,AX,1,100,0.045
24.189000,1445780.000,31129,3,AX,1,100,0.050
24.228000,1445819.000,31147,2,AX,1,100,0.035
24.267000,1445858.000,31147,2,AX,1,100,0.070
24.306000,1445897.000,31162,3,AX,1,100,0.083
24.345000,1445936.000,31162,3,AX,1,100,0.104
24.384000,1445975.000,31162,3,AX,1,100,0.102
24.418667,1446009.667,31179,3,AX,1,100,0.091
24.453333,1446044.333,31179,3,AX,1,100,0.091
24.488000,1446079.000,31179,3,AX,1,100,0.125
24.527000,1446118.000,31196,3,AX,1,100,0.219
24.566000,1446157.000,31196,3,AX,1,100,0.240
24.605000,1446196.000,31196,3,AX,1,100,0.172
24.644000,1446235.000,31213,2,AX,1,100,0.130
24.683000,1446274.000,31213,2,AX,1,100,0.188
24.721333,1446312.333,31229,3,AX,1,100,0.186
24.759667,1446350.667,31229,3,AX,1,100,0.135
24.798000,1446389.000,31229,3,AX,1,100,0.154
24.837000,1446428.000,31246,2,AX,1,100,0.192
24.876000,1446467.000,31246,2,AX,1,100,0.176
24.915000,1446506.000,31264,3,AX,1,100,0.188
24.954000,1446545.000,31264,3,AX,1,100,0.208
24.993000,1446584.000,31264,3,AX,1,100,0.232
25.033000,1446624.000,31281,3,AX,1,100,0.214
25.073000,1446664.000,31281,3,AX,1,100,0.199
25.113000,1446704.000,31281,3,AX,1,100,0.229
25.152000,1446743.000,31298,2,AX,1,100,0.210
25.191000,1446782.000,31298,2,AX,1,100,0.181
25.230000,1446821.000,31314,3,AX,1,100,0.155
25.269000,1446860.000,31314,3,AX,1,100,0.159
25.308000,1446899.000,31314,3,AX,1,100,0.148
25.346500,1446937.500,31332,2,AX,1,100,0.127
25.385000,1446976.000,31332,2,AX,1,100,0.159
25.423667,1447014.667,31349,3,AX,1,100,0.297
25.462333,1447053.333,31349,3,AX,1,100,0.392
25.501000,1447092.000,31349,3,AX,1,100,0.427
25.540000,1447131.000,31366,3,AX,1,100,0.289
25.579000,1447170.000,31366,3,AX,1,100,0.278
25.618000,1447209.000,31366,3,AX,1,100,0.372
25.658000,1447249.000,31383,2,AX,1,100,0.401
25.698000,1447289.000,31383,2,AX,1,100,0.431
25.737333,1447328.333,31398,3,AX,1,100,0.437
25.776667,1447367.667,31398,3,AX,1,100,0.453
25.816000,1447407.000,31398,3,AX,1,100,0.443
25.855000,1447446.000,31416,2,AX,1,100,0.434
25.894000,1447485.000,31416,2,AX,1,100,0.369
25.933000,1447524.000,31434,3,AX,1,100,0.268
25.972000,1447563.000,31434,3,AX,1,100,0.237
26.011000,1447602.000,31434,3,AX,1,100,0.264
26.050000,1447641.000,31451,3,AX,1,100,0.203
26.089000,1447680.000,31451,3,AX,1,100,0.034
26.128000,1447719.000,31451,3,AX,1,100,0.023
26.159500,1447750.500,31467,2,AX,1,100,0.038
26.191000,1447782.000,31467,2,AX,1,100,0.016
26.230000,1447821.000,31484,3,AX,1,100,0.030
26.269000,1447860.000,31484,3,AX,1,100,0.098
26.308000,1447899.000,31484,3,AX,1,100,0.092
26.347000,1447938.000,31500,3,AX,1,100,0.094
26.386000,1447977.000,31500,3,AX,1,100,0.151
26.425000,1448016.000,31500,3,AX,1,100,0.163
26.464000,1448055.000,31518,2,AX,1,100,0.156
26.503000,1448094.000,31518,2,AX,1,100,0.165
26.542000,1448133.000,31534,3,AX,1,100,0.113
26.581000,1448172.000,31534,3,AX,1,100,0.103
26.620000,1448211.000,31534,3,AX,1,100,0.148
26.659000,1448250.000,31550,2,AX,1,100,0.177
26.698000,1448289.000,31550,2,AX,1,100,0.199
26.736333,1448327.333,31567,3,AX,1,100,0.303
26.774667,1448365.667,31567,3,AX,1,100,0.296
26.813000,1448404.000,31567,3,AX,1,100,0.260
26.852000,1448443.000,31586,3,AX,1,100,0.234
26.891000,1448482.000,31586,3,AX,1,100,0.186
26.930000,1448521.000,31586,3,AX,1,100,0.272
26.968500,1448559.500,31604,2,AX,1,100,0.320
27.007000,1448598.000,31604,2,AX,1,100,0.339
27.045667,1448636.667,31620,3,AX,1,100,0.333
27.084333,1448675.333,31620,3,AX,1,100,0.257
27.123000,1448714.000,31620,3,AX,1,100,0.273
27.162000,1448753.000,31637,2,AX,1,100,0.342
27.201000,1448792.000,31637,2,AX,1,100,0.346
27.241000,1448832.000,31654,3,AX,1,100,0.333
27.281000,1448872.000,31654,3,AX,1,100,0.307
27.321000,1448912.000,31654,3,AX,1,100,0.273
27.360333,1448951.333,31670,3,AX,1,100,0.292
27.399667,1448990.667,31670,3,AX,1,100,0.271
27.439000,1449030.000,31670,3,AX,1,100,0.310
27.478000,1449069.000,31688,2,AX,1,100,0.200
27.517000,1449108.000,31688,2,AX,1,100,0.081
27.555667,1449146.667,31703,3,AX,1,100,0.127
27.594333,1449185.333,31703,3,AX,1,100,0.139
27.633000,1449224.000,31703,3,AX,1,100,0.086
27.672000,1449263.000,31720,2,AX,1,100,-0.071
27.711000,1449302.000,31720,2,AX,1,100,-0.039
27.750000,1449341.000,31737,3,AX,1,100,0.103
27.789000,1449380.000,31737,3,AX,1,100,0.054
27.828000,1449419.000,31737,3,AX,1,100,0.015
27.863333,1449454.333,31756,3,AX,1,100,0.064
27.898667,1449489.667,31756,3,AX,1,100,0.043
27.934000,1449525.000,31756,3,AX,1,100,0.034
27.973000,1449564.000,31771,2,AX,1,100,0.084
28.012000,1449603.000,31771,2,AX,1,100,0.127
28.051000,1449642.000,31789,3,AX,1,100,0.139
28.090000,1449681.000,31789,3,AX,1,100,0.143
28.129000,1449720.000,31789,3,AX,1,100,0.161
28.167333,1449758.333,31805,3,AX,1,100,0.183
28.205667,1449796.667,31805,3,AX,1,100,0.239
28.244000,1449835.000,31805,3,AX,1,100,0.268
28.284000,1449875.000,31822,2,AX,1,100,0.306
28.324000,1449915.000,31822,2,AX,1,100,0.327
28.362333,1449953.333,31838,3,AX,1,100,0.228
28.400667,1449991.667,31838,3,AX,1,100,0.202
28.439000,1450030.000,31838,3,AX,1,100,0.341
28.478000,1450069.000,31855,2,AX,1,100,0.433
28.517000,1450108.000,31855,2,AX,1,100,0.404
28.556000,1450147.000,31873,3,AX,1,100,0.359
28.595000,1450186.000,31873,3,AX,1,100,0.319
28.634000,1450225.000,31873,3,AX,1,100,0.304
28.673000,1450264.000,31890,3,AX,1,100,0.327
28.712000,1450303.000,31890,3,AX,1,100,0.299
28.751000,1450342.000,31890,3,AX,1,100,0.322
28.790000,1450381.000,31909,2,AX,1,100,0.317
28.829000,1450420.000,31909,2,AX,1,100,0.292
28.868000,1450459.000,31925,3,AX,1,100,0.321
28.907000,1450498.000,31925,3,AX,1,100,0.305
28.946000,1450537.000,31925,3,AX,1,100,0.253
28.984500,1450575.500,31941,2,AX,1,100,0.264
29.023000,1450614.000,31941,2,AX,1,100,0.258
29.061667,1450652.667,31959,3,AX,1,100,0.195
29.100333,1450691.333,31959,3,AX,1,100,0.107
29.139000,1450730.000,31959,3,AX,1,100,0.027
29.178000,1450769.000,31975,3,AX,1,100,0.028
29.217000,1450808.000,31975,3,AX,1,100,0.006
29.256000,1450847.000,31975,3,AX,1,100,-0.048
29.295000,1450886.000,31992,2,AX,1,100,-0.016
29.334000,1450925.000,31992,2,AX,1,100,-0.008
29.373000,1450964.000,32010,3,AX,1,100,-0.041
29.412000,1451003.000,32010,3,AX,1,100,-0.029
29.451000,1451042.000,32010,3,AX,1,100,-0.052
29.490000,1451081.000,32027,2,AX,1,100,-0.028
29.529000,1451120.000,32027,2,AX,1,100,-0.034
29.567333,1451158.333,32043,3,AX,1,100,-0.028
29.605667,1451196.667,32043,3,AX,1,100,-0.041
29.644000,1451235.000,32043,3,AX,1,100,0.049
29.678667,1451269.667,32061,3,AX,1,100,0.031
29.713333,1451304.333,32061,3,AX,1,100,-0.018
29.748000,1451339.000,32061,3,AX,1,100,0.026
29.786333,1451377.333,32078,3,AX,1,100,-0.008
29.824667,1451415.667,32078,3,AX,1,100,-0.012
29.863000,1451454.000,32078,3,AX,1,100,0.029
29.903000,1451494.000,32095,2,AX,1,100,0.021
29.943000,1451534.000,32095,2,AX,1,100,0.043
29.982333,1451573.333,32111,3,AX,1,100,0.020
30.021667,1451612.667,32111,3,AX,1,100,0.036
30.061000,1451652.000,32111,3,AX,1,100,0.044
30.100000,1451691.000,32129,2,AX,1,100,0.052
30.139000,1451730.000,32129,2,AX,1,100,0.025
30.178000,1451769.000,32145,3,AX,1,100,0.041
30.217000,1451808.000,32145,3,AX,1,100,0.051
30.256000,1451847.000,32145,3,AX,1,100,0.055
30.295000,1451886.000,32161,2,AX,1,100,0.108
30.334000,1451925.000,32161,2,AX,1,100,0.065
30.372667,1451963.667,32178,3,AX,1,100,0.077
30.411333,1452002.333,32178,3,AX,1,100,0.079
30.450000,1452041.000,32178,3,AX,1,100,0.093
30.490000,1452081.000,32195,3,AX,1,100,0.112
30.530000,1452121.000,32195,3,AX,1,100,0.110
30.570000,1452161.000,32195,3,AX,1,100,0.079
30.609500,1452200.500,32211,2,AX,1,100,0.121
30.649000,1452240.000,32211,2,AX,1,100,0.100
30.688000,1452279.000,32228,3,AX,1,100,0.098
30.727000,1452318.000,32228,3,AX,1,100,0.139
30.766000,1452357.000,32228,3,AX,1,100,0.144
30.805000,1452396.000,32246,2,AX,1,100,0.051
30.844000,1452435.000,32246,2,AX,1,100,0.086
30.883000,1452474.000,32263,3,AX,1,100,0.113
30.922000,1452513.000,32263,3,AX,1,100,0.107
30.961000,1452552.000,32263,3,AX,1,100,0.087
30.999333,1452590.333,32282,3,AX,1,100,0.039
31.037667,1452628.667,32282,3,AX,1,100,0.098
31.076000,1452667.000,32282,3,AX,1,100,0.114
31.116000,1452707.000,32299,2,AX,1,100,0.089
31.156000,1452747.000,32299,2,AX,1,100,0.088
31.194333,1452785.333,32314,3,AX,1,100,0.088
31.232667,1452823.667,32314,3,AX,1,100,0.092
31.271000,1452862.000,32314,3,AX,1,100,0.096
31.305667,1452896.667,32332,3,AX,1,100,0.078
31.340333,1452931.333,32332,3,AX,1,100,0.067
31.375000,1452966.000,32332,3,AX,1,100,0.142
31.414000,1453005.000,32348,2,AX,1,100,0.139
31.453000,1453044.000,32348,2,AX,1,100,0.112
31.492667,1453083.667,32365,3,AX,1,100,0.125
31.532333,1453123.333,32365,3,AX,1,100,0.094
31.572000,1453163.000,32365,3,AX,1,100,0.071
31.611500,1453202.500,32380,2,AX,1,100,0.078
31.651000,1453242.000,32380,2,AX,1,100,0.123
31.690000,1453281.000,32400,3,AX,1,100,0.065
31.729000,1453320.000,32400,3,AX,1,100,0.095
31.768000,1453359.000,32400,3,AX,1,100,0.135
31.806667,1453397.667,32416,3,AX,1,100,0.197
31.845333,1453436.333,32416,3,AX,1,100,0.216
31.884000,1453475.000,32416,3,AX,1,100,0.146
31.922500,1453513.500,32433,2,AX,1,100,0.112
31.961000,1453552.000,32433,2,AX,1,100,0.175
32.000000,1453591.000,32450,3,AX,1,100,0.197
32.039000,1453630.000,32450,3,AX,1,100,0.167
32.078000,1453669.000,32450,3,AX,1,100,0.167
32.118000,1453709.000,32466,2,AX,1,100,0.183
32.158000,1453749.000,32466,2,AX,1,100,0.196
32.197667,1453788.667,32482,3,AX,1,100,0.254
32.237333,1453828.333,32482,3,AX,1,100,0.278
32.277000,1453868.000,32482,3,AX,1,100,0.351
32.316000,1453907.000,32500,2,AX,1,100,0.263
32.355000,1453946.000,32500,2,AX,1,100,0.315
32.394000,1453985.000,32518,3,AX,1,100,0.370
32.433000,1454024.000,32518,3,AX,1,100,0.389
32.472000,1454063.000,32518,3,AX,1,100,0.374
32.510667,1454101.667,32534,3,AX,1,100,0.410
32.549333,1454140.333,32534,3,AX,1,100,0.485
32.588000,1454179.000,32534,3,AX,1,100,0.520
32.626500,1454217.500,32551,2,AX,1,100,0.547
32.665000,1454256.000,32551,2,AX,1,100,0.635
32.704333,1454295.333,32570,3,AX,1,100,0.685
32.743667,1454334.667,32570,3,AX,1,100,0.692
32.783000,1454374.000,32570,3,AX,1,100,0.630
32.822500,1454413.500,32586,2,AX,1,100,0.731
32.862000,1454453.000,32586,2,AX,1,100,0.646
32.901000,1454492.000,32603,3,AX,1,100,0.531
32.940000,1454531.000,32603,3,AX,1,100,0.719
32.979000,1454570.000,32603,3,AX,1,100,0.782
33.013667,1454604.667,32619,3,AX,1,100,0.645
33.048333,1454639.333,32619,3,AX,1,100,0.869
33.083000,1454674.000,32619,3,AX,1,100,0.789
33.122000,1454713.000,32636,3,AX,1,100,0.853
33.161000,1454752.000,32636,3,AX,1,100,0.793
33.200000,1454791.000,32636,3,AX,1,100,0.804
33.238500,1454829.500,32654,4,AX,1,100,0.781
33.277000,1454868.000,32654,4,AX,1,100,0.771
33.315500,1454906.500,32654,4,AX,1,100,0.747
33.354000,1454945.000,32654,4,AX,1,100,0.687
33.393000,1454984.000,32670,3,AX,1,100,0.712
33.432000,1455023.000,32670,3,AX,1,100,0.733
33.471000,1455062.000,32670,3,AX,1,100,0.689
33.510000,1455101.000,32687,2,AX,1,100,0.635
33.549000,1455140.000,32687,2,AX,1,100,0.660
33.588000,1455179.000,32704,3,AX,1,100,0.632
33.627000,1455218.000,32704,3,AX,1,100,0.580
33.666000,1455257.000,32704,3,AX,1,100,0.658
33.705000,1455296.000,32723,3,AX,1,100,0.584
33.744000,1455335.000,32723,3,AX,1,100,0.658
33.783000,1455374.000,32723,3,AX,1,100,0.606
33.822000,1455413.000,32740,2,AX,1,100,0.551
33.861000,1455452.000,32740,2,AX,1,100,0.610
33.899333,1455490.333,32758,3,AX,1,100,0.575
33.937667,1455528.667,32758,3,AX,1,100,0.548
33.976000,1455567.000,32758,3,AX,1,100,0.675
34.015000,1455606.000,32774,2,AX,1,100,0.784
34.054000,1455645.000,32774,2,AX,1,100,0.877
34.092667,1455683.667,32791,3,AX,1,100,0.716
34.131333,1455722.333,32791,3,AX,1,100,0.870
34.170000,1455761.000,32791,3,AX,1,100,0.743
34.209000,1455800.000,32806,3,AX,1,100,0.615
34.248000,1455839.000,32806,3,AX,1,100,0.688
34.287000,1455878.000,32806,3,AX,1,100,0.637
34.326500,1455917.500,32824,2,AX,1,100,0.610
34.366000,1455957.000,32824,2,AX,1,100,0.648
34.405667,1455996.667,32840,3,AX,1,100,0.624
34.445333,1456036.333,32840,3,AX,1,100,0.609
34.485000,1456076.000,32840,3,AX,1,100,0.610
34.524000,1456115.000,32857,2,AX,1,100,0.557
34.563000,1456154.000,32857,2,AX,1,100,0.519
34.602000,1456193.000,32874,3,AX,1,100,0.544
34.641000,1456232.000,32874,3,AX,1,100,0.513
34.680000,1456271.000,32874,3,AX,1,100,0.413
34.718000,1456309.000,32892,2,AX,1,100,0.448
34.756000,1456347.000,32892,2,AX,1,100,0.392
34.791000,1456382.000,32908,3,AX,1,100,0.359
34.826000,1456417.000,32908,3,AX,1,100,0.303
34.861000,1456452.000,32908,3,AX,1,100,0.136
34.900000,1456491.000,32926,3,AX,1,100,0.111
34.939000,1456530.000,32926,3,AX,1,100,0.062
34.978000,1456569.000,32926,3,AX,1,100,0.105
35.017000,1456608.000,32942,3,AX,1,100,0.155
35.056000,1456647.000,32942,3,AX,1,100,0.125
35.095000,1456686.000,32942,3,AX,1,100,0.133
35.134000,1456725.000,32958,2,AX,1,100,0.131
35.173000,1456764.000,32958,2,AX,1,100,0.112
35.212000,1456803.000,32975,3,AX,1,100,0.108
35.251000,1456842.000,32975,3,AX,1,100,0.116
35.290000,1456881.000,32975,3,AX,1,100,0.216
35.329000,1456920.000,32992,2,AX,1,100,0.169
35.368000,1456959.000,32992,2,AX,1,100,0.137
35.407000,1456998.000,33008,3,AX,1,100,0.243
35.446000,1457037.000,33008,3,AX,1,100,0.435
35.485000,1457076.000,33008,3,AX,1,100,0.276
35.523333,1457114.333,33026,3,AX,1,100,0.305
35.561667,1457152.667,33026,3,AX,1,100,0.352
35.600000,1457191.000,33026,3,AX,1,100,0.353
35.639000,1457230.000,33043,2,AX,1,100,0.374
35.678000,1457269.000,33043,2,AX,1,100,0.407
35.717000,1457308.000,33060,3,AX,1,100,0.323
35.756000,1457347.000,33060,3,AX,1,100,0.292
35.795000,1457386.000,33060,3,AX,1,100,0.321
35.834000,1457425.000,33076,3,AX,1,100,0.344
35.873000,1457464.000,33076,3,AX,1,100,0.365
35.912000,1457503.000,33076,3,AX,1,100,0.396
35.951000,1457542.000,33094,2,AX,1,100,0.385
35.990000,1457581.000,33094,2,AX,1,100,0.358
36.028667,1457619.667,33110,3,AX,1,100,0.303
36.067333,1457658.333,33110,3,AX,1,100,0.235
36.106000,1457697.000,33110,3,AX,1,100,0.135
36.144500,1457735.500,33126,2,AX,1,100,0.132
36.183000,1457774.000,33126,2,AX,1,100,0.132
36.222000,1457813.000,33143,3,AX,1,100,0.096
36.261000,1457852.000,33143,3,AX,1,100,-0.036
36.300000,1457891.000,33143,3,AX,1,100,0.066
36.339000,1457930.000,33160,3,AX,1,100,0.208
36.378000,1457969.000,33160,3,AX,1,100,0.174
36.417000,1458008.000,33160,3,AX,1,100,0.120
36.456000,1458047.000,33176,2,AX,1,100,0.055
36.495000,1458086.000,33176,2,AX,1,100,-0.031
36.529333,1458120.333,33193,3,AX,1,100,-0.015
36.563667,1458154.667,33193,3,AX,1,100,0.042
36.598000,1458189.000,33193,3,AX,1,100,0.164
36.637000,1458228.000,33213,3,AX,1,100,0.156
36.676000,1458267.000,33213,3,AX,1,100,0.098
36.715000,1458306.000,33213,3,AX,1,100,0.146
36.753500,1458344.500,33230,2,AX,1,100,0.140
36.792000,1458383.000,33230,2,AX,1,100,0.100
36.831000,1458422.000,33247,3,AX,1,100,0.120
36.870000,1458461.000,33247,3,AX,1,100,0.292
36.909000,1458500.000,33247,3,AX,1,100,0.326
36.948333,1458539.333,33264,3,AX,1,100,0.271
36.987667,1458578.667,33264,3,AX,1,100,0.258
37.027000,1458618.000,33264,3,AX,1,100,0.192
37.067000,1458658.000,33279,2,AX,1,100,0.224
37.107000,1458698.000,33279,2,AX,1,100,0.287
37.146000,1458737.000,33297,3,AX,1,100,0.380
37.185000,1458776.000,33297,3,AX,1,100,0.480
37.224000,1458815.000,33297,3,AX,1,100,0.423
37.263000,1458854.000,33313,2,AX,1,100,0.407
37.302000,1458893.000,33313,2,AX,1,100,0.448
37.341000,1458932.000,33330,3,AX,1,100,0.478
37.380000,1458971.000,33330,3,AX,1,100,0.484
37.419000,1459010.000,33330,3,AX,1,100,0.547
37.458000,1459049.000,33345,2,AX,1,100,0.509
37.497000,1459088.000,33345,2,AX,1,100,0.554
37.535667,1459126.667,33365,3,AX,1,100,0.500
37.574333,1459165.333,33365,3,AX,1,100,0.520
37.613000,1459204.000,33365,3,AX,1,100,0.621
37.652667,1459243.667,33381,3,AX,1,100,0.627
37.692333,1459283.333,33381,3,AX,1,100,0.667
37.732000,1459323.000,33381,3,AX,1,100,0.670
37.771000,1459362.000,33398,3,AX,1,100,0.640
37.810000,1459401.000,33398,3,AX,1,100,0.656
37.849000,1459440.000,33398,3,AX,1,100,0.622
37.888000,1459479.000,33415,2,AX,1,100,0.676
37.927000,1459518.000,33415,2,AX,1,100,0.710
37.966000,1459557.000,33431,3,AX,1,100,0.697
38.005000,1459596.000,33431,3,AX,1,100,0.736
38.044000,1459635.000,33431,3,AX,1,100,0.748
38.083000,1459674.000,33449,2,AX,1,100,0.731
38.122000,1459713.000,33449,2,AX,1,100,0.779
38.160667,1459751.667,33467,3,AX,1,100,0.819
38.199333,1459790.333,33467,3,AX,1,100,0.802
38.238000,1459829.000,33467,3,AX,1,100,0.814
38.272333,1459863.333,33483,3,AX,1,100,0.837
38.306667,1459897.667,33483,3,AX,1,100,0.843
38.341000,1459932.000,33483,3,AX,1,100,0.820
38.379333,1459970.333,33500,3,AX,1,100,0.853
38.417667,1460008.667,33500,3,AX,1,100,0.833
38.456000,1460047.000,33500,3,AX,1,100,0.830
38.495000,1460086.000,33516,2,AX,1,100,0.856
38.534000,1460125.000,33516,2,AX,1,100,0.832
38.573667,1460164.667,33535,3,AX,1,100,0.826
38.613333,1460204.333,33535,3,AX,1,100,0.823
38.653000,1460244.000,33535,3,AX,1,100,0.846
38.693000,1460284.000,33551,2,AX,1,100,0.858
38.733000,1460324.000,33551,2,AX,1,100,0.851
38.772000,1460363.000,33569,3,AX,1,100,0.859
38.811000,1460402.000,33569,3,AX,1,100,0.828
38.850000,1460441.000,33569,3,AX,1,100,0.830
38.889000,1460480.000,33584,2,AX,1,100,0.867
38.928000,1460519.000,33584,2,AX,1,100,0.844
38.966667,1460557.667,33601,3,AX,1,100,0.849
39.005333,1460596.333,33601,3,AX,1,100,0.846
39.044000,1460635.000,33601,3,AX,1,100,0.839
39.083000,1460674.000,33617,3,AX,1,100,0.841
39.122000,1460713.000,33617,3,AX,1,100,0.838
39.161000,1460752.000,33617,3,AX,1,100,0.847
39.200500,1460791.500,33635,2,AX,1,100,0.833
39.240000,1460831.000,33635,2,AX,1,100,0.815
39.279667,1460870.667,33651,3,AX,1,100,0.860
39.319333,1460910.333,33651,3,AX,1,100,0.825
39.359000,1460950.000,33651,3,AX,1,100,0.854
39.398000,1460989.000,33667,2,AX,1,100,0.812
39.437000,1461028.000,33667,2,AX,1,100,0.861
39.476000,1461067.000,33684,3,AX,1,100,0.823
39.515000,1461106.000,33684,3,AX,1,100,0.851
39.554000,1461145.000,33684,3,AX,1,100,0.840
39.592667,1461183.667,33703,3,AX,1,100,0.824
39.631333,1461222.333,33703,3,AX,1,100,0.828
39.670000,1461261.000,33703,3,AX,1,100,0.836
