LocalTimestamp,EmotiBitTimestamp,PacketNumber,DataLength,TypeTag,ProtocolVersion,DataReliability,AZ
0.106000,1421697.000,27139,14,AZ,1,100,-0.359
0.106000,1421697.000,27139,14,AZ,1,100,-0.359
0.106000,1421697.000,27139,14,AZ,1,100,-0.352
0.106000,1421697.000,27139,14,AZ,1,100,-0.331
0.106000,1421697.000,27139,14,AZ,1,100,-0.292
0.106000,1421697.000,27139,14,AZ,1,100,-0.298
0.106000,1421697.000,27139,14,AZ,1,100,-0.303
0.106000,1421697.000,27139,14,AZ,1,100,-0.311
0.106000,1421697.000,27139,14,AZ,1,100,-0.322
0.106000,1421697.000,27139,14,AZ,1,100,-0.338
0.106000,1421697.000,27139,14,AZ,1,100,-0.331
0.106000,1421697.000,27139,14,AZ,1,100,-0.313
0.106000,1421697.000,27139,14,AZ,1,100,-0.313
0.106000,1421697.000,27139,14,AZ,1,100,-0.311
0.145000,1421736.000,27156,3,AZ,1,100,-0.310
0.184000,1421775.000,27156,3,AZ,1,100,-0.323
0.223000,1421814.000,27156,3,AZ,1,100,-0.318
0.255500,1421846.500,27172,2,AZ,1,100,-0.317
0.288000,1421879.000,27172,2,AZ,1,100,-0.329
0.327000,1421918.000,27189,3,AZ,1,100,-0.313
0.366000,1421957.000,27189,3,AZ,1,100,-0.305
0.405000,1421996.000,27189,3,AZ,1,100,-0.295
0.444000,1422035.000,27206,3,AZ,1,100,-0.313
0.483000,1422074.000,27206,3,AZ,1,100,-0.325
0.522000,1422113.000,27206,3,AZ,1,100,-0.323
0.560000,1422151.000,27225,2,AZ,1,100,-0.311
0.598000,1422189.000,27225,2,AZ,1,100,-0.311
0.637000,1422228.000,27240,3,AZ,1,100,-0.308
0.676000,1422267.000,27240,3,AZ,1,100,-0.308
0.715000,1422306.000,27240,3,AZ,1,100,-0.307
0.754000,1422345.000,27259,4,AZ,1,100,-0.313
0.793000,1422384.000,27259,4,AZ,1,100,-0.311
0.832000,1422423.000,27259,4,AZ,1,100,-0.322
0.871000,1422462.000,27259,4,AZ,1,100,-0.310
0.910000,1422501.000,27274,2,AZ,1,100,-0.310
0.949000,1422540.000,27274,2,AZ,1,100,-0.309
0.988000,1422579.000,27291,3,AZ,1,100,-0.307
1.027000,1422618.000,27291,3,AZ,1,100,-0.317
1.066000,1422657.000,27291,3,AZ,1,100,-0.312
1.104667,1422695.667,27308,3,AZ,1,100,-0.314
1.143333,1422734.333,27308,3,AZ,1,100,-0.311
1.182000,1422773.000,27308,3,AZ,1,100,-0.311
1.220500,1422811.500,27325,2,AZ,1,100,-0.311
1.259000,1422850.000,27325,2,AZ,1,100,-0.312
1.298000,1422889.000,27340,3,AZ,1,100,-0.311
1.337000,1422928.000,27340,3,AZ,1,100,-0.306
1.376000,1422967.000,27340,3,AZ,1,100,-0.307
1.415000,1423006.000,27358,2,AZ,1,100,-0.310
1.454000,1423045.000,27358,2,AZ,1,100,-0.306
1.493000,1423084.000,27376,3,AZ,1,100,-0.301
1.532000,1423123.000,27376,3,AZ,1,100,-0.298
1.571000,1423162.000,27376,3,AZ,1,100,-0.302
1.610667,1423201.667,27393,3,AZ,1,100,-0.318
1.650333,1423241.333,27393,3,AZ,1,100,-0.314
1.690000,1423281.000,27393,3,AZ,1,100,-0.317
1.729500,1423320.500,27410,2,AZ,1,100,-0.306
1.769000,1423360.000,27410,2,AZ,1,100,-0.298
1.808000,1423399.000,27426,3,AZ,1,100,-0.292
1.847000,1423438.000,27426,3,AZ,1,100,-0.301
1.886000,1423477.000,27426,3,AZ,1,100,-0.307
1.925000,1423516.000,27442,2,AZ,1,100,-0.315
1.964000,1423555.000,27442,2,AZ,1,100,-0.309
1.998000,1423589.000,27459,3,AZ,1,100,-0.318
2.032000,1423623.000,27459,3,AZ,1,100,-0.297
2.066000,1423657.000,27459,3,AZ,1,100,-0.300
2.105667,1423696.667,27476,3,AZ,1,100,-0.293
2.145333,1423736.333,27476,3,AZ,1,100,-0.307
2.185000,1423776.000,27476,3,AZ,1,100,-0.305
2.224000,1423815.000,27492,2,AZ,1,100,-0.307
2.263000,1423854.000,27492,2,AZ,1,100,-0.306
2.302000,1423893.000,27508,3,AZ,1,100,-0.295
2.341000,1423932.000,27508,3,AZ,1,100,-0.304
2.380000,1423971.000,27508,3,AZ,1,100,-0.299
2.419000,1424010.000,27526,3,AZ,1,100,-0.311
2.458000,1424049.000,27526,3,AZ,1,100,-0.301
2.497000,1424088.000,27526,3,AZ,1,100,-0.302
2.536000,1424127.000,27544,2,AZ,1,100,-0.300
2.575000,1424166.000,27544,2,AZ,1,100,-0.312
2.613667,1424204.667,27561,3,AZ,1,100,-0.296
2.652333,1424243.333,27561,3,AZ,1,100,-0.300
2.691000,1424282.000,27561,3,AZ,1,100,-0.300
2.731000,1424322.000,27577,2,AZ,1,100,-0.300
2.771000,1424362.000,27577,2,AZ,1,100,-0.310
2.810000,1424401.000,27594,3,AZ,1,100,-0.308
2.849000,1424440.000,27594,3,AZ,1,100,-0.301
2.888000,1424479.000,27594,3,AZ,1,100,-0.305
2.927000,1424518.000,27610,3,AZ,1,100,-0.295
2.966000,1424557.000,27610,3,AZ,1,100,-0.301
3.005000,1424596.000,27610,3,AZ,1,100,-0.302
3.044000,1424635.000,27628,2,AZ,1,100,-0.307
3.083000,1424674.000,27628,2,AZ,1,100,-0.296
3.122000,1424713.000,27643,3,AZ,1,100,-0.307
3.161000,1424752.000,27643,3,AZ,1,100,-0.302
3.200000,1424791.000,27643,3,AZ,1,100,-0.310
3.239000,1424830.000,27660,2,AZ,1,100,-0.292
3.278000,1424869.000,27660,2,AZ,1,100,-0.308
3.316667,1424907.667,27676,3,AZ,1,100,-0.297
3.355333,1424946.333,27676,3,AZ,1,100,-0.307
3.394000,1424985.000,27676,3,AZ,1,100,-0.303
3.432667,1425023.667,27696,3,AZ,1,100,-0.306
3.471333,1425062.333,27696,3,AZ,1,100,-0.299
3.510000,1425101.000,27696,3,AZ,1,100,-0.295
3.549000,1425140.000,27712,2,AZ,1,100,-0.302
3.588000,1425179.000,27712,2,AZ,1,100,-0.300
3.627000,1425218.000,27728,3,AZ,1,100,-0.308
3.666000,1425257.000,27728,3,AZ,1,100,-0.301
3.705000,1425296.000,27728,3,AZ,1,100,-0.301
3.739667,1425330.667,27745,3,AZ,1,100,-0.300
3.774333,1425365.333,27745,3,AZ,1,100,-0.311
3.809000,1425400.000,27745,3,AZ,1,100,-0.296
3.848000,1425439.000,27762,2,AZ,1,100,-0.300
3.887000,1425478.000,27762,2,AZ,1,100,-0.297
3.926000,1425517.000,27778,3,AZ,1,100,-0.303
3.965000,1425556.000,27778,3,AZ,1,100,-0.304
4.004000,1425595.000,27778,3,AZ,1,100,-0.302
4.042333,1425633.333,27795,3,AZ,1,100,-0.296
4.080667,1425671.667,27795,3,AZ,1,100,-0.297
4.119000,1425710.000,27795,3,AZ,1,100,-0.299
4.158000,1425749.000,27811,2,AZ,1,100,-0.299
4.197000,1425788.000,27811,2,AZ,1,100,-0.305
4.236333,1425827.333,27828,3,AZ,1,100,-0.298
4.275667,1425866.667,27828,3,AZ,1,100,-0.296
4.315000,1425906.000,27828,3,AZ,1,100,-0.304
4.355000,1425946.000,27845,2,AZ,1,100,-0.304
4.395000,1425986.000,27845,2,AZ,1,100,-0.299
4.434000,1426025.000,27864,3,AZ,1,100,-0.297
4.473000,1426064.000,27864,3,AZ,1,100,-0.293
4.512000,1426103.000,27864,3,AZ,1,100,-0.301
4.551000,1426142.000,27879,2,AZ,1,100,-0.301
4.590000,1426181.000,27879,2,AZ,1,100,-0.306
4.629000,1426220.000,27897,3,AZ,1,100,-0.302
4.668000,1426259.000,27897,3,AZ,1,100,-0.285
4.707000,1426298.000,27897,3,AZ,1,100,-0.301
4.746000,1426337.000,27913,3,AZ,1,100,-0.290
4.785000,1426376.000,27913,3,AZ,1,100,-0.308
4.824000,1426415.000,27913,3,AZ,1,100,-0.294
4.863000,1426454.000,27930,2,AZ,1,100,-0.300
4.902000,1426493.000,27930,2,AZ,1,100,-0.289
4.941667,1426532.667,27945,3,AZ,1,100,-0.298
4.981333,1426572.333,27945,3,AZ,1,100,-0.300
5.021000,1426612.000,27945,3,AZ,1,100,-0.293
5.060000,1426651.000,27963,2,AZ,1,100,-0.290
5.099000,1426690.000,27963,2,AZ,1,100,-0.292
5.138000,1426729.000,27979,3,AZ,1,100,-0.296
5.177000,1426768.000,27979,3,AZ,1,100,-0.296
5.216000,1426807.000,27979,3,AZ,1,100,-0.305
5.255000,1426846.000,27996,2,AZ,1,100,-0.297
5.294000,1426885.000,27996,2,AZ,1,100,-0.294
5.333000,1426924.000,28013,3,AZ,1,100,-0.290
5.372000,1426963.000,28013,3,AZ,1,100,-0.296
5.411000,1427002.000,28013,3,AZ,1,100,-0.298
5.445000,1427036.000,28031,3,AZ,1,100,-0.297
5.479000,1427070.000,28031,3,AZ,1,100,-0.303
5.513000,1427104.000,28031,3,AZ,1,100,-0.293
5.552000,1427143.000,28047,3,AZ,1,100,-0.304
5.591000,1427182.000,28047,3,AZ,1,100,-0.289
5.630000,1427221.000,28047,3,AZ,1,100,-0.296
5.669000,1427260.000,28065,2,AZ,1,100,-0.289
5.708000,1427299.000,28065,2,AZ,1,100,-0.302
5.747000,1427338.000,28081,3,AZ,1,100,-0.299
5.786000,1427377.000,28081,3,AZ,1,100,-0.306
5.825000,1427416.000,28081,3,AZ,1,100,-0.302
5.864500,1427455.500,28099,4,AZ,1,100,-0.286
5.904000,1427495.000,28099,4,AZ,1,100,-0.292
5.943500,1427534.500,28099,4,AZ,1,100,-0.295
5.983000,1427574.000,28099,4,AZ,1,100,-0.298
6.022500,1427613.500,28116,2,AZ,1,100,-0.298
6.062000,1427653.000,28116,2,AZ,1,100,-0.287
6.101000,1427692.000,28132,3,AZ,1,100,-0.294
6.140000,1427731.000,28132,3,AZ,1,100,-0.298
6.179000,1427770.000,28132,3,AZ,1,100,-0.296
6.217667,1427808.667,28148,3,AZ,1,100,-0.285
6.256333,1427847.333,28148,3,AZ,1,100,-0.288
6.295000,1427886.000,28148,3,AZ,1,100,-0.292
6.334000,1427925.000,28166,2,AZ,1,100,-0.295
6.373000,1427964.000,28166,2,AZ,1,100,-0.295
6.412000,1428003.000,28184,3,AZ,1,100,-0.287
6.451000,1428042.000,28184,3,AZ,1,100,-0.288
6.490000,1428081.000,28184,3,AZ,1,100,-0.291
6.530000,1428121.000,28200,2,AZ,1,100,-0.292
6.570000,1428161.000,28200,2,AZ,1,100,-0.294
6.609333,1428200.333,28217,3,AZ,1,100,-0.294
6.648667,1428239.667,28217,3,AZ,1,100,-0.291
6.688000,1428279.000,28217,3,AZ,1,100,-0.289
6.727000,1428318.000,28234,2,AZ,1,100,-0.292
6.766000,1428357.000,28234,2,AZ,1,100,-0.302
6.804667,1428395.667,28250,3,AZ,1,100,-0.284
6.843333,1428434.333,28250,3,AZ,1,100,-0.293
6.882000,1428473.000,28250,3,AZ,1,100,-0.283
6.920667,1428511.667,28268,3,AZ,1,100,-0.298
6.959333,1428550.333,28268,3,AZ,1,100,-0.292
6.998000,1428589.000,28268,3,AZ,1,100,-0.298
7.037000,1428628.000,28283,2,AZ,1,100,-0.292
7.076000,1428667.000,28283,2,AZ,1,100,-0.292
7.111000,1428702.000,28300,3,AZ,1,100,-0.292
7.146000,1428737.000,28300,3,AZ,1,100,-0.286
7.181000,1428772.000,28300,3,AZ,1,100,-0.294
7.220000,1428811.000,28316,3,AZ,1,100,-0.293
7.259000,1428850.000,28316,3,AZ,1,100,-0.291
7.298000,1428889.000,28316,3,AZ,1,100,-0.292
7.337000,1428928.000,28336,2,AZ,1,100,-0.298
7.376000,1428967.000,28336,2,AZ,1,100,-0.291
7.415000,1429006.000,28351,3,AZ,1,100,-0.289
7.454000,1429045.000,28351,3,AZ,1,100,-0.293
7.493000,1429084.000,28351,3,AZ,1,100,-0.294
7.532000,1429123.000,28368,3,AZ,1,100,-0.290
7.571000,1429162.000,28368,3,AZ,1,100,-0.299
7.610000,1429201.000,28368,3,AZ,1,100,-0.296
7.648500,1429239.500,28385,2,AZ,1,100,-0.298
7.687000,1429278.000,28385,2,AZ,1,100,-0.285
7.725667,1429316.667,28402,3,AZ,1,100,-0.291
7.764333,1429355.333,28402,3,AZ,1,100,-0.292
7.803000,1429394.000,28402,3,AZ,1,100,-0.290
7.842000,1429433.000,28418,2,AZ,1,100,-0.287
7.881000,1429472.000,28418,2,AZ,1,100,-0.297
7.920000,1429511.000,28435,3,AZ,1,100,-0.291
7.959000,1429550.000,28435,3,AZ,1,100,-0.300
7.998000,1429589.000,28435,3,AZ,1,100,-0.288
8.037000,1429628.000,28451,3,AZ,1,100,-0.292
8.076000,1429667.000,28451,3,AZ,1,100,-0.288
8.115000,1429706.000,28451,3,AZ,1,100,-0.295
8.154000,1429745.000,28468,2,AZ,1,100,-0.296
8.193000,1429784.000,28468,2,AZ,1,100,-0.294
8.231333,1429822.333,28485,3,AZ,1,100,-0.293
8.269667,1429860.667,28485,3,AZ,1,100,-0.294
8.308000,1429899.000,28485,3,AZ,1,100,-0.297
8.347000,1429938.000,28503,2,AZ,1,100,-0.295
8.386000,1429977.000,28503,2,AZ,1,100,-0.297
8.425000,1430016.000,28519,3,AZ,1,100,-0.295
8.464000,1430055.000,28519,3,AZ,1,100,-0.293
8.503000,1430094.000,28519,3,AZ,1,100,-0.301
8.542000,1430133.000,28537,3,AZ,1,100,-0.298
8.581000,1430172.000,28537,3,AZ,1,100,-0.295
8.620000,1430211.000,28537,3,AZ,1,100,-0.290
8.659000,1430250.000,28553,2,AZ,1,100,-0.293
8.698000,1430289.000,28553,2,AZ,1,100,-0.295
8.737667,1430328.667,28570,3,AZ,1,100,-0.298
8.777333,1430368.333,28570,3,AZ,1,100,-0.299
8.817000,1430408.000,28570,3,AZ,1,100,-0.300
8.856500,1430447.500,28585,2,AZ,1,100,-0.298
8.896000,1430487.000,28585,2,AZ,1,100,-0.295
8.930667,1430521.667,28603,3,AZ,1,100,-0.298
8.965333,1430556.333,28603,3,AZ,1,100,-0.295
9.000000,1430591.000,28603,3,AZ,1,100,-0.295
9.038667,1430629.667,28619,3,AZ,1,100,-0.300
9.077333,1430668.333,28619,3,AZ,1,100,-0.296
9.116000,1430707.000,28619,3,AZ,1,100,-0.304
9.155000,1430746.000,28636,2,AZ,1,100,-0.291
9.194000,1430785.000,28636,2,AZ,1,100,-0.302
9.233667,1430824.667,28653,3,AZ,1,100,-0.299
9.273333,1430864.333,28653,3,AZ,1,100,-0.304
9.313000,1430904.000,28653,3,AZ,1,100,-0.305
9.352000,1430943.000,28671,3,AZ,1,100,-0.291
9.391000,1430982.000,28671,3,AZ,1,100,-0.293
9.430000,1431021.000,28671,3,AZ,1,100,-0.302
9.469000,1431060.000,28687,2,AZ,1,100,-0.303
9.508000,1431099.000,28687,2,AZ,1,100,-0.306
9.547000,1431138.000,28705,3,AZ,1,100,-0.299
9.586000,1431177.000,28705,3,AZ,1,100,-0.294
9.625000,1431216.000,28705,3,AZ,1,100,-0.299
9.663667,1431254.667,28721,3,AZ,1,100,-0.305
9.702333,1431293.333,28721,3,AZ,1,100,-0.300
9.741000,1431332.000,28721,3,AZ,1,100,-0.298
9.781000,1431372.000,28737,2,AZ,1,100,-0.298
9.821000,1431412.000,28737,2,AZ,1,100,-0.294
9.860333,1431451.333,28754,3,AZ,1,100,-0.303
9.899667,1431490.667,28754,3,AZ,1,100,-0.295
9.939000,1431530.000,28754,3,AZ,1,100,-0.298
9.978000,1431569.000,28771,2,AZ,1,100,-0.300
10.017000,1431608.000,28771,2,AZ,1,100,-0.292
10.056000,1431647.000,28787,3,AZ,1,100,-0.297
10.095000,1431686.000,28787,3,AZ,1,100,-0.300
10.134000,1431725.000,28787,3,AZ,1,100,-0.304
10.173000,1431764.000,28805,3,AZ,1,100,-0.300
10.212000,1431803.000,28805,3,AZ,1,100,-0.299
10.251000,1431842.000,28805,3,AZ,1,100,-0.296
10.290000,1431881.000,28822,2,AZ,1,100,-0.298
10.329000,1431920.000,28822,2,AZ,1,100,-0.298
10.368000,1431959.000,28839,3,AZ,1,100,-0.306
10.407000,1431998.000,28839,3,AZ,1,100,-0.292
10.446000,1432037.000,28839,3,AZ,1,100,-0.289
10.484500,1432075.500,28855,2,AZ,1,100,-0.293
10.523000,1432114.000,28855,2,AZ,1,100,-0.305
10.561667,1432152.667,28873,3,AZ,1,100,-0.309
10.600333,1432191.333,28873,3,AZ,1,100,-0.291
10.639000,1432230.000,28873,3,AZ,1,100,-0.293
10.673667,1432264.667,28888,3,AZ,1,100,-0.293
10.708333,1432299.333,28888,3,AZ,1,100,-0.288
10.743000,1432334.000,28888,3,AZ,1,100,-0.278
10.782500,1432373.500,28905,2,AZ,1,100,-0.291
10.822000,1432413.000,28905,2,AZ,1,100,-0.297
10.861667,1432452.667,28922,3,AZ,1,100,-0.308
10.901333,1432492.333,28922,3,AZ,1,100,-0.285
10.941000,1432532.000,28922,3,AZ,1,100,-0.274
10.980000,1432571.000,28940,4,AZ,1,100,-0.279
11.019000,1432610.000,28940,4,AZ,1,100,-0.276
11.058000,1432649.000,28940,4,AZ,1,100,-0.273
11.097000,1432688.000,28940,4,AZ,1,100,-0.283
11.135500,1432726.500,28956,2,AZ,1,100,-0.254
11.174000,1432765.000,28956,2,AZ,1,100,-0.249
11.213000,1432804.000,28976,3,AZ,1,100,-0.235
11.252000,1432843.000,28976,3,AZ,1,100,-0.204
11.291000,1432882.000,28976,3,AZ,1,100,-0.172
11.330333,1432921.333,28991,3,AZ,1,100,-0.152
11.369667,1432960.667,28991,3,AZ,1,100,-0.126
11.409000,1433000.000,28991,3,AZ,1,100,-0.136
11.449000,1433040.000,29008,2,AZ,1,100,-0.132
11.489000,1433080.000,29008,2,AZ,1,100,-0.150
11.528000,1433119.000,29025,3,AZ,1,100,-0.107
11.567000,1433158.000,29025,3,AZ,1,100,-0.063
11.606000,1433197.000,29025,3,AZ,1,100,-0.013
11.645000,1433236.000,29042,2,AZ,1,100,-0.008
11.684000,1433275.000,29042,2,AZ,1,100,0.024
11.723000,1433314.000,29058,3,AZ,1,100,0.021
11.762000,1433353.000,29058,3,AZ,1,100,0.022
11.801000,1433392.000,29058,3,AZ,1,100,0.040
11.840000,1433431.000,29075,3,AZ,1,100,0.056
11.879000,1433470.000,29075,3,AZ,1,100,0.087
11.918000,1433509.000,29075,3,AZ,1,100,0.123
11.956000,1433547.000,29091,2,AZ,1,100,0.181
11.994000,1433585.000,29091,2,AZ,1,100,0.149
12.034000,1433625.000,29108,3,AZ,1,100,0.115
12.074000,1433665.000,29108,3,AZ,1,100,0.065
12.114000,1433705.000,29108,3,AZ,1,100,0.028
12.153000,1433744.000,29125,2,AZ,1,100,0.023
12.192000,1433783.000,29125,2,AZ,1,100,0.053
12.231000,1433822.000,29143,3,AZ,1,100,0.094
12.270000,1433861.000,29143,3,AZ,1,100,0.134
12.309000,1433900.000,29143,3,AZ,1,100,0.133
12.343667,1433934.667,29159,3,AZ,1,100,0.144
12.378333,1433969.333,29159,3,AZ,1,100,0.172
12.413000,1434004.000,29159,3,AZ,1,100,0.169
12.452000,1434043.000,29176,2,AZ,1,100,0.142
12.491000,1434082.000,29176,2,AZ,1,100,0.146
12.529333,1434120.333,29195,3,AZ,1,100,0.182
12.567667,1434158.667,29195,3,AZ,1,100,0.224
12.606000,1434197.000,29195,3,AZ,1,100,0.221
12.645000,1434236.000,29212,3,AZ,1,100,0.231
12.684000,1434275.000,29212,3,AZ,1,100,0.283
12.723000,1434314.000,29212,3,AZ,1,100,0.254
12.762000,1434353.000,29227,2,AZ,1,100,0.252
12.801000,1434392.000,29227,2,AZ,1,100,0.276
12.840000,1434431.000,29245,3,AZ,1,100,0.300
12.879000,1434470.000,29245,3,AZ,1,100,0.290
12.918000,1434509.000,29245,3,AZ,1,100,0.289
12.957000,1434548.000,29261,2,AZ,1,100,0.293
12.996000,1434587.000,29261,2,AZ,1,100,0.283
13.036000,1434627.000,29278,3,AZ,1,100,0.260
13.076000,1434667.000,29278,3,AZ,1,100,0.223
13.116000,1434707.000,29278,3,AZ,1,100,0.208
13.155000,1434746.000,29294,3,AZ,1,100,0.190
13.194000,1434785.000,29294,3,AZ,1,100,0.218
13.233000,1434824.000,29294,3,AZ,1,100,0.235
13.272000,1434863.000,29313,2,AZ,1,100,0.316
13.311000,1434902.000,29313,2,AZ,1,100,0.271
13.349333,1434940.333,29329,3,AZ,1,100,0.171
13.387667,1434978.667,29329,3,AZ,1,100,0.136
13.426000,1435017.000,29329,3,AZ,1,100,0.143
13.465000,1435056.000,29347,2,AZ,1,100,0.129
13.504000,1435095.000,29347,2,AZ,1,100,0.100
13.543000,1435134.000,29363,3,AZ,1,100,0.065
13.582000,1435173.000,29363,3,AZ,1,100,0.039
13.621000,1435212.000,29363,3,AZ,1,100,0.065
13.661000,1435252.000,29379,2,AZ,1,100,0.050
13.701000,1435292.000,29379,2,AZ,1,100,0.037
13.740333,1435331.333,29398,3,AZ,1,100,0.026
13.779667,1435370.667,29398,3,AZ,1,100,0.018
13.819000,1435410.000,29398,3,AZ,1,100,0.076
13.858000,1435449.000,29415,3,AZ,1,100,0.102
13.897000,1435488.000,29415,3,AZ,1,100,0.074
13.936000,1435527.000,29415,3,AZ,1,100,0.084
13.974500,1435565.500,29431,2,AZ,1,100,0.090
14.013000,1435604.000,29431,2,AZ,1,100,0.100
14.051667,1435642.667,29447,3,AZ,1,100,0.120
14.090333,1435681.333,29447,3,AZ,1,100,0.158
14.129000,1435720.000,29447,3,AZ,1,100,0.184
14.163333,1435754.333,29466,3,AZ,1,100,0.232
14.197667,1435788.667,29466,3,AZ,1,100,0.255
14.232000,1435823.000,29466,3,AZ,1,100,0.232
14.271000,1435862.000,29483,2,AZ,1,100,0.191
14.310000,1435901.000,29483,2,AZ,1,100,0.168
14.349000,1435940.000,29499,3,AZ,1,100,0.162
14.388000,1435979.000,29499,3,AZ,1,100,0.190
14.427000,1436018.000,29499,3,AZ,1,100,0.200
14.466000,1436057.000,29517,3,AZ,1,100,0.198
14.505000,1436096.000,29517,3,AZ,1,100,0.192
14.544000,1436135.000,29517,3,AZ,1,100,0.178
14.583000,1436174.000,29532,2,AZ,1,100,0.165
14.622000,1436213.000,29532,2,AZ,1,100,0.222
14.661000,1436252.000,29549,3,AZ,1,100,0.178
14.700000,1436291.000,29549,3,AZ,1,100,0.129
14.739000,1436330.000,29549,3,AZ,1,100,0.066
14.777000,1436368.000,29568,2,AZ,1,100,0.004
14.815000,1436406.000,29568,2,AZ,1,100,-0.041
14.854000,1436445.000,29585,3,AZ,1,100,-0.070
14.893000,1436484.000,29585,3,AZ,1,100,-0.046
14.932000,1436523.000,29585,3,AZ,1,100,-0.066
14.971000,1436562.000,29600,3,AZ,1,100,-0.059
15.010000,1436601.000,29600,3,AZ,1,100,-0.025
15.049000,1436640.000,29600,3,AZ,1,100,-0.081
15.088000,1436679.000,29618,2,AZ,1,100,-0.071
15.127000,1436718.000,29618,2,AZ,1,100,-0.151
15.166000,1436757.000,29636,3,AZ,1,100,-0.152
15.205000,1436796.000,29636,3,AZ,1,100,-0.215
15.244000,1436835.000,29636,3,AZ,1,100,-0.269
15.283000,1436874.000,29653,2,AZ,1,100,-0.264
15.322000,1436913.000,29653,2,AZ,1,100,-0.307
15.360333,1436951.333,29670,3,AZ,1,100,-0.287
15.398667,1436989.667,29670,3,AZ,1,100,-0.204
15.437000,1437028.000,29670,3,AZ,1,100,-0.168
15.476000,1437067.000,29686,3,AZ,1,100,-0.141
15.515000,1437106.000,29686,3,AZ,1,100,-0.154
15.554000,1437145.000,29686,3,AZ,1,100,-0.181
15.592500,1437183.500,29704,2,AZ,1,100,-0.156
15.631000,1437222.000,29704,2,AZ,1,100,-0.144
15.669667,1437260.667,29721,3,AZ,1,100,-0.123
15.708333,1437299.333,29721,3,AZ,1,100,-0.123
15.747000,1437338.000,29721,3,AZ,1,100,-0.116
15.781667,1437372.667,29738,3,AZ,1,100,-0.112
15.816333,1437407.333,29738,3,AZ,1,100,-0.060
15.851000,1437442.000,29738,3,AZ,1,100,-0.050
15.890000,1437481.000,29754,2,AZ,1,100,-0.044
15.929000,1437520.000,29754,2,AZ,1,100,-0.021
15.968000,1437559.000,29770,3,AZ,1,100,-0.014
16.007000,1437598.000,29770,3,AZ,1,100,-0.029
16.046000,1437637.000,29770,3,AZ,1,100,-0.133
16.085000,1437676.000,29789,4,AZ,1,100,-0.034
16.124000,1437715.000,29789,4,AZ,1,100,-0.032
16.163000,1437754.000,29789,4,AZ,1,100,0.013
16.202000,1437793.000,29789,4,AZ,1,100,-0.041
16.241000,1437832.000,29807,2,AZ,1,100,0.009
16.280000,1437871.000,29807,2,AZ,1,100,-0.041
16.319667,1437910.667,29824,3,AZ,1,100,0.013
16.359333,1437950.333,29824,3,AZ,1,100,0.001
16.399000,1437990.000,29824,3,AZ,1,100,-0.044
16.438000,1438029.000,29841,3,AZ,1,100,0.003
16.477000,1438068.000,29841,3,AZ,1,100,-0.048
16.516000,1438107.000,29841,3,AZ,1,100,-0.089
16.555000,1438146.000,29858,2,AZ,1,100,-0.077
16.594000,1438185.000,29858,2,AZ,1,100,-0.115
16.633000,1438224.000,29873,3,AZ,1,100,-0.120
16.672000,1438263.000,29873,3,AZ,1,100,-0.122
16.711000,1438302.000,29873,3,AZ,1,100,-0.141
16.750000,1438341.000,29891,2,AZ,1,100,-0.161
16.789000,1438380.000,29891,2,AZ,1,100,-0.127
16.827667,1438418.667,29909,3,AZ,1,100,-0.120
16.866333,1438457.333,29909,3,AZ,1,100,-0.188
16.905000,1438496.000,29909,3,AZ,1,100,-0.230
16.944667,1438535.667,29926,3,AZ,1,100,-0.172
16.984333,1438575.333,29926,3,AZ,1,100,-0.162
17.024000,1438615.000,29926,3,AZ,1,100,-0.118
17.062500,1438653.500,29942,2,AZ,1,100,-0.081
17.101000,1438692.000,29942,2,AZ,1,100,-0.127
17.140000,1438731.000,29961,3,AZ,1,100,-0.091
17.179000,1438770.000,29961,3,AZ,1,100,-0.055
17.218000,1438809.000,29961,3,AZ,1,100,-0.015
17.257000,1438848.000,29977,2,AZ,1,100,0.048
17.296000,1438887.000,29977,2,AZ,1,100,0.089
17.335000,1438926.000,29995,3,AZ,1,100,0.157
17.374000,1438965.000,29995,3,AZ,1,100,0.160
17.413000,1439004.000,29995,3,AZ,1,100,0.180
17.452000,1439043.000,30011,2,AZ,1,100,0.177
17.491000,1439082.000,30011,2,AZ,1,100,0.170
17.525333,1439116.333,30027,3,AZ,1,100,0.117
17.559667,1439150.667,30027,3,AZ,1,100,0.151
17.594000,1439185.000,30027,3,AZ,1,100,0.162
17.632667,1439223.667,30044,3,AZ,1,100,0.199
17.671333,1439262.333,30044,3,AZ,1,100,0.250
17.710000,1439301.000,30044,3,AZ,1,100,0.266
17.749000,1439340.000,30061,3,AZ,1,100,0.275
17.788000,1439379.000,30061,3,AZ,1,100,0.306
17.827000,1439418.000,30061,3,AZ,1,100,0.339
17.866500,1439457.500,30079,2,AZ,1,100,0.371
17.906000,1439497.000,30079,2,AZ,1,100,0.390
17.945667,1439536.667,30095,3,AZ,1,100,0.422
17.985333,1439576.333,30095,3,AZ,1,100,0.439
18.025000,1439616.000,30095,3,AZ,1,100,0.464
18.064000,1439655.000,30114,2,AZ,1,100,0.463
18.103000,1439694.000,30114,2,AZ,1,100,0.465
18.142000,1439733.000,30131,3,AZ,1,100,0.448
18.181000,1439772.000,30131,3,AZ,1,100,0.474
18.220000,1439811.000,30131,3,AZ,1,100,0.394
18.258333,1439849.333,30147,3,AZ,1,100,0.303
18.296667,1439887.667,30147,3,AZ,1,100,0.258
18.335000,1439926.000,30147,3,AZ,1,100,0.230
18.374000,1439965.000,30165,2,AZ,1,100,0.276
18.413000,1440004.000,30165,2,AZ,1,100,0.345
18.451667,1440042.667,30180,3,AZ,1,100,0.404
18.490333,1440081.333,30180,3,AZ,1,100,0.407
18.529000,1440120.000,30180,3,AZ,1,100,0.425
18.569000,1440160.000,30197,2,AZ,1,100,0.439
18.609000,1440200.000,30197,2,AZ,1,100,0.433
18.648000,1440239.000,30214,3,AZ,1,100,0.412
18.687000,1440278.000,30214,3,AZ,1,100,0.404
18.726000,1440317.000,30214,3,AZ,1,100,0.530
18.765000,1440356.000,30231,2,AZ,1,100,0.557
18.804000,1440395.000,30231,2,AZ,1,100,0.411
18.843000,1440434.000,30246,3,AZ,1,100,0.398
18.882000,1440473.000,30246,3,AZ,1,100,0.384
18.921000,1440512.000,30246,3,AZ,1,100,0.328
18.960000,1440551.000,30264,3,AZ,1,100,0.282
18.999000,1440590.000,30264,3,AZ,1,100,0.298
19.038000,1440629.000,30264,3,AZ,1,100,0.266
19.077000,1440668.000,30282,2,AZ,1,100,0.270
19.116000,1440707.000,30282,2,AZ,1,100,0.307
19.156000,1440747.000,30299,3,AZ,1,100,0.301
19.196000,1440787.000,30299,3,AZ,1,100,0.323
19.236000,1440827.000,30299,3,AZ,1,100,0.376
19.270667,1440861.667,30315,3,AZ,1,100,0.449
19.305333,1440896.333,30315,3,AZ,1,100,0.365
19.340000,1440931.000,30315,3,AZ,1,100,0.272
19.379000,1440970.000,30332,2,AZ,1,100,0.287
19.418000,1441009.000,30332,2,AZ,1,100,0.358
19.457000,1441048.000,30350,3,AZ,1,100,0.388
19.496000,1441087.000,30350,3,AZ,1,100,0.399
19.535000,1441126.000,30350,3,AZ,1,100,0.377
19.574000,1441165.000,30367,2,AZ,1,100,0.388
19.613000,1441204.000,30367,2,AZ,1,100,0.365
19.651333,1441242.333,30384,3,AZ,1,100,0.413
19.689667,1441280.667,30384,3,AZ,1,100,0.421
19.728000,1441319.000,30384,3,AZ,1,100,0.442
19.767000,1441358.000,30400,3,AZ,1,100,0.394
19.806000,1441397.000,30400,3,AZ,1,100,0.340
19.845000,1441436.000,30400,3,AZ,1,100,0.414
19.883000,1441474.000,30416,2,AZ,1,100,0.437
19.921000,1441512.000,30416,2,AZ,1,100,0.329
19.960000,1441551.000,30434,3,AZ,1,100,0.323
19.999000,1441590.000,30434,3,AZ,1,100,0.297
20.038000,1441629.000,30434,3,AZ,1,100,0.233
20.077000,1441668.000,30452,2,AZ,1,100,0.157
20.116000,1441707.000,30452,2,AZ,1,100,0.158
20.156000,1441747.000,30469,3,AZ,1,100,0.166
20.196000,1441787.000,30469,3,AZ,1,100,0.228
20.236000,1441827.000,30469,3,AZ,1,100,0.275
20.275000,1441866.000,30485,3,AZ,1,100,0.300
20.314000,1441905.000,30485,3,AZ,1,100,0.328
20.353000,1441944.000,30485,3,AZ,1,100,0.428
20.392000,1441983.000,30502,2,AZ,1,100,0.532
20.431000,1442022.000,30502,2,AZ,1,100,0.568
20.469333,1442060.333,30520,3,AZ,1,100,0.486
20.507667,1442098.667,30520,3,AZ,1,100,0.465
20.546000,1442137.000,30520,3,AZ,1,100,0.296
20.585000,1442176.000,30538,2,AZ,1,100,0.207
20.624000,1442215.000,30538,2,AZ,1,100,0.192
20.663333,1442254.333,30553,3,AZ,1,100,0.345
20.702667,1442293.667,30553,3,AZ,1,100,0.398
20.742000,1442333.000,30553,3,AZ,1,100,0.438
20.782000,1442373.000,30570,3,AZ,1,100,0.481
20.822000,1442413.000,30570,3,AZ,1,100,0.475
20.862000,1442453.000,30570,3,AZ,1,100,0.465
20.901000,1442492.000,30586,2,AZ,1,100,0.458
20.940000,1442531.000,30586,2,AZ,1,100,0.454
20.974667,1442565.667,30606,3,AZ,1,100,0.471
21.009333,1442600.333,30606,3,AZ,1,100,0.523
21.044000,1442635.000,30606,3,AZ,1,100,0.627
21.083000,1442674.000,30621,3,AZ,1,100,0.455
21.122000,1442713.000,30621,3,AZ,1,100,0.338
21.161000,1442752.000,30621,3,AZ,1,100,0.365
21.201000,1442792.000,30638,2,AZ,1,100,0.364
21.241000,1442832.000,30638,2,AZ,1,100,0.240
21.279333,1442870.333,30655,3,AZ,1,100,0.174
21.317667,1442908.667,30655,3,AZ,1,100,0.187
21.356000,1442947.000,30655,3,AZ,1,100,0.217
21.395000,1442986.000,30672,2,AZ,1,100,0.307
21.434000,1443025.000,30672,2,AZ,1,100,0.291
21.473000,1443064.000,30688,3,AZ,1,100,0.332
21.512000,1443103.000,30688,3,AZ,1,100,0.374
21.551000,1443142.000,30688,3,AZ,1,100,0.406
21.590000,1443181.000,30705,3,AZ,1,100,0.393
21.629000,1443220.000,30705,3,AZ,1,100,0.396
21.668000,1443259.000,30705,3,AZ,1,100,0.318
21.707000,1443298.000,30723,2,AZ,1,100,0.126
21.746000,1443337.000,30723,2,AZ,1,100,0.100
21.785000,1443376.000,30740,3,AZ,1,100,0.075
21.824000,1443415.000,30740,3,AZ,1,100,0.120
21.863000,1443454.000,30740,3,AZ,1,100,0.199
21.901000,1443492.000,30757,2,AZ,1,100,0.264
21.939000,1443530.000,30757,2,AZ,1,100,0.263
21.978000,1443569.000,30775,3,AZ,1,100,0.185
22.017000,1443608.000,30775,3,AZ,1,100,0.196
22.056000,1443647.000,30775,3,AZ,1,100,0.190
22.095000,1443686.000,30793,3,AZ,1,100,0.211
22.134000,1443725.000,30793,3,AZ,1,100,0.276
22.173000,1443764.000,30793,3,AZ,1,100,0.201
22.212000,1443803.000,30810,2,AZ,1,100,0.102
22.251000,1443842.000,30810,2,AZ,1,100,0.132
22.290000,1443881.000,30827,3,AZ,1,100,0.205
22.329000,1443920.000,30827,3,AZ,1,100,0.174
22.368000,1443959.000,30827,3,AZ,1,100,0.146
22.407000,1443998.000,30844,2,AZ,1,100,0.098
22.446000,1444037.000,30844,2,AZ,1,100,0.145
22.484333,1444075.333,30859,3,AZ,1,100,0.193
22.522667,1444113.667,30859,3,AZ,1,100,0.286
22.561000,1444152.000,30859,3,AZ,1,100,0.285
22.600000,1444191.000,30877,3,AZ,1,100,0.207
22.639000,1444230.000,30877,3,AZ,1,100,0.131
22.678000,1444269.000,30877,3,AZ,1,100,0.167
22.710000,1444301.000,30893,2,AZ,1,100,0.222
22.742000,1444333.000,30893,2,AZ,1,100,0.123
22.782000,1444373.000,30910,3,AZ,1,100,-0.056
22.822000,1444413.000,30910,3,AZ,1,100,-0.027
22.862000,1444453.000,30910,3,AZ,1,100,-0.011
22.901000,1444492.000,30926,3,AZ,1,100,-0.069
22.940000,1444531.000,30926,3,AZ,1,100,-0.092
22.979000,1444570.000,30926,3,AZ,1,100,-0.114
23.018000,1444609.000,30945,2,AZ,1,100,-0.149
23.057000,1444648.000,30945,2,AZ,1,100,-0.140
23.096000,1444687.000,30963,3,AZ,1,100,-0.133
23.135000,1444726.000,30963,3,AZ,1,100,-0.118
23.174000,1444765.000,30963,3,AZ,1,100,-0.065
23.213000,1444804.000,30981,2,AZ,1,100,-0.044
23.252000,1444843.000,30981,2,AZ,1,100,-0.036
23.290333,1444881.333,30997,3,AZ,1,100,-0.005
23.328667,1444919.667,30997,3,AZ,1,100,-0.063
23.367000,1444958.000,30997,3,AZ,1,100,-0.058
23.407000,1444998.000,31013,3,AZ,1,100,-0.054
23.447000,1445038.000,31013,3,AZ,1,100,0.014
23.487000,1445078.000,31013,3,AZ,1,100,0.034
23.526000,1445117.000,31030,2,AZ,1,100,-0.039
23.565000,1445156.000,31030,2,AZ,1,100,-0.048
23.604000,1445195.000,31047,3,AZ,1,100,-0.008
23.643000,1445234.000,31047,3,AZ,1,100,0.006
23.682000,1445273.000,31047,3,AZ,1,100,0.006
23.721000,1445312.000,31063,2,AZ,1,100,-0.004
23.760000,1445351.000,31063,2,AZ,1,100,0.016
23.799000,1445390.000,31080,3,AZ,1,100,0.020
23.838000,1445429.000,31080,3,AZ,1,100,0.066
23.877000,1445468.000,31080,3,AZ,1,100,0.074
23.916000,1445507.000,31098,3,AZ,1,100,0.022
23.955000,1445546.000,31098,3,AZ,1,100,0.039
23.994000,1445585.000,31098,3,AZ,1,100,0.068
24.034000,1445625.000,31115,2,AZ,1,100,0.060
24.074000,1445665.000,31115,2,AZ,1,100,0.071
24.112333,1445703.333,31131,3,AZ,1,100,0.075
24.150667,1445741.667,31131,3,AZ,1,100,0.064
24.189000,1445780.000,31131,3,AZ,1,100,0.081
24.228000,1445819.000,31149,2,AZ,1,100,0.004
24.267000,1445858.000,31149,2,AZ,1,100,-0.006
24.306000,1445897.000,31164,3,AZ,1,100,0.021
24.345000,1445936.000,31164,3,AZ,1,100,-0.007
24.384000,1445975.000,31164,3,AZ,1,100,-0.083
24.418667,1446009.667,31181,3,AZ,1,100,-0.077
24.453333,1446044.333,31181,3,AZ,1,100,-0.065
24.488000,1446079.000,31181,3,AZ,1,100,-0.089
24.527000,1446118.000,31198,3,AZ,1,100,-0.104
24.566000,1446157.000,31198,3,AZ,1,100,-0.117
24.605000,1446196.000,31198,3,AZ,1,100,-0.117
24.644000,1446235.000,31215,2,AZ,1,100,-0.081
24.683000,1446274.000,31215,2,AZ,1,100,-0.088
24.721333,1446312.333,31231,3,AZ,1,100,-0.056
24.759667,1446350.667,31231,3,AZ,1,100,-0.073
24.798000,1446389.000,31231,3,AZ,1,100,-0.016
24.837000,1446428.000,31248,2,AZ,1,100,0.040
24.876000,1446467.000,31248,2,AZ,1,100,0.050
24.915000,1446506.000,31266,3,AZ,1,100,0.072
24.954000,1446545.000,31266,3,AZ,1,100,0.071
24.993000,1446584.000,31266,3,AZ,1,100,0.080
25.033000,1446624.000,31283,3,AZ,1,100,0.063
25.073000,1446664.000,31283,3,AZ,1,100,0.026
25.113000,1446704.000,31283,3,AZ,1,100,0.021
25.152000,1446743.000,31300,2,AZ,1,100,0.081
25.191000,1446782.000,31300,2,AZ,1,100,0.076
25.230000,1446821.000,31316,3,AZ,1,100,0.082
25.269000,1446860.000,31316,3,AZ,1,100,0.029
25.308000,1446899.000,31316,3,AZ,1,100,-0.033
25.346500,1446937.500,31334,2,AZ,1,100,-0.040
25.385000,1446976.000,31334,2,AZ,1,100,-0.018
25.423667,1447014.667,31351,3,AZ,1,100,0.014
25.462333,1447053.333,31351,3,AZ,1,100,0.015
25.501000,1447092.000,31351,3,AZ,1,100,0.104
25.540000,1447131.000,31368,3,AZ,1,100,0.188
25.579000,1447170.000,31368,3,AZ,1,100,0.158
25.618000,1447209.000,31368,3,AZ,1,100,0.092
25.658000,1447249.000,31385,2,AZ,1,100,0.054
25.698000,1447289.000,31385,2,AZ,1,100,0.059
25.737333,1447328.333,31400,3,AZ,1,100,0.105
25.776667,1447367.667,31400,3,AZ,1,100,0.116
25.816000,1447407.000,31400,3,AZ,1,100,0.138
25.855000,1447446.000,31418,2,AZ,1,100,0.156
25.894000,1447485.000,31418,2,AZ,1,100,0.198
25.933000,1447524.000,31436,3,AZ,1,100,0.178
25.972000,1447563.000,31436,3,AZ,1,100,0.070
26.011000,1447602.000,31436,3,AZ,1,100,-0.031
26.050000,1447641.000,31453,3,AZ,1,100,0.008
26.089000,1447680.000,31453,3,AZ,1,100,0.071
26.128000,1447719.000,31453,3,AZ,1,100,0.110
26.159500,1447750.500,31469,2,AZ,1,100,0.169
26.191000,1447782.000,31469,2,AZ,1,100,0.198
26.230000,1447821.000,31486,3,AZ,1,100,0.214
26.269000,1447860.000,31486,3,AZ,1,100,0.258
26.308000,1447899.000,31486,3,AZ,1,100,0.271
26.347000,1447938.000,31502,3,AZ,1,100,0.252
26.386000,1447977.000,31502,3,AZ,1,100,0.232
26.425000,1448016.000,31502,3,AZ,1,100,0.198
26.464000,1448055.000,31520,2,AZ,1,100,0.172
26.503000,1448094.000,31520,2,AZ,1,100,0.137
26.542000,1448133.000,31536,3,AZ,1,100,0.127
26.581000,1448172.000,31536,3,AZ,1,100,0.110
26.620000,1448211.000,31536,3,AZ,1,100,0.112
26.659000,1448250.000,31552,2,AZ,1,100,0.121
26.698000,1448289.000,31552,2,AZ,1,100,0.181
26.736333,1448327.333,31569,3,AZ,1,100,0.172
26.774667,1448365.667,31569,3,AZ,1,100,0.101
26.813000,1448404.000,31569,3,AZ,1,100,0.027
26.852000,1448443.000,31588,3,AZ,1,100,0.023
26.891000,1448482.000,31588,3,AZ,1,100,0.030
26.930000,1448521.000,31588,3,AZ,1,100,0.103
26.968500,1448559.500,31606,2,AZ,1,100,0.165
27.007000,1448598.000,31606,2,AZ,1,100,0.218
27.045667,1448636.667,31622,3,AZ,1,100,0.294
27.084333,1448675.333,31622,3,AZ,1,100,0.328
27.123000,1448714.000,31622,3,AZ,1,100,0.249
27.162000,1448753.000,31639,2,AZ,1,100,0.217
27.201000,1448792.000,31639,2,AZ,1,100,0.191
27.241000,1448832.000,31656,3,AZ,1,100,0.185
27.281000,1448872.000,31656,3,AZ,1,100,0.224
27.321000,1448912.000,31656,3,AZ,1,100,0.228
27.360333,1448951.333,31672,3,AZ,1,100,0.247
27.399667,1448990.667,31672,3,AZ,1,100,0.220
27.439000,1449030.000,31672,3,AZ,1,100,0.203
27.478000,1449069.000,31690,2,AZ,1,100,0.231
27.517000,1449108.000,31690,2,AZ,1,100,0.178
27.555667,1449146.667,31705,3,AZ,1,100,0.147
27.594333,1449185.333,31705,3,AZ,1,100,0.137
27.633000,1449224.000,31705,3,AZ,1,100,0.133
27.672000,1449263.000,31722,2,AZ,1,100,0.168
27.711000,1449302.000,31722,2,AZ,1,100,0.130
27.750000,1449341.000,31739,3,AZ,1,100,0.126
27.789000,1449380.000,31739,3,AZ,1,100,0.089
27.828000,1449419.000,31739,3,AZ,1,100,0.093
27.863333,1449454.333,31758,3,AZ,1,100,0.105
27.898667,1449489.667,31758,3,AZ,1,100,0.109
27.934000,1449525.000,31758,3,AZ,1,100,0.103
27.973000,1449564.000,31773,2,AZ,1,100,0.132
28.012000,1449603.000,31773,2,AZ,1,100,0.161
28.051000,1449642.000,31791,3,AZ,1,100,0.186
28.090000,1449681.000,31791,3,AZ,1,100,0.203
28.129000,1449720.000,31791,3,AZ,1,100,0.206
28.167333,1449758.333,31807,3,AZ,1,100,0.194
28.205667,1449796.667,31807,3,AZ,1,100,0.213
28.244000,1449835.000,31807,3,AZ,1,100,0.126
28.284000,1449875.000,31824,2,AZ,1,100,0.013
28.324000,1449915.000,31824,2,AZ,1,100,-0.009
28.362333,1449953.333,31840,3,AZ,1,100,0.002
28.400667,1449991.667,31840,3,AZ,1,100,0.032
28.439000,1450030.000,31840,3,AZ,1,100,0.008
28.478000,1450069.000,31857,2,AZ,1,100,0.005
28.517000,1450108.000,31857,2,AZ,1,100,0.025
28.556000,1450147.000,31875,3,AZ,1,100,0.064
28.595000,1450186.000,31875,3,AZ,1,100,0.094
28.634000,1450225.000,31875,3,AZ,1,100,0.089
28.673000,1450264.000,31892,3,AZ,1,100,0.095
28.712000,1450303.000,31892,3,AZ,1,100,0.081
28.751000,1450342.000,31892,3,AZ,1,100,0.045
28.790000,1450381.000,31911,2,AZ,1,100,0.037
28.829000,1450420.000,31911,2,AZ,1,100,0.021
28.868000,1450459.000,31927,3,AZ,1,100,0.026
28.907000,1450498.000,31927,3,AZ,1,100,0.055
28.946000,1450537.000,31927,3,AZ,1,100,0.100
28.984500,1450575.500,31943,2,AZ,1,100,0.110
29.023000,1450614.000,31943,2,AZ,1,100,0.116
29.061667,1450652.667,31961,3,AZ,1,100,0.162
29.100333,1450691.333,31961,3,AZ,1,100,0.140
29.139000,1450730.000,31961,3,AZ,1,100,0.115
29.178000,1450769.000,31977,3,AZ,1,100,0.012
29.217000,1450808.000,31977,3,AZ,1,100,0.033
29.256000,1450847.000,31977,3,AZ,1,100,0.067
29.295000,1450886.000,31994,2,AZ,1,100,0.094
29.334000,1450925.000,31994,2,AZ,1,100,0.085
29.373000,1450964.000,32012,3,AZ,1,100,0.090
29.412000,1451003.000,32012,3,AZ,1,100,0.078
29.451000,1451042.000,32012,3,AZ,1,100,0.133
29.490000,1451081.000,32029,2,AZ,1,100,0.170
29.529000,1451120.000,32029,2,AZ,1,100,0.161
29.567333,1451158.333,32045,3,AZ,1,100,0.141
29.605667,1451196.667,32045,3,AZ,1,100,0.059
29.644000,1451235.000,32045,3,AZ,1,100,0.159
29.678667,1451269.667,32063,3,AZ,1,100,0.188
29.713333,1451304.333,32063,3,AZ,1,100,0.166
29.748000,1451339.000,32063,3,AZ,1,100,0.236
29.786333,1451377.333,32080,3,AZ,1,100,0.308
29.824667,1451415.667,32080,3,AZ,1,100,0.228
29.863000,1451454.000,32080,3,AZ,1,100,0.271
29.903000,1451494.000,32097,2,AZ,1,100,0.258
29.943000,1451534.000,32097,2,AZ,1,100,0.259
29.982333,1451573.333,32113,3,AZ,1,100,0.273
30.021667,1451612.667,32113,3,AZ,1,100,0.249
30.061000,1451652.000,32113,3,AZ,1,100,0.277
30.100000,1451691.000,32131,2,AZ,1,100,0.296
30.139000,1451730.000,32131,2,AZ,1,100,0.267
30.178000,1451769.000,32147,3,AZ,1,100,0.273
30.217000,1451808.000,32147,3,AZ,1,100,0.254
30.256000,1451847.000,32147,3,AZ,1,100,0.261
30.295000,1451886.000,32163,2,AZ,1,100,0.231
30.334000,1451925.000,32163,2,AZ,1,100,0.236
30.372667,1451963.667,32180,3,AZ,1,100,0.243
30.411333,1452002.333,32180,3,AZ,1,100,0.238
30.450000,1452041.000,32180,3,AZ,1,100,0.225
30.490000,1452081.000,32197,3,AZ,1,100,0.221
30.530000,1452121.000,32197,3,AZ,1,100,0.213
30.570000,1452161.000,32197,3,AZ,1,100,0.189
30.609500,1452200.500,32213,2,AZ,1,100,0.181
30.649000,1452240.000,32213,2,AZ,1,100,0.208
30.688000,1452279.000,32230,3,AZ,1,100,0.181
30.727000,1452318.000,32230,3,AZ,1,100,0.226
30.766000,1452357.000,32230,3,AZ,1,100,0.301
30.805000,1452396.000,32248,2,AZ,1,100,0.289
30.844000,1452435.000,32248,2,AZ,1,100,0.175
30.883000,1452474.000,32265,3,AZ,1,100,0.227
30.922000,1452513.000,32265,3,AZ,1,100,0.225
30.961000,1452552.000,32265,3,AZ,1,100,0.173
30.999333,1452590.333,32284,3,AZ,1,100,0.156
31.037667,1452628.667,32284,3,AZ,1,100,0.201
31.076000,1452667.000,32284,3,AZ,1,100,0.178
31.116000,1452707.000,32301,2,AZ,1,100,0.201
31.156000,1452747.000,32301,2,AZ,1,100,0.227
31.194333,1452785.333,32316,3,AZ,1,100,0.233
31.232667,1452823.667,32316,3,AZ,1,100,0.232
31.271000,1452862.000,32316,3,AZ,1,100,0.209
31.305667,1452896.667,32334,3,AZ,1,100,0.227
31.340333,1452931.333,32334,3,AZ,1,100,0.216
31.375000,1452966.000,32334,3,AZ,1,100,0.189
31.414000,1453005.000,32350,2,AZ,1,100,0.156
31.453000,1453044.000,32350,2,AZ,1,100,0.152
31.492667,1453083.667,32367,3,AZ,1,100,0.103
31.532333,1453123.333,32367,3,AZ,1,100,0.130
31.572000,1453163.000,32367,3,AZ,1,100,0.202
31.611500,1453202.500,32382,2,AZ,1,100,0.222
31.651000,1453242.000,32382,2,AZ,1,100,0.215
31.690000,1453281.000,32402,3,AZ,1,100,0.187
31.729000,1453320.000,32402,3,AZ,1,100,0.185
31.768000,1453359.000,32402,3,AZ,1,100,0.154
31.806667,1453397.667,32418,3,AZ,1,100,0.136
31.845333,1453436.333,32418,3,AZ,1,100,0.154
31.884000,1453475.000,32418,3,AZ,1,100,0.226
31.922500,1453513.500,32435,2,AZ,1,100,0.193
31.961000,1453552.000,32435,2,AZ,1,100,0.193
32.000000,1453591.000,32452,3,AZ,1,100,0.222
32.039000,1453630.000,32452,3,AZ,1,100,0.252
32.078000,1453669.000,32452,3,AZ,1,100,0.327
32.118000,1453709.000,32468,2,AZ,1,100,0.364
32.158000,1453749.000,32468,2,AZ,1,100,0.379
32.197667,1453788.667,32484,3,AZ,1,100,0.360
32.237333,1453828.333,32484,3,AZ,1,100,0.321
32.277000,1453868.000,32484,3,AZ,1,100,0.363
32.316000,1453907.000,32502,2,AZ,1,100,0.400
32.355000,1453946.000,32502,2,AZ,1,100,0.402
32.394000,1453985.000,32520,3,AZ,1,100,0.393
32.433000,1454024.000,32520,3,AZ,1,100,0.446
32.472000,1454063.000,32520,3,AZ,1,100,0.456
32.510667,1454101.667,32536,3,AZ,1,100,0.458
32.549333,1454140.333,32536,3,AZ,1,100,0.487
32.588000,1454179.000,32536,3,AZ,1,100,0.518
32.626500,1454217.500,32553,2,AZ,1,100,0.540
32.665000,1454256.000,32553,2,AZ,1,100,0.519
32.704333,1454295.333,32572,3,AZ,1,100,0.514
32.743667,1454334.667,32572,3,AZ,1,100,0.556
32.783000,1454374.000,32572,3,AZ,1,100,0.573
32.822500,1454413.500,32588,2,AZ,1,100,0.584
32.862000,1454453.000,32588,2,AZ,1,100,0.546
32.901000,1454492.000,32605,3,AZ,1,100,0.552
32.940000,1454531.000,32605,3,AZ,1,100,0.497
32.979000,1454570.000,32605,3,AZ,1,100,0.400
33.013667,1454604.667,32621,3,AZ,1,100,0.387
33.048333,1454639.333,32621,3,AZ,1,100,0.317
33.083000,1454674.000,32621,3,AZ,1,100,0.249
33.122000,1454713.000,32638,3,AZ,1,100,0.385
33.161000,1454752.000,32638,3,AZ,1,100,0.440
33.200000,1454791.000,32638,3,AZ,1,100,0.447
33.238500,1454829.500,32656,4,AZ,1,100,0.469
33.277000,1454868.000,32656,4,AZ,1,100,0.507
33.315500,1454906.500,32656,4,AZ,1,100,0.518
33.354000,1454945.000,32656,4,AZ,1,100,0.576
33.393000,1454984.000,32672,3,AZ,1,100,0.660
33.432000,1455023.000,32672,3,AZ,1,100,0.692
33.471000,1455062.000,32672,3,AZ,1,100,0.767
33.510000,1455101.000,32689,2,AZ,1,100,0.852
33.549000,1455140.000,32689,2,AZ,1,100,0.851
33.588000,1455179.000,32706,3,AZ,1,100,0.906
33.627000,1455218.000,32706,3,AZ,1,100,0.830
33.666000,1455257.000,32706,3,AZ,1,100,0.708
33.705000,1455296.000,32725,3,AZ,1,100,0.745
33.744000,1455335.000,32725,3,AZ,1,100,0.685
33.783000,1455374.000,32725,3,AZ,1,100,0.770
33.822000,1455413.000,32742,2,AZ,1,100,0.656
33.861000,1455452.000,32742,2,AZ,1,100,0.701
33.899333,1455490.333,32760,3,AZ,1,100,0.652
33.937667,1455528.667,32760,3,AZ,1,100,0.675
33.976000,1455567.000,32760,3,AZ,1,100,0.679
34.015000,1455606.000,32776,2,AZ,1,100,0.502
34.054000,1455645.000,32776,2,AZ,1,100,0.574
34.092667,1455683.667,32793,3,AZ,1,100,0.595
34.131333,1455722.333,32793,3,AZ,1,100,0.489
34.170000,1455761.000,32793,3,AZ,1,100,0.461
34.209000,1455800.000,32808,3,AZ,1,100,0.309
34.248000,1455839.000,32808,3,AZ,1,100,0.354
34.287000,1455878.000,32808,3,AZ,1,100,0.423
34.326500,1455917.500,32826,2,AZ,1,100,0.390
34.366000,1455957.000,32826,2,AZ,1,100,0.385
34.405667,1455996.667,32842,3,AZ,1,100,0.349
34.445333,1456036.333,32842,3,AZ,1,100,0.371
34.485000,1456076.000,32842,3,AZ,1,100,0.390
34.524000,1456115.000,32859,2,AZ,1,100,0.461
34.563000,1456154.000,32859,2,AZ,1,100,0.438
34.602000,1456193.000,32876,3,AZ,1,100,0.416
34.641000,1456232.000,32876,3,AZ,1,100,0.429
34.680000,1456271.000,32876,3,AZ,1,100,0.425
34.718000,1456309.000,32894,2,AZ,1,100,0.394
34.756000,1456347.000,32894,2,AZ,1,100,0.439
34.791000,1456382.000,32910,3,AZ,1,100,0.588
34.826000,1456417.000,32910,3,AZ,1,100,0.491
34.861000,1456452.000,32910,3,AZ,1,100,0.478
34.900000,1456491.000,32928,3,AZ,1,100,0.555
34.939000,1456530.000,32928,3,AZ,1,100,0.365
34.978000,1456569.000,32928,3,AZ,1,100,0.284
35.017000,1456608.000,32944,3,AZ,1,100,0.188
35.056000,1456647.000,32944,3,AZ,1,100,0.161
35.095000,1456686.000,32944,3,AZ,1,100,0.174
35.134000,1456725.000,32960,2,AZ,1,100,0.218
35.173000,1456764.000,32960,2,AZ,1,100,0.218
35.212000,1456803.000,32977,3,AZ,1,100,0.223
35.251000,1456842.000,32977,3,AZ,1,100,0.260
35.290000,1456881.000,32977,3,AZ,1,100,0.274
35.329000,1456920.000,32994,2,AZ,1,100,0.308
35.368000,1456959.000,32994,2,AZ,1,100,0.305
35.407000,1456998.000,33010,3,AZ,1,100,0.363
35.446000,1457037.000,33010,3,AZ,1,100,0.245
35.485000,1457076.000,33010,3,AZ,1,100,0.164
35.523333,1457114.333,33028,3,AZ,1,100,0.099
35.561667,1457152.667,33028,3,AZ,1,100,0.044
35.600000,1457191.000,33028,3,AZ,1,100,0.062
35.639000,1457230.000,33045,2,AZ,1,100,0.149
35.678000,1457269.000,33045,2,AZ,1,100,0.233
35.717000,1457308.000,33062,3,AZ,1,100,0.281
35.756000,1457347.000,33062,3,AZ,1,100,0.343
35.795000,1457386.000,33062,3,AZ,1,100,0.348
35.834000,1457425.000,33078,3,AZ,1,100,0.332
35.873000,1457464.000,33078,3,AZ,1,100,0.316
35.912000,1457503.000,33078,3,AZ,1,100,0.308
35.951000,1457542.000,33096,2,AZ,1,100,0.327
35.990000,1457581.000,33096,2,AZ,1,100,0.374
36.028667,1457619.667,33112,3,AZ,1,100,0.397
36.067333,1457658.333,33112,3,AZ,1,100,0.435
36.106000,1457697.000,33112,3,AZ,1,100,0.438
36.144500,1457735.500,33128,2,AZ,1,100,0.340
36.183000,1457774.000,33128,2,AZ,1,100,0.259
36.222000,1457813.000,33145,3,AZ,1,100,0.217
36.261000,1457852.000,33145,3,AZ,1,100,0.236
36.300000,1457891.000,33145,3,AZ,1,100,0.257
36.339000,1457930.000,33162,3,AZ,1,100,0.233
36.378000,1457969.000,33162,3,AZ,1,100,0.223
36.417000,1458008.000,33162,3,AZ,1,100,0.264
36.456000,1458047.000,33178,2,AZ,1,100,0.388
36.495000,1458086.000,33178,2,AZ,1,100,0.385
36.529333,1458120.333,33195,3,AZ,1,100,0.404
36.563667,1458154.667,33195,3,AZ,1,100,0.427
36.598000,1458189.000,33195,3,AZ,1,100,0.429
36.637000,1458228.000,33215,3,AZ,1,100,0.480
36.676000,1458267.000,33215,3,AZ,1,100,0.451
36.715000,1458306.000,33215,3,AZ,1,100,0.440
36.753500,1458344.500,33232,2,AZ,1,100,0.451
36.792000,1458383.000,33232,2,AZ,1,100,0.465
36.831000,1458422.000,33249,3,AZ,1,100,0.545
36.870000,1458461.000,33249,3,AZ,1,100,0.454
36.909000,1458500.000,33249,3,AZ,1,100,0.366
36.948333,1458539.333,33266,3,AZ,1,100,0.339
36.987667,1458578.667,33266,3,AZ,1,100,0.355
37.027000,1458618.000,33266,3,AZ,1,100,0.366
37.067000,1458658.000,33281,2,AZ,1,100,0.375
37.107000,1458698.000,33281,2,AZ,1,100,0.437
37.146000,1458737.000,33299,3,AZ,1,100,0.446
37.185000,1458776.000,33299,3,AZ,1,100,0.456
37.224000,1458815.000,33299,3,AZ,1,100,0.364
37.263000,1458854.000,33315,2,AZ,1,100,0.302
37.302000,1458893.000,33315,2,AZ,1,100,0.299
37.341000,1458932.000,33332,3,AZ,1,100,0.352
37.380000,1458971.000,33332,3,AZ,1,100,0.476
37.419000,1459010.000,33332,3,AZ,1,100,0.490
37.458000,1459049.000,33347,2,AZ,1,100,0.418
37.497000,1459088.000,33347,2,AZ,1,100,0.398
37.535667,1459126.667,33367,3,AZ,1,100,0.414
37.574333,1459165.333,33367,3,AZ,1,100,0.420
37.613000,1459204.000,33367,3,AZ,1,100,0.451
37.652667,1459243.667,33383,3,AZ,1,100,0.528
37.692333,1459283.333,33383,3,AZ,1,100,0.503
37.732000,1459323.000,33383,3,AZ,1,100,0.467
37.771000,1459362.000,33400,3,AZ,1,100,0.447
37.810000,1459401.000,33400,3,AZ,1,100,0.378
37.849000,1459440.000,33400,3,AZ,1,100,0.375
37.888000,1459479.000,33417,2,AZ,1,100,0.410
37.927000,1459518.000,33417,2,AZ,1,100,0.396
37.966000,1459557.000,33433,3,AZ,1,100,0.359
38.005000,1459596.000,33433,3,AZ,1,100,0.366
38.044000,1459635.000,33433,3,AZ,1,100,0.360
38.083000,1459674.000,33451,2,AZ,1,100,0.382
38.122000,1459713.000,33451,2,AZ,1,100,0.350
38.160667,1459751.667,33469,3,AZ,1,100,0.341
38.199333,1459790.333,33469,3,AZ,1,100,0.346
38.238000,1459829.000,33469,3,AZ,1,100,0.376
38.272333,1459863.333,33485,3,AZ,1,100,0.374
38.306667,1459897.667,33485,3,AZ,1,100,0.346
38.341000,1459932.000,33485,3,AZ,1,100,0.360
38.379333,1459970.333,33502,3,AZ,1,100,0.350
38.417667,1460008.667,33502,3,AZ,1,100,0.353
38.456000,1460047.000,33502,3,AZ,1,100,0.347
38.495000,1460086.000,33518,2,AZ,1,100,0.368
38.534000,1460125.000,33518,2,AZ,1,100,0.349
38.573667,1460164.667,33537,3,AZ,1,100,0.363
38.613333,1460204.333,33537,3,AZ,1,100,0.365
38.653000,1460244.000,33537,3,AZ,1,100,0.316
38.693000,1460284.000,33553,2,AZ,1,100,0.373
38.733000,1460324.000,33553,2,AZ,1,100,0.365
38.772000,1460363.000,33571,3,AZ,1,100,0.351
38.811000,1460402.000,33571,3,AZ,1,100,0.357
38.850000,1460441.000,33571,3,AZ,1,100,0.343
38.889000,1460480.000,33586,2,AZ,1,100,0.372
38.928000,1460519.000,33586,2,AZ,1,100,0.374
38.966667,1460557.667,33603,3,AZ,1,100,0.362
39.005333,1460596.333,33603,3,AZ,1,100,0.348
39.044000,1460635.000,33603,3,AZ,1,100,0.360
39.083000,1460674.000,33619,3,AZ,1,100,0.361
39.122000,1460713.000,33619,3,AZ,1,100,0.374
39.161000,1460752.000,33619,3,AZ,1,100,0.359
39.200500,1460791.500,33637,2,AZ,1,100,0.368
39.240000,1460831.000,33637,2,AZ,1,100,0.368
39.279667,1460870.667,33653,3,AZ,1,100,0.382
39.319333,1460910.333,33653,3,AZ,1,100,0.373
39.359000,1460950.000,33653,3,AZ,1,100,0.370
39.398000,1460989.000,33669,2,AZ,1,100,0.371
39.437000,1461028.000,33669,2,AZ,1,100,0.375
39.476000,1461067.000,33686,3,AZ,1,100,0.367
39.515000,1461106.000,33686,3,AZ,1,100,0.369
39.554000,1461145.000,33686,3,AZ,1,100,0.368
39.592667,1461183.667,33705,3,AZ,1,100,0.349
39.631333,1461222.333,33705,3,AZ,1,100,0.364
39.670000,1461261.000,33705,3,AZ,1,100,0.362
