LocalTimestamp,EmotiBitTimestamp,PacketNumber,DataLength,TypeTag,ProtocolVersion,DataReliability,PI
0.092000,1421683.000,27131,6,PI,1,100,164772
0.092000,1421683.000,27131,6,PI,1,100,164780
0.092000,1421683.000,27131,6,PI,1,100,164805
0.092000,1421683.000,27131,6,PI,1,100,164812
0.092000,1421683.000,27131,6,PI,1,100,164807
0.092000,1421683.000,27131,6,PI,1,100,164794
0.131333,1421722.333,27149,3,PI,1,100,164815
0.170667,1421761.667,27149,3,PI,1,100,164786
0.210000,1421801.000,27149,3,PI,1,100,164821
0.249000,1421840.000,27164,2,PI,1,100,164820
0.288000,1421879.000,27164,2,PI,1,100,164818
0.327000,1421918.000,27181,3,PI,1,100,164817
0.366000,1421957.000,27181,3,PI,1,100,164830
0.405000,1421996.000,27181,3,PI,1,100,164836
0.444000,1422035.000,27198,3,PI,1,100,164822
0.483000,1422074.000,27198,3,PI,1,100,164831
0.522000,1422113.000,27198,3,PI,1,100,164846
0.560000,1422151.000,27217,2,PI,1,100,164830
0.598000,1422189.000,27217,2,PI,1,100,164856
0.637000,1422228.000,27233,3,PI,1,100,164849
0.676000,1422267.000,27233,3,PI,1,100,164844
0.715000,1422306.000,27233,3,PI,1,100,164845
0.754000,1422345.000,27251,4,PI,1,100,164854
0.793000,1422384.000,27251,4,PI,1,100,164860
0.832000,1422423.000,27251,4,PI,1,100,164853
0.871000,1422462.000,27251,4,PI,1,100,164882
0.910000,1422501.000,27267,2,PI,1,100,164883
0.949000,1422540.000,27267,2,PI,1,100,164861
0.988000,1422579.000,27283,3,PI,1,100,164868
1.027000,1422618.000,27283,3,PI,1,100,164862
1.066000,1422657.000,27283,3,PI,1,100,164867
1.104667,1422695.667,27300,3,PI,1,100,164862
1.143333,1422734.333,27300,3,PI,1,100,164880
1.182000,1422773.000,27300,3,PI,1,100,164867
1.220500,1422811.500,27317,2,PI,1,100,164862
1.259000,1422850.000,27317,2,PI,1,100,164879
1.298000,1422889.000,27333,3,PI,1,100,164888
1.337000,1422928.000,27333,3,PI,1,100,164876
1.376000,1422967.000,27333,3,PI,1,100,164866
1.421000,1423012.000,27350,2,PI,1,100,164884
1.466000,1423057.000,27350,2,PI,1,100,164884
1.505000,1423096.000,27368,3,PI,1,100,164876
1.544000,1423135.000,27368,3,PI,1,100,164878
1.583000,1423174.000,27368,3,PI,1,100,164865
1.623000,1423214.000,27385,2,PI,1,100,164867
1.663000,1423254.000,27385,2,PI,1,100,164900
1.702667,1423293.667,27402,3,PI,1,100,164898
1.742333,1423333.333,27402,3,PI,1,100,164890
1.782000,1423373.000,27402,3,PI,1,100,164902
1.821000,1423412.000,27419,2,PI,1,100,164897
1.860000,1423451.000,27419,2,PI,1,100,164887
1.898667,1423489.667,27434,3,PI,1,100,164903
1.937333,1423528.333,27434,3,PI,1,100,164912
1.976000,1423567.000,27434,3,PI,1,100,164914
2.014667,1423605.667,27451,3,PI,1,100,164915
2.053333,1423644.333,27451,3,PI,1,100,164912
2.092000,1423683.000,27451,3,PI,1,100,164918
2.132000,1423723.000,27468,2,PI,1,100,164904
2.172000,1423763.000,27468,2,PI,1,100,164903
2.211000,1423802.000,27485,3,PI,1,100,164913
2.250000,1423841.000,27485,3,PI,1,100,164910
2.289000,1423880.000,27485,3,PI,1,100,164940
2.328000,1423919.000,27500,2,PI,1,100,164923
2.367000,1423958.000,27500,2,PI,1,100,164927
2.406000,1423997.000,27518,3,PI,1,100,164934
2.445000,1424036.000,27518,3,PI,1,100,164933
2.484000,1424075.000,27518,3,PI,1,100,164956
2.522667,1424113.667,27536,3,PI,1,100,164941
2.561333,1424152.333,27536,3,PI,1,100,164955
2.600000,1424191.000,27536,3,PI,1,100,164967
2.638500,1424229.500,27553,2,PI,1,100,164943
2.677000,1424268.000,27553,2,PI,1,100,164951
2.717000,1424308.000,27570,3,PI,1,100,164947
2.757000,1424348.000,27570,3,PI,1,100,164942
2.797000,1424388.000,27570,3,PI,1,100,164944
2.842500,1424433.500,27586,2,PI,1,100,164964
2.888000,1424479.000,27586,2,PI,1,100,164969
2.927000,1424518.000,27602,3,PI,1,100,164962
2.966000,1424557.000,27602,3,PI,1,100,164981
3.005000,1424596.000,27602,3,PI,1,100,164962
3.044000,1424635.000,27620,2,PI,1,100,164967
3.083000,1424674.000,27620,2,PI,1,100,164983
3.122000,1424713.000,27636,3,PI,1,100,164982
3.161000,1424752.000,27636,3,PI,1,100,164980
3.200000,1424791.000,27636,3,PI,1,100,164976
3.239000,1424830.000,27652,2,PI,1,100,164996
3.278000,1424869.000,27652,2,PI,1,100,164967
3.316667,1424907.667,27668,3,PI,1,100,164974
3.355333,1424946.333,27668,3,PI,1,100,164975
3.394000,1424985.000,27668,3,PI,1,100,164978
3.432667,1425023.667,27688,3,PI,1,100,164975
3.471333,1425062.333,27688,3,PI,1,100,164983
3.510000,1425101.000,27688,3,PI,1,100,164989
3.549000,1425140.000,27704,2,PI,1,100,164983
3.588000,1425179.000,27704,2,PI,1,100,164982
3.627000,1425218.000,27721,3,PI,1,100,164997
3.666000,1425257.000,27721,3,PI,1,100,164998
3.705000,1425296.000,27721,3,PI,1,100,165013
3.744000,1425335.000,27737,2,PI,1,100,165014
3.783000,1425374.000,27737,2,PI,1,100,165009
3.822000,1425413.000,27754,3,PI,1,100,165019
3.861000,1425452.000,27754,3,PI,1,100,165009
3.900000,1425491.000,27754,3,PI,1,100,165003
3.938667,1425529.667,27770,3,PI,1,100,164985
3.977333,1425568.333,27770,3,PI,1,100,165007
4.016000,1425607.000,27770,3,PI,1,100,165008
4.054000,1425645.000,27788,2,PI,1,100,165012
4.092000,1425683.000,27788,2,PI,1,100,165017
4.131000,1425722.000,27803,3,PI,1,100,165016
4.170000,1425761.000,27803,3,PI,1,100,165009
4.209000,1425800.000,27803,3,PI,1,100,165007
4.255000,1425846.000,27820,2,PI,1,100,165019
4.301000,1425892.000,27820,2,PI,1,100,165033
4.341000,1425932.000,27837,3,PI,1,100,165025
4.381000,1425972.000,27837,3,PI,1,100,165036
4.421000,1426012.000,27837,3,PI,1,100,165031
4.460000,1426051.000,27856,2,PI,1,100,165037
4.499000,1426090.000,27856,2,PI,1,100,165020
4.538000,1426129.000,27872,3,PI,1,100,165019
4.577000,1426168.000,27872,3,PI,1,100,165037
4.616000,1426207.000,27872,3,PI,1,100,165025
4.655000,1426246.000,27889,2,PI,1,100,165045
4.694000,1426285.000,27889,2,PI,1,100,165031
4.733000,1426324.000,27905,3,PI,1,100,165030
4.772000,1426363.000,27905,3,PI,1,100,165039
4.811000,1426402.000,27905,3,PI,1,100,165036
4.849500,1426440.500,27922,2,PI,1,100,165057
4.888000,1426479.000,27922,2,PI,1,100,165051
4.928000,1426519.000,27938,3,PI,1,100,165049
4.968000,1426559.000,27938,3,PI,1,100,165050
5.008000,1426599.000,27938,3,PI,1,100,165055
5.047000,1426638.000,27955,3,PI,1,100,165050
5.086000,1426677.000,27955,3,PI,1,100,165032
5.125000,1426716.000,27955,3,PI,1,100,165043
5.164000,1426755.000,27971,2,PI,1,100,165044
5.203000,1426794.000,27971,2,PI,1,100,165028
5.242000,1426833.000,27988,3,PI,1,100,165047
5.281000,1426872.000,27988,3,PI,1,100,165063
5.320000,1426911.000,27988,3,PI,1,100,165048
5.359000,1426950.000,28005,2,PI,1,100,165038
5.398000,1426989.000,28005,2,PI,1,100,165048
5.436333,1427027.333,28024,3,PI,1,100,165064
5.474667,1427065.667,28024,3,PI,1,100,165055
5.513000,1427104.000,28024,3,PI,1,100,165058
5.552000,1427143.000,28039,3,PI,1,100,165052
5.591000,1427182.000,28039,3,PI,1,100,165055
5.630000,1427221.000,28039,3,PI,1,100,165047
5.675000,1427266.000,28057,2,PI,1,100,165059
5.720000,1427311.000,28057,2,PI,1,100,165052
5.759000,1427350.000,28073,2,PI,1,100,165049
5.798000,1427389.000,28073,2,PI,1,100,165062
5.837500,1427428.500,28091,4,PI,1,100,165066
5.877000,1427468.000,28091,4,PI,1,100,165076
5.916500,1427507.500,28091,4,PI,1,100,165052
5.956000,1427547.000,28091,4,PI,1,100,165052
5.995667,1427586.667,28108,3,PI,1,100,165065
6.035333,1427626.333,28108,3,PI,1,100,165056
6.075000,1427666.000,28108,3,PI,1,100,165065
6.114000,1427705.000,28125,3,PI,1,100,165060
6.153000,1427744.000,28125,3,PI,1,100,165066
6.192000,1427783.000,28125,3,PI,1,100,165076
6.230500,1427821.500,28140,2,PI,1,100,165071
6.269000,1427860.000,28140,2,PI,1,100,165060
6.307667,1427898.667,28158,3,PI,1,100,165062
6.346333,1427937.333,28158,3,PI,1,100,165058
6.385000,1427976.000,28158,3,PI,1,100,165058
6.424000,1428015.000,28176,2,PI,1,100,165043
6.463000,1428054.000,28176,2,PI,1,100,165047
6.503000,1428094.000,28193,3,PI,1,100,165046
6.543000,1428134.000,28193,3,PI,1,100,165059
6.583000,1428174.000,28193,3,PI,1,100,165058
6.622500,1428213.500,28209,2,PI,1,100,165060
6.662000,1428253.000,28209,2,PI,1,100,165062
6.701000,1428292.000,28226,3,PI,1,100,165069
6.740000,1428331.000,28226,3,PI,1,100,165057
6.779000,1428370.000,28226,3,PI,1,100,165043
6.817333,1428408.333,28242,3,PI,1,100,165060
6.855667,1428446.667,28242,3,PI,1,100,165056
6.894000,1428485.000,28242,3,PI,1,100,165051
6.932500,1428523.500,28260,2,PI,1,100,165040
6.971000,1428562.000,28260,2,PI,1,100,165057
7.010000,1428601.000,28276,3,PI,1,100,165044
7.049000,1428640.000,28276,3,PI,1,100,165044
7.088000,1428679.000,28276,3,PI,1,100,165048
7.134500,1428725.500,28292,2,PI,1,100,165050
7.181000,1428772.000,28292,2,PI,1,100,165039
7.220000,1428811.000,28308,3,PI,1,100,165041
7.259000,1428850.000,28308,3,PI,1,100,165055
7.298000,1428889.000,28308,3,PI,1,100,165064
7.337000,1428928.000,28328,2,PI,1,100,165060
7.376000,1428967.000,28328,2,PI,1,100,165056
7.415000,1429006.000,28344,3,PI,1,100,165076
7.454000,1429045.000,28344,3,PI,1,100,165048
7.493000,1429084.000,28344,3,PI,1,100,165050
7.532000,1429123.000,28360,2,PI,1,100,165064
7.571000,1429162.000,28360,2,PI,1,100,165057
7.609667,1429200.667,28377,3,PI,1,100,165063
7.648333,1429239.333,28377,3,PI,1,100,165053
7.687000,1429278.000,28377,3,PI,1,100,165071
7.725667,1429316.667,28394,3,PI,1,100,165059
7.764333,1429355.333,28394,3,PI,1,100,165059
7.803000,1429394.000,28394,3,PI,1,100,165065
7.842000,1429433.000,28410,2,PI,1,100,165066
7.881000,1429472.000,28410,2,PI,1,100,165063
7.920000,1429511.000,28428,3,PI,1,100,165068
7.959000,1429550.000,28428,3,PI,1,100,165071
7.998000,1429589.000,28428,3,PI,1,100,165091
8.037000,1429628.000,28443,3,PI,1,100,165074
8.076000,1429667.000,28443,3,PI,1,100,165084
8.115000,1429706.000,28443,3,PI,1,100,165060
8.154000,1429745.000,28460,2,PI,1,100,165064
8.193000,1429784.000,28460,2,PI,1,100,165066
8.231333,1429822.333,28477,3,PI,1,100,165068
8.269667,1429860.667,28477,3,PI,1,100,165089
8.308000,1429899.000,28477,3,PI,1,100,165092
8.347000,1429938.000,28496,2,PI,1,100,165081
8.386000,1429977.000,28496,2,PI,1,100,165089
8.425000,1430016.000,28511,3,PI,1,100,165086
8.464000,1430055.000,28511,3,PI,1,100,165105
8.503000,1430094.000,28511,3,PI,1,100,165094
8.548000,1430139.000,28529,2,PI,1,100,165116
8.593000,1430184.000,28529,2,PI,1,100,165111
8.632000,1430223.000,28545,3,PI,1,100,165108
8.671000,1430262.000,28545,3,PI,1,100,165103
8.710000,1430301.000,28545,3,PI,1,100,165095
8.750000,1430341.000,28562,2,PI,1,100,165103
8.790000,1430381.000,28562,2,PI,1,100,165100
8.829667,1430420.667,28578,3,PI,1,100,165111
8.869333,1430460.333,28578,3,PI,1,100,165122
8.909000,1430500.000,28578,3,PI,1,100,165111
8.948000,1430539.000,28595,2,PI,1,100,165125
8.987000,1430578.000,28595,2,PI,1,100,165119
9.025667,1430616.667,28611,3,PI,1,100,165108
9.064333,1430655.333,28611,3,PI,1,100,165100
9.103000,1430694.000,28611,3,PI,1,100,165114
9.142000,1430733.000,28628,3,PI,1,100,165113
9.181000,1430772.000,28628,3,PI,1,100,165106
9.220000,1430811.000,28628,3,PI,1,100,165104
9.259667,1430850.667,28645,3,PI,1,100,165101
9.299333,1430890.333,28645,3,PI,1,100,165095
9.339000,1430930.000,28645,3,PI,1,100,165086
9.378000,1430969.000,28664,2,PI,1,100,165099
9.417000,1431008.000,28664,2,PI,1,100,165097
9.456000,1431047.000,28679,3,PI,1,100,165090
9.495000,1431086.000,28679,3,PI,1,100,165108
9.534000,1431125.000,28679,3,PI,1,100,165109
9.573000,1431164.000,28697,2,PI,1,100,165110
9.612000,1431203.000,28697,2,PI,1,100,165107
9.650667,1431241.667,28713,3,PI,1,100,165119
9.689333,1431280.333,28713,3,PI,1,100,165116
9.728000,1431319.000,28713,3,PI,1,100,165121
9.767667,1431358.667,28730,3,PI,1,100,165115
9.807333,1431398.333,28730,3,PI,1,100,165119
9.847000,1431438.000,28730,3,PI,1,100,165095
9.886500,1431477.500,28746,2,PI,1,100,165122
9.926000,1431517.000,28746,2,PI,1,100,165094
9.971500,1431562.500,28763,2,PI,1,100,165108
10.017000,1431608.000,28763,2,PI,1,100,165123
10.056000,1431647.000,28779,3,PI,1,100,165103
10.095000,1431686.000,28779,3,PI,1,100,165111
10.134000,1431725.000,28779,3,PI,1,100,165117
10.173000,1431764.000,28797,3,PI,1,100,165112
10.212000,1431803.000,28797,3,PI,1,100,165118
10.251000,1431842.000,28797,3,PI,1,100,165127
10.290000,1431881.000,28815,2,PI,1,100,165131
10.329000,1431920.000,28815,2,PI,1,100,165121
10.368000,1431959.000,28831,3,PI,1,100,165138
10.407000,1431998.000,28831,3,PI,1,100,165139
10.446000,1432037.000,28831,3,PI,1,100,165107
10.484500,1432075.500,28847,2,PI,1,100,165107
10.523000,1432114.000,28847,2,PI,1,100,165119
10.561667,1432152.667,28865,3,PI,1,100,165145
10.600333,1432191.333,28865,3,PI,1,100,165133
10.639000,1432230.000,28865,3,PI,1,100,165136
10.677667,1432268.667,28881,3,PI,1,100,165149
10.716333,1432307.333,28881,3,PI,1,100,165149
10.755000,1432346.000,28881,3,PI,1,100,165144
10.795000,1432386.000,28897,2,PI,1,100,165137
10.835000,1432426.000,28897,2,PI,1,100,165160
10.874667,1432465.667,28914,3,PI,1,100,165186
10.914333,1432505.333,28914,3,PI,1,100,165196
10.954000,1432545.000,28914,3,PI,1,100,165188
10.993000,1432584.000,28932,4,PI,1,100,165167
11.032000,1432623.000,28932,4,PI,1,100,165210
11.071000,1432662.000,28932,4,PI,1,100,165197
11.110000,1432701.000,28932,4,PI,1,100,165214
11.148000,1432739.000,28948,2,PI,1,100,165241
11.186000,1432777.000,28948,2,PI,1,100,165234
11.225000,1432816.000,28968,3,PI,1,100,165225
11.264000,1432855.000,28968,3,PI,1,100,165196
11.303000,1432894.000,28968,3,PI,1,100,165178
11.349000,1432940.000,28984,2,PI,1,100,165154
11.395000,1432986.000,28984,2,PI,1,100,165131
11.435000,1433026.000,29000,3,PI,1,100,165102
11.475000,1433066.000,29000,3,PI,1,100,165073
11.515000,1433106.000,29000,3,PI,1,100,165053
11.554000,1433145.000,29017,2,PI,1,100,165070
11.593000,1433184.000,29017,2,PI,1,100,165027
11.632000,1433223.000,29034,3,PI,1,100,164930
11.671000,1433262.000,29034,3,PI,1,100,164920
11.710000,1433301.000,29034,3,PI,1,100,164932
11.749000,1433340.000,29050,2,PI,1,100,164913
11.788000,1433379.000,29050,2,PI,1,100,164929
11.827000,1433418.000,29068,3,PI,1,100,164902
11.866000,1433457.000,29068,3,PI,1,100,164862
11.905000,1433496.000,29068,3,PI,1,100,164821
11.943333,1433534.333,29083,3,PI,1,100,164813
11.981667,1433572.667,29083,3,PI,1,100,164795
12.020000,1433611.000,29083,3,PI,1,100,164754
12.060000,1433651.000,29100,2,PI,1,100,164798
12.100000,1433691.000,29100,2,PI,1,100,164856
12.139333,1433730.333,29117,3,PI,1,100,164869
12.178667,1433769.667,29117,3,PI,1,100,164867
12.218000,1433809.000,29117,3,PI,1,100,164817
12.257000,1433848.000,29136,2,PI,1,100,164771
12.296000,1433887.000,29136,2,PI,1,100,164728
12.335000,1433926.000,29151,3,PI,1,100,164734
12.374000,1433965.000,29151,3,PI,1,100,164708
12.413000,1434004.000,29151,3,PI,1,100,164750
12.452000,1434043.000,29168,2,PI,1,100,164824
12.491000,1434082.000,29168,2,PI,1,100,164870
12.529333,1434120.333,29187,3,PI,1,100,164929
12.567667,1434158.667,29187,3,PI,1,100,165014
12.606000,1434197.000,29187,3,PI,1,100,165047
12.645000,1434236.000,29204,3,PI,1,100,165126
12.684000,1434275.000,29204,3,PI,1,100,165165
12.723000,1434314.000,29204,3,PI,1,100,165182
12.768000,1434359.000,29220,2,PI,1,100,165219
12.813000,1434404.000,29220,2,PI,1,100,165266
12.852000,1434443.000,29237,3,PI,1,100,165326
12.891000,1434482.000,29237,3,PI,1,100,165318
12.930000,1434521.000,29237,3,PI,1,100,165292
12.969500,1434560.500,29253,2,PI,1,100,165265
13.009000,1434600.000,29253,2,PI,1,100,165229
13.049000,1434640.000,29270,3,PI,1,100,165182
13.089000,1434680.000,29270,3,PI,1,100,165189
13.129000,1434720.000,29270,3,PI,1,100,165203
13.168000,1434759.000,29287,2,PI,1,100,165188
13.207000,1434798.000,29287,2,PI,1,100,165206
13.246000,1434837.000,29305,3,PI,1,100,165220
13.285000,1434876.000,29305,3,PI,1,100,165203
13.324000,1434915.000,29305,3,PI,1,100,165182
13.362000,1434953.000,29321,2,PI,1,100,165190
13.400000,1434991.000,29321,2,PI,1,100,165317
13.438667,1435029.667,29339,3,PI,1,100,165378
13.477333,1435068.333,29339,3,PI,1,100,165381
13.516000,1435107.000,29339,3,PI,1,100,165376
13.555333,1435146.333,29355,3,PI,1,100,165368
13.594667,1435185.667,29355,3,PI,1,100,165392
13.634000,1435225.000,29355,3,PI,1,100,165360
13.674000,1435265.000,29372,2,PI,1,100,165350
13.714000,1435305.000,29372,2,PI,1,100,165365
13.753333,1435344.333,29390,3,PI,1,100,165379
13.792667,1435383.667,29390,3,PI,1,100,165395
13.832000,1435423.000,29390,3,PI,1,100,165386
13.871000,1435462.000,29407,2,PI,1,100,165395
13.910000,1435501.000,29407,2,PI,1,100,165396
13.948333,1435539.333,29423,3,PI,1,100,165392
13.986667,1435577.667,29423,3,PI,1,100,165396
14.025000,1435616.000,29423,3,PI,1,100,165382
14.063667,1435654.667,29440,3,PI,1,100,165345
14.102333,1435693.333,29440,3,PI,1,100,165317
14.141000,1435732.000,29440,3,PI,1,100,165314
14.186500,1435777.500,29458,2,PI,1,100,165301
14.232000,1435823.000,29458,2,PI,1,100,165261
14.271000,1435862.000,29475,2,PI,1,100,165281
14.310000,1435901.000,29475,2,PI,1,100,165314
14.349000,1435940.000,29491,3,PI,1,100,165352
14.388000,1435979.000,29491,3,PI,1,100,165384
14.427000,1436018.000,29491,3,PI,1,100,165400
14.466000,1436057.000,29509,3,PI,1,100,165410
14.505000,1436096.000,29509,3,PI,1,100,165400
14.544000,1436135.000,29509,3,PI,1,100,165426
14.583000,1436174.000,29525,2,PI,1,100,165448
14.622000,1436213.000,29525,2,PI,1,100,165465
14.661000,1436252.000,29541,3,PI,1,100,165458
14.700000,1436291.000,29541,3,PI,1,100,165394
14.739000,1436330.000,29541,3,PI,1,100,165386
14.777000,1436368.000,29560,2,PI,1,100,165430
14.815000,1436406.000,29560,2,PI,1,100,165443
14.854000,1436445.000,29577,3,PI,1,100,165370
14.893000,1436484.000,29577,3,PI,1,100,165301
14.932000,1436523.000,29577,3,PI,1,100,165212
14.971000,1436562.000,29593,3,PI,1,100,165153
15.010000,1436601.000,29593,3,PI,1,100,165124
15.049000,1436640.000,29593,3,PI,1,100,165082
15.088000,1436679.000,29610,2,PI,1,100,165078
15.127000,1436718.000,29610,2,PI,1,100,165087
15.166000,1436757.000,29628,3,PI,1,100,165142
15.205000,1436796.000,29628,3,PI,1,100,165187
15.244000,1436835.000,29628,3,PI,1,100,165261
15.283000,1436874.000,29645,2,PI,1,100,165371
15.322000,1436913.000,29645,2,PI,1,100,165428
15.360333,1436951.333,29662,3,PI,1,100,165506
15.398667,1436989.667,29662,3,PI,1,100,165558
15.437000,1437028.000,29662,3,PI,1,100,165532
15.476000,1437067.000,29679,3,PI,1,100,165589
15.515000,1437106.000,29679,3,PI,1,100,165606
15.554000,1437145.000,29679,3,PI,1,100,165589
15.598500,1437189.500,29696,2,PI,1,100,165590
15.643000,1437234.000,29696,2,PI,1,100,165601
15.681500,1437272.500,29713,2,PI,1,100,165564
15.720000,1437311.000,29713,2,PI,1,100,165497
15.759333,1437350.333,29730,3,PI,1,100,165420
15.798667,1437389.667,29730,3,PI,1,100,165398
15.838000,1437429.000,29730,3,PI,1,100,165359
15.877000,1437468.000,29747,3,PI,1,100,165334
15.916000,1437507.000,29747,3,PI,1,100,165295
15.955000,1437546.000,29747,3,PI,1,100,165286
15.994000,1437585.000,29762,2,PI,1,100,165306
16.033000,1437624.000,29762,2,PI,1,100,165309
16.072000,1437663.000,29781,4,PI,1,100,165379
16.111000,1437702.000,29781,4,PI,1,100,165405
16.150000,1437741.000,29781,4,PI,1,100,165314
16.189000,1437780.000,29781,4,PI,1,100,165306
16.228000,1437819.000,29799,3,PI,1,100,165243
16.267000,1437858.000,29799,3,PI,1,100,165186
16.306000,1437897.000,29799,3,PI,1,100,165142
16.346000,1437937.000,29816,2,PI,1,100,165170
16.386000,1437977.000,29816,2,PI,1,100,165122
16.425000,1438016.000,29833,3,PI,1,100,165140
16.464000,1438055.000,29833,3,PI,1,100,165182
16.503000,1438094.000,29833,3,PI,1,100,165201
16.542000,1438133.000,29850,3,PI,1,100,165268
16.581000,1438172.000,29850,3,PI,1,100,165308
16.620000,1438211.000,29850,3,PI,1,100,165309
16.659000,1438250.000,29866,2,PI,1,100,165319
16.698000,1438289.000,29866,2,PI,1,100,165354
16.736667,1438327.667,29883,3,PI,1,100,165321
16.775333,1438366.333,29883,3,PI,1,100,165258
16.814000,1438405.000,29883,3,PI,1,100,165168
16.852500,1438443.500,29901,2,PI,1,100,165070
16.891000,1438482.000,29901,2,PI,1,100,164948
16.935333,1438526.333,29918,3,PI,1,100,164868
16.979667,1438570.667,29918,3,PI,1,100,164739
17.024000,1438615.000,29918,3,PI,1,100,164601
17.062500,1438653.500,29935,2,PI,1,100,164499
17.101000,1438692.000,29935,2,PI,1,100,164412
17.140000,1438731.000,29953,3,PI,1,100,164324
17.179000,1438770.000,29953,3,PI,1,100,164255
17.218000,1438809.000,29953,3,PI,1,100,164169
17.257000,1438848.000,29969,2,PI,1,100,164095
17.296000,1438887.000,29969,2,PI,1,100,164012
17.335000,1438926.000,29987,3,PI,1,100,163983
17.374000,1438965.000,29987,3,PI,1,100,163973
17.413000,1439004.000,29987,3,PI,1,100,163967
17.452000,1439043.000,30003,2,PI,1,100,163956
17.491000,1439082.000,30003,2,PI,1,100,163992
17.529667,1439120.667,30020,3,PI,1,100,164046
17.568333,1439159.333,30020,3,PI,1,100,164127
17.607000,1439198.000,30020,3,PI,1,100,164190
17.645333,1439236.333,30036,3,PI,1,100,164245
17.683667,1439274.667,30036,3,PI,1,100,164310
17.722000,1439313.000,30036,3,PI,1,100,164300
17.761000,1439352.000,30053,2,PI,1,100,164222
17.800000,1439391.000,30053,2,PI,1,100,164196
17.839667,1439430.667,30071,3,PI,1,100,164188
17.879333,1439470.333,30071,3,PI,1,100,164212
17.919000,1439510.000,30071,3,PI,1,100,164246
17.959000,1439550.000,30088,2,PI,1,100,164284
17.999000,1439590.000,30088,2,PI,1,100,164294
18.038000,1439629.000,30106,3,PI,1,100,164304
18.077000,1439668.000,30106,3,PI,1,100,164298
18.116000,1439707.000,30106,3,PI,1,100,164239
18.154667,1439745.667,30123,3,PI,1,100,164207
18.193333,1439784.333,30123,3,PI,1,100,164158
18.232000,1439823.000,30123,3,PI,1,100,164106
18.270000,1439861.000,30139,2,PI,1,100,164129
18.308000,1439899.000,30139,2,PI,1,100,164184
18.351333,1439942.333,30157,3,PI,1,100,164269
18.394667,1439985.667,30157,3,PI,1,100,164307
18.438000,1440029.000,30157,3,PI,1,100,164388
18.476500,1440067.500,30173,2,PI,1,100,164434
18.515000,1440106.000,30173,2,PI,1,100,164439
18.555000,1440146.000,30189,3,PI,1,100,164447
18.595000,1440186.000,30189,3,PI,1,100,164442
18.635000,1440226.000,30189,3,PI,1,100,164435
18.674000,1440265.000,30206,2,PI,1,100,164399
18.713000,1440304.000,30206,2,PI,1,100,164380
18.752000,1440343.000,30223,3,PI,1,100,164343
18.791000,1440382.000,30223,3,PI,1,100,164305
18.830000,1440421.000,30223,3,PI,1,100,164303
18.869000,1440460.000,30239,2,PI,1,100,164318
18.908000,1440499.000,30239,2,PI,1,100,164292
18.947000,1440538.000,30256,3,PI,1,100,164263
18.986000,1440577.000,30256,3,PI,1,100,164288
19.025000,1440616.000,30256,3,PI,1,100,164335
19.064000,1440655.000,30274,3,PI,1,100,164388
19.103000,1440694.000,30274,3,PI,1,100,164412
19.142000,1440733.000,30274,3,PI,1,100,164417
19.182000,1440773.000,30291,2,PI,1,100,164378
19.222000,1440813.000,30291,2,PI,1,100,164370
19.261333,1440852.333,30307,3,PI,1,100,164367
19.300667,1440891.667,30307,3,PI,1,100,164353
19.340000,1440931.000,30307,3,PI,1,100,164368
19.379000,1440970.000,30325,2,PI,1,100,164450
19.418000,1441009.000,30325,2,PI,1,100,164518
19.457000,1441048.000,30342,3,PI,1,100,164572
19.496000,1441087.000,30342,3,PI,1,100,164611
19.535000,1441126.000,30342,3,PI,1,100,164629
19.574000,1441165.000,30359,2,PI,1,100,164687
19.613000,1441204.000,30359,2,PI,1,100,164747
19.651333,1441242.333,30376,3,PI,1,100,164750
19.689667,1441280.667,30376,3,PI,1,100,164720
19.728000,1441319.000,30376,3,PI,1,100,164658
19.767000,1441358.000,30393,2,PI,1,100,164610
19.806000,1441397.000,30393,2,PI,1,100,164558
19.848333,1441439.333,30408,3,PI,1,100,164536
19.890667,1441481.667,30408,3,PI,1,100,164496
19.933000,1441524.000,30408,3,PI,1,100,164452
19.972000,1441563.000,30426,3,PI,1,100,164471
20.011000,1441602.000,30426,3,PI,1,100,164492
20.050000,1441641.000,30426,3,PI,1,100,164504
20.089500,1441680.500,30444,2,PI,1,100,164509
20.129000,1441720.000,30444,2,PI,1,100,164548
20.169000,1441760.000,30461,3,PI,1,100,164616
20.209000,1441800.000,30461,3,PI,1,100,164695
20.249000,1441840.000,30461,3,PI,1,100,164773
20.288000,1441879.000,30478,2,PI,1,100,164814
20.327000,1441918.000,30478,2,PI,1,100,164813
20.366000,1441957.000,30494,3,PI,1,100,164807
20.405000,1441996.000,30494,3,PI,1,100,164735
20.444000,1442035.000,30494,3,PI,1,100,164655
20.482000,1442073.000,30512,3,PI,1,100,164589
20.520000,1442111.000,30512,3,PI,1,100,164568
20.558000,1442149.000,30512,3,PI,1,100,164567
20.597000,1442188.000,30530,2,PI,1,100,164611
20.636000,1442227.000,30530,2,PI,1,100,164717
20.675667,1442266.667,30546,3,PI,1,100,164808
20.715333,1442306.333,30546,3,PI,1,100,164859
20.755000,1442346.000,30546,3,PI,1,100,164894
20.795000,1442386.000,30562,2,PI,1,100,164894
20.835000,1442426.000,30562,2,PI,1,100,164896
20.874333,1442465.333,30578,3,PI,1,100,164887
20.913667,1442504.667,30578,3,PI,1,100,164891
20.953000,1442544.000,30578,3,PI,1,100,164883
20.992000,1442583.000,30598,2,PI,1,100,164826
21.031000,1442622.000,30598,2,PI,1,100,164800
21.069667,1442660.667,30614,3,PI,1,100,164788
21.108333,1442699.333,30614,3,PI,1,100,164759
21.147000,1442738.000,30614,3,PI,1,100,164801
21.194000,1442785.000,30630,2,PI,1,100,164861
21.241000,1442832.000,30630,2,PI,1,100,164833
21.279333,1442870.333,30647,3,PI,1,100,164830
21.317667,1442908.667,30647,3,PI,1,100,164898
21.356000,1442947.000,30647,3,PI,1,100,165001
21.395000,1442986.000,30664,2,PI,1,100,165060
21.434000,1443025.000,30664,2,PI,1,100,165079
21.473000,1443064.000,30680,3,PI,1,100,165045
21.512000,1443103.000,30680,3,PI,1,100,164978
21.551000,1443142.000,30680,3,PI,1,100,164916
21.590000,1443181.000,30698,3,PI,1,100,164890
21.629000,1443220.000,30698,3,PI,1,100,164855
21.668000,1443259.000,30698,3,PI,1,100,164813
21.707000,1443298.000,30715,2,PI,1,100,164807
21.746000,1443337.000,30715,2,PI,1,100,164834
21.785000,1443376.000,30732,3,PI,1,100,164882
21.824000,1443415.000,30732,3,PI,1,100,164924
21.863000,1443454.000,30732,3,PI,1,100,165017
21.901000,1443492.000,30749,2,PI,1,100,165103
21.939000,1443530.000,30749,2,PI,1,100,165171
21.978000,1443569.000,30768,3,PI,1,100,165224
22.017000,1443608.000,30768,3,PI,1,100,165255
22.056000,1443647.000,30768,3,PI,1,100,165304
22.095000,1443686.000,30785,3,PI,1,100,165290
22.134000,1443725.000,30785,3,PI,1,100,165242
22.173000,1443764.000,30785,3,PI,1,100,165206
22.212000,1443803.000,30802,2,PI,1,100,165181
22.251000,1443842.000,30802,2,PI,1,100,165190
22.290000,1443881.000,30819,3,PI,1,100,165146
22.329000,1443920.000,30819,3,PI,1,100,165123
22.368000,1443959.000,30819,3,PI,1,100,165142
22.407000,1443998.000,30836,2,PI,1,100,165115
22.446000,1444037.000,30836,2,PI,1,100,165023
22.484333,1444075.333,30852,3,PI,1,100,164916
22.522667,1444113.667,30852,3,PI,1,100,164862
22.561000,1444152.000,30852,3,PI,1,100,164843
22.606500,1444197.500,30869,2,PI,1,100,164856
22.652000,1444243.000,30869,2,PI,1,100,164886
22.690667,1444281.667,30885,3,PI,1,100,164955
22.729333,1444320.333,30885,3,PI,1,100,165028
22.768000,1444359.000,30885,3,PI,1,100,165066
22.808000,1444399.000,30902,2,PI,1,100,165232
22.848000,1444439.000,30902,2,PI,1,100,165335
22.887333,1444478.333,30919,3,PI,1,100,165322
22.926667,1444517.667,30919,3,PI,1,100,165338
22.966000,1444557.000,30919,3,PI,1,100,165406
23.005000,1444596.000,30937,3,PI,1,100,165457
23.044000,1444635.000,30937,3,PI,1,100,165474
23.083000,1444674.000,30937,3,PI,1,100,165478
23.122000,1444713.000,30955,2,PI,1,100,165499
23.161000,1444752.000,30955,2,PI,1,100,165535
23.200000,1444791.000,30973,3,PI,1,100,165543
23.239000,1444830.000,30973,3,PI,1,100,165564
23.278000,1444869.000,30973,3,PI,1,100,165581
23.316000,1444907.000,30989,2,PI,1,100,165594
23.354000,1444945.000,30989,2,PI,1,100,165613
23.393667,1444984.667,31006,3,PI,1,100,165648
23.433333,1445024.333,31006,3,PI,1,100,165639
23.473000,1445064.000,31006,3,PI,1,100,165682
23.512500,1445103.500,31022,2,PI,1,100,165744
23.552000,1445143.000,31022,2,PI,1,100,165776
23.591000,1445182.000,31039,3,PI,1,100,165792
23.630000,1445221.000,31039,3,PI,1,100,165909
23.669000,1445260.000,31039,3,PI,1,100,166048
23.708000,1445299.000,31055,3,PI,1,100,166152
23.747000,1445338.000,31055,3,PI,1,100,166276
23.786000,1445377.000,31055,3,PI,1,100,166382
23.825000,1445416.000,31072,2,PI,1,100,166496
23.864000,1445455.000,31072,2,PI,1,100,166577
23.902667,1445493.667,31091,3,PI,1,100,166641
23.941333,1445532.333,31091,3,PI,1,100,166690
23.980000,1445571.000,31091,3,PI,1,100,166702
24.027000,1445618.000,31107,2,PI,1,100,166706
24.074000,1445665.000,31107,2,PI,1,100,166676
24.112333,1445703.333,31123,3,PI,1,100,166628
24.150667,1445741.667,31123,3,PI,1,100,166614
24.189000,1445780.000,31123,3,PI,1,100,166586
24.228000,1445819.000,31141,2,PI,1,100,166559
24.267000,1445858.000,31141,2,PI,1,100,166556
24.306000,1445897.000,31157,3,PI,1,100,166544
24.345000,1445936.000,31157,3,PI,1,100,166528
24.384000,1445975.000,31157,3,PI,1,100,166530
24.423000,1446014.000,31173,3,PI,1,100,166477
24.462000,1446053.000,31173,3,PI,1,100,166395
24.501000,1446092.000,31173,3,PI,1,100,166378
24.540000,1446131.000,31190,2,PI,1,100,166403
24.579000,1446170.000,31190,2,PI,1,100,166352
24.618000,1446209.000,31207,3,PI,1,100,166274
24.657000,1446248.000,31207,3,PI,1,100,166197
24.696000,1446287.000,31207,3,PI,1,100,166170
24.734000,1446325.000,31223,2,PI,1,100,166149
24.772000,1446363.000,31223,2,PI,1,100,166120
24.810667,1446401.667,31241,3,PI,1,100,166038
24.849333,1446440.333,31241,3,PI,1,100,165987
24.888000,1446479.000,31241,3,PI,1,100,165954
24.927333,1446518.333,31258,3,PI,1,100,165977
24.966667,1446557.667,31258,3,PI,1,100,166052
25.006000,1446597.000,31258,3,PI,1,100,166156
25.046000,1446637.000,31275,2,PI,1,100,166262
25.086000,1446677.000,31275,2,PI,1,100,166364
25.125333,1446716.333,31292,3,PI,1,100,166454
25.164667,1446755.667,31292,3,PI,1,100,166522
25.204000,1446795.000,31292,3,PI,1,100,166500
25.243000,1446834.000,31309,2,PI,1,100,166475
25.282000,1446873.000,31309,2,PI,1,100,166483
25.320333,1446911.333,31326,3,PI,1,100,166492
25.358667,1446949.667,31326,3,PI,1,100,166492
25.397000,1446988.000,31326,3,PI,1,100,166462
25.442500,1447033.500,31343,2,PI,1,100,166430
25.488000,1447079.000,31343,2,PI,1,100,166421
25.526667,1447117.667,31360,3,PI,1,100,166426
25.565333,1447156.333,31360,3,PI,1,100,166432
25.604000,1447195.000,31360,3,PI,1,100,166412
25.644000,1447235.000,31377,2,PI,1,100,166431
25.684000,1447275.000,31377,2,PI,1,100,166523
25.723667,1447314.667,31393,3,PI,1,100,166627
25.763333,1447354.333,31393,3,PI,1,100,166682
25.803000,1447394.000,31393,3,PI,1,100,166712
25.842000,1447433.000,31410,3,PI,1,100,166758
25.881000,1447472.000,31410,3,PI,1,100,166788
25.920000,1447511.000,31410,3,PI,1,100,166777
25.959000,1447550.000,31428,2,PI,1,100,166751
25.998000,1447589.000,31428,2,PI,1,100,166727
26.037000,1447628.000,31445,3,PI,1,100,166727
26.076000,1447667.000,31445,3,PI,1,100,166719
26.115000,1447706.000,31445,3,PI,1,100,166689
26.153000,1447744.000,31462,2,PI,1,100,166582
26.191000,1447782.000,31462,2,PI,1,100,166428
26.230000,1447821.000,31478,3,PI,1,100,166324
26.269000,1447860.000,31478,3,PI,1,100,166276
26.308000,1447899.000,31478,3,PI,1,100,166228
26.347000,1447938.000,31494,3,PI,1,100,166174
26.386000,1447977.000,31494,3,PI,1,100,166213
26.425000,1448016.000,31494,3,PI,1,100,166288
26.464000,1448055.000,31512,2,PI,1,100,166348
26.503000,1448094.000,31512,2,PI,1,100,166452
26.542000,1448133.000,31528,3,PI,1,100,166524
26.581000,1448172.000,31528,3,PI,1,100,166601
26.620000,1448211.000,31528,3,PI,1,100,166622
26.659000,1448250.000,31545,2,PI,1,100,166597
26.698000,1448289.000,31545,2,PI,1,100,166586
26.736333,1448327.333,31561,3,PI,1,100,166601
26.774667,1448365.667,31561,3,PI,1,100,166614
26.813000,1448404.000,31561,3,PI,1,100,166696
26.858500,1448449.500,31580,2,PI,1,100,166815
26.904000,1448495.000,31580,2,PI,1,100,166808
26.942333,1448533.333,31598,3,PI,1,100,166660
26.980667,1448571.667,31598,3,PI,1,100,166507
27.019000,1448610.000,31598,3,PI,1,100,166446
27.057667,1448648.667,31615,3,PI,1,100,166549
27.096333,1448687.333,31615,3,PI,1,100,166535
27.135000,1448726.000,31615,3,PI,1,100,166521
27.174500,1448765.500,31631,2,PI,1,100,166539
27.214000,1448805.000,31631,2,PI,1,100,166572
27.254000,1448845.000,31648,3,PI,1,100,166631
27.294000,1448885.000,31648,3,PI,1,100,166645
27.334000,1448925.000,31648,3,PI,1,100,166597
27.373500,1448964.500,31664,2,PI,1,100,166556
27.413000,1449004.000,31664,2,PI,1,100,166503
27.452000,1449043.000,31682,3,PI,1,100,166520
27.491000,1449082.000,31682,3,PI,1,100,166510
27.530000,1449121.000,31682,3,PI,1,100,166499
27.568500,1449159.500,31698,2,PI,1,100,166460
27.607000,1449198.000,31698,2,PI,1,100,166344
27.645667,1449236.667,31714,3,PI,1,100,166317
27.684333,1449275.333,31714,3,PI,1,100,166376
27.723000,1449314.000,31714,3,PI,1,100,166425
27.762333,1449353.333,31731,3,PI,1,100,166377
27.801667,1449392.667,31731,3,PI,1,100,166310
27.841000,1449432.000,31731,3,PI,1,100,166321
27.881000,1449472.000,31750,2,PI,1,100,166314
27.921000,1449512.000,31750,2,PI,1,100,166285
27.960000,1449551.000,31766,3,PI,1,100,166271
27.999000,1449590.000,31766,3,PI,1,100,166246
28.038000,1449629.000,31766,3,PI,1,100,166201
28.077000,1449668.000,31783,2,PI,1,100,166131
28.116000,1449707.000,31783,2,PI,1,100,166076
28.154333,1449745.333,31799,3,PI,1,100,166089
28.192667,1449783.667,31799,3,PI,1,100,166096
28.231000,1449822.000,31799,3,PI,1,100,166107
28.277500,1449868.500,31816,2,PI,1,100,166166
28.324000,1449915.000,31816,2,PI,1,100,166358
28.362333,1449953.333,31832,3,PI,1,100,166565
28.400667,1449991.667,31832,3,PI,1,100,166600
28.439000,1450030.000,31832,3,PI,1,100,166504
28.478000,1450069.000,31850,2,PI,1,100,166439
28.517000,1450108.000,31850,2,PI,1,100,166505
28.556000,1450147.000,31867,3,PI,1,100,166630
28.595000,1450186.000,31867,3,PI,1,100,166660
28.634000,1450225.000,31867,3,PI,1,100,166548
28.673000,1450264.000,31884,3,PI,1,100,166467
28.712000,1450303.000,31884,3,PI,1,100,166463
28.751000,1450342.000,31884,3,PI,1,100,166480
28.790000,1450381.000,31903,2,PI,1,100,166492
28.829000,1450420.000,31903,2,PI,1,100,166483
28.868000,1450459.000,31920,3,PI,1,100,166472
28.907000,1450498.000,31920,3,PI,1,100,166450
28.946000,1450537.000,31920,3,PI,1,100,166424
28.984500,1450575.500,31935,2,PI,1,100,166429
29.023000,1450614.000,31935,2,PI,1,100,166442
29.061667,1450652.667,31953,3,PI,1,100,166482
29.100333,1450691.333,31953,3,PI,1,100,166503
29.139000,1450730.000,31953,3,PI,1,100,166558
29.178000,1450769.000,31969,3,PI,1,100,166617
29.217000,1450808.000,31969,3,PI,1,100,166674
29.256000,1450847.000,31969,3,PI,1,100,166725
29.295000,1450886.000,31986,2,PI,1,100,166782
29.334000,1450925.000,31986,2,PI,1,100,166853
29.373000,1450964.000,32005,3,PI,1,100,166905
29.412000,1451003.000,32005,3,PI,1,100,166955
29.451000,1451042.000,32005,3,PI,1,100,167034
29.490000,1451081.000,32021,2,PI,1,100,167065
29.529000,1451120.000,32021,2,PI,1,100,167082
29.567333,1451158.333,32037,3,PI,1,100,167107
29.605667,1451196.667,32037,3,PI,1,100,167166
29.644000,1451235.000,32037,3,PI,1,100,167197
29.689500,1451280.500,32055,2,PI,1,100,167154
29.735000,1451326.000,32055,2,PI,1,100,167142
29.773333,1451364.333,32073,3,PI,1,100,167152
29.811667,1451402.667,32073,3,PI,1,100,167100
29.850000,1451441.000,32073,3,PI,1,100,167118
29.889500,1451480.500,32089,2,PI,1,100,167120
29.929000,1451520.000,32089,2,PI,1,100,167080
29.968667,1451559.667,32105,3,PI,1,100,167052
30.008333,1451599.333,32105,3,PI,1,100,166992
30.048000,1451639.000,32105,3,PI,1,100,166918
30.087000,1451678.000,32123,3,PI,1,100,166854
30.126000,1451717.000,32123,3,PI,1,100,166838
30.165000,1451756.000,32123,3,PI,1,100,166813
30.204000,1451795.000,32139,2,PI,1,100,166818
30.243000,1451834.000,32139,2,PI,1,100,166808
30.282000,1451873.000,32156,3,PI,1,100,166854
30.321000,1451912.000,32156,3,PI,1,100,166839
30.360000,1451951.000,32156,3,PI,1,100,166796
30.398500,1451989.500,32172,2,PI,1,100,166807
30.437000,1452028.000,32172,2,PI,1,100,166792
30.476667,1452067.667,32189,3,PI,1,100,166780
30.516333,1452107.333,32189,3,PI,1,100,166790
30.556000,1452147.000,32189,3,PI,1,100,166772
30.596000,1452187.000,32205,2,PI,1,100,166796
30.636000,1452227.000,32205,2,PI,1,100,166813
30.675000,1452266.000,32223,3,PI,1,100,166797
30.714000,1452305.000,32223,3,PI,1,100,166780
30.753000,1452344.000,32223,3,PI,1,100,166765
30.792000,1452383.000,32240,3,PI,1,100,166754
30.831000,1452422.000,32240,3,PI,1,100,166823
30.870000,1452461.000,32240,3,PI,1,100,166910
30.909000,1452500.000,32257,2,PI,1,100,166906
30.948000,1452539.000,32257,2,PI,1,100,166903
30.986333,1452577.333,32276,3,PI,1,100,166913
31.024667,1452615.667,32276,3,PI,1,100,166921
31.063000,1452654.000,32276,3,PI,1,100,166925
31.109500,1452700.500,32293,2,PI,1,100,166870
31.156000,1452747.000,32293,2,PI,1,100,166836
31.194333,1452785.333,32309,3,PI,1,100,166810
31.232667,1452823.667,32309,3,PI,1,100,166794
31.271000,1452862.000,32309,3,PI,1,100,166792
31.310000,1452901.000,32326,2,PI,1,100,166798
31.349000,1452940.000,32326,2,PI,1,100,166789
31.387667,1452978.667,32342,3,PI,1,100,166782
31.426333,1453017.333,32342,3,PI,1,100,166765
31.465000,1453056.000,32342,3,PI,1,100,166738
31.505000,1453096.000,32359,2,PI,1,100,166760
31.545000,1453136.000,32359,2,PI,1,100,166753
31.584667,1453175.667,32375,3,PI,1,100,166642
31.624333,1453215.333,32375,3,PI,1,100,166446
31.664000,1453255.000,32375,3,PI,1,100,166300
31.703000,1453294.000,32394,3,PI,1,100,166113
31.742000,1453333.000,32394,3,PI,1,100,165936
31.781000,1453372.000,32394,3,PI,1,100,165750
31.819500,1453410.500,32410,2,PI,1,100,165618
31.858000,1453449.000,32410,2,PI,1,100,165518
31.896333,1453487.333,32427,3,PI,1,100,165413
31.934667,1453525.667,32427,3,PI,1,100,165358
31.973000,1453564.000,32427,3,PI,1,100,165322
32.012000,1453603.000,32444,2,PI,1,100,165342
32.051000,1453642.000,32444,2,PI,1,100,165367
32.091000,1453682.000,32461,3,PI,1,100,165419
32.131000,1453722.000,32461,3,PI,1,100,165483
32.171000,1453762.000,32461,3,PI,1,100,165573
32.211000,1453802.000,32476,2,PI,1,100,165729
32.251000,1453842.000,32476,2,PI,1,100,165779
32.290000,1453881.000,32494,3,PI,1,100,165832
32.329000,1453920.000,32494,3,PI,1,100,165850
32.368000,1453959.000,32494,3,PI,1,100,165830
32.406667,1453997.667,32512,3,PI,1,100,165831
32.445333,1454036.333,32512,3,PI,1,100,165782
32.484000,1454075.000,32512,3,PI,1,100,165747
32.529500,1454120.500,32529,2,PI,1,100,165688
32.575000,1454166.000,32529,2,PI,1,100,165630
32.613333,1454204.333,32545,3,PI,1,100,165584
32.651667,1454242.667,32545,3,PI,1,100,165518
32.690000,1454281.000,32545,3,PI,1,100,165462
32.729500,1454320.500,32564,2,PI,1,100,165392
32.769000,1454360.000,32564,2,PI,1,100,165324
32.808667,1454399.667,32580,3,PI,1,100,165248
32.848333,1454439.333,32580,3,PI,1,100,165215
32.888000,1454479.000,32580,3,PI,1,100,165071
32.927000,1454518.000,32597,2,PI,1,100,164846
32.966000,1454557.000,32597,2,PI,1,100,164654
33.005000,1454596.000,32614,3,PI,1,100,164515
33.044000,1454635.000,32614,3,PI,1,100,164541
33.083000,1454674.000,32614,3,PI,1,100,164506
33.122000,1454713.000,32630,3,PI,1,100,164453
33.161000,1454752.000,32630,3,PI,1,100,164384
33.200000,1454791.000,32630,3,PI,1,100,164153
33.238500,1454829.500,32648,4,PI,1,100,164113
33.277000,1454868.000,32648,4,PI,1,100,164056
33.315500,1454906.500,32648,4,PI,1,100,164036
33.354000,1454945.000,32648,4,PI,1,100,163986
33.393000,1454984.000,32664,3,PI,1,100,163959
33.432000,1455023.000,32664,3,PI,1,100,163927
33.471000,1455062.000,32664,3,PI,1,100,163853
33.510000,1455101.000,32681,2,PI,1,100,163814
33.549000,1455140.000,32681,2,PI,1,100,163796
33.588000,1455179.000,32698,3,PI,1,100,163795
33.627000,1455218.000,32698,3,PI,1,100,163785
33.666000,1455257.000,32698,3,PI,1,100,163784
33.705000,1455296.000,32717,3,PI,1,100,163792
33.744000,1455335.000,32717,3,PI,1,100,163776
33.783000,1455374.000,32717,3,PI,1,100,163788
33.822000,1455413.000,32735,2,PI,1,100,163739
33.861000,1455452.000,32735,2,PI,1,100,163750
33.905500,1455496.500,32752,2,PI,1,100,163742
33.950000,1455541.000,32752,2,PI,1,100,163721
33.989000,1455580.000,32768,3,PI,1,100,163702
34.028000,1455619.000,32768,3,PI,1,100,163674
34.067000,1455658.000,32768,3,PI,1,100,163686
34.105333,1455696.333,32785,3,PI,1,100,163680
34.143667,1455734.667,32785,3,PI,1,100,163689
34.182000,1455773.000,32785,3,PI,1,100,163741
34.221000,1455812.000,32801,2,PI,1,100,163763
34.260000,1455851.000,32801,2,PI,1,100,163851
34.299667,1455890.667,32818,3,PI,1,100,163849
34.339333,1455930.333,32818,3,PI,1,100,163846
34.379000,1455970.000,32818,3,PI,1,100,163877
34.419000,1456010.000,32834,2,PI,1,100,163906
34.459000,1456050.000,32834,2,PI,1,100,163951
34.498000,1456089.000,32851,3,PI,1,100,163979
34.537000,1456128.000,32851,3,PI,1,100,164015
34.576000,1456167.000,32851,3,PI,1,100,164031
34.614667,1456205.667,32868,3,PI,1,100,164085
34.653333,1456244.333,32868,3,PI,1,100,164131
34.692000,1456283.000,32868,3,PI,1,100,164187
34.730000,1456321.000,32887,2,PI,1,100,164255
34.768000,1456359.000,32887,2,PI,1,100,164334
34.807667,1456398.667,32902,3,PI,1,100,164409
34.847333,1456438.333,32902,3,PI,1,100,164422
34.887000,1456478.000,32902,3,PI,1,100,164616
34.926000,1456517.000,32920,2,PI,1,100,164744
34.965000,1456556.000,32920,2,PI,1,100,164831
35.004000,1456595.000,32936,3,PI,1,100,165044
35.043000,1456634.000,32936,3,PI,1,100,165242
35.082000,1456673.000,32936,3,PI,1,100,165410
35.121000,1456712.000,32953,2,PI,1,100,165482
35.160000,1456751.000,32953,2,PI,1,100,165511
35.199000,1456790.000,32969,3,PI,1,100,165498
35.238000,1456829.000,32969,3,PI,1,100,165515
35.277000,1456868.000,32969,3,PI,1,100,165495
35.322500,1456913.500,32986,2,PI,1,100,165509
35.368000,1456959.000,32986,2,PI,1,100,165508
35.407000,1456998.000,33002,3,PI,1,100,165524
35.446000,1457037.000,33002,3,PI,1,100,165589
35.485000,1457076.000,33002,3,PI,1,100,165626
35.523333,1457114.333,33020,3,PI,1,100,165743
35.561667,1457152.667,33020,3,PI,1,100,165967
35.600000,1457191.000,33020,3,PI,1,100,166075
35.639000,1457230.000,33038,2,PI,1,100,166047
35.678000,1457269.000,33038,2,PI,1,100,165990
35.717000,1457308.000,33054,3,PI,1,100,165936
35.756000,1457347.000,33054,3,PI,1,100,166003
35.795000,1457386.000,33054,3,PI,1,100,165946
35.834000,1457425.000,33070,3,PI,1,100,165900
35.873000,1457464.000,33070,3,PI,1,100,165883
35.912000,1457503.000,33070,3,PI,1,100,165921
35.951000,1457542.000,33088,2,PI,1,100,165978
35.990000,1457581.000,33088,2,PI,1,100,166025
36.028667,1457619.667,33104,3,PI,1,100,166036
36.067333,1457658.333,33104,3,PI,1,100,166058
36.106000,1457697.000,33104,3,PI,1,100,166116
36.144500,1457735.500,33121,2,PI,1,100,166174
36.183000,1457774.000,33121,2,PI,1,100,166253
36.222000,1457813.000,33137,3,PI,1,100,166329
36.261000,1457852.000,33137,3,PI,1,100,166448
36.300000,1457891.000,33137,3,PI,1,100,166545
36.339000,1457930.000,33154,3,PI,1,100,166539
36.378000,1457969.000,33154,3,PI,1,100,166511
36.417000,1458008.000,33154,3,PI,1,100,166532
36.456000,1458047.000,33170,2,PI,1,100,166602
36.495000,1458086.000,33170,2,PI,1,100,166603
36.533667,1458124.667,33188,3,PI,1,100,166555
36.572333,1458163.333,33188,3,PI,1,100,166495
36.611000,1458202.000,33188,3,PI,1,100,166447
36.650000,1458241.000,33207,2,PI,1,100,166381
36.689000,1458280.000,33207,2,PI,1,100,166361
36.732000,1458323.000,33224,3,PI,1,100,166397
36.775000,1458366.000,33224,3,PI,1,100,166431
36.818000,1458409.000,33224,3,PI,1,100,166423
36.857000,1458448.000,33241,2,PI,1,100,166340
36.896000,1458487.000,33241,2,PI,1,100,166214
36.935000,1458526.000,33258,3,PI,1,100,166081
36.974000,1458565.000,33258,3,PI,1,100,165959
37.013000,1458604.000,33258,3,PI,1,100,165901
37.053000,1458644.000,33274,2,PI,1,100,165760
37.093000,1458684.000,33274,2,PI,1,100,165550
37.132333,1458723.333,33291,3,PI,1,100,165308
37.171667,1458762.667,33291,3,PI,1,100,165043
37.211000,1458802.000,33291,3,PI,1,100,164866
37.250000,1458841.000,33307,3,PI,1,100,164839
37.289000,1458880.000,33307,3,PI,1,100,164793
37.328000,1458919.000,33307,3,PI,1,100,164753
37.367000,1458958.000,33324,2,PI,1,100,164687
37.406000,1458997.000,33324,2,PI,1,100,164497
37.444667,1459035.667,33340,3,PI,1,100,164266
37.483333,1459074.333,33340,3,PI,1,100,164122
37.522000,1459113.000,33340,3,PI,1,100,164053
37.561000,1459152.000,33359,3,PI,1,100,163968
37.600000,1459191.000,33359,3,PI,1,100,163928
37.639000,1459230.000,33359,3,PI,1,100,163856
37.679000,1459270.000,33375,2,PI,1,100,163786
37.719000,1459310.000,33375,2,PI,1,100,163785
37.758000,1459349.000,33392,3,PI,1,100,163836
37.797000,1459388.000,33392,3,PI,1,100,163910
37.836000,1459427.000,33392,3,PI,1,100,163973
37.875000,1459466.000,33409,3,PI,1,100,164003
37.914000,1459505.000,33409,3,PI,1,100,164041
37.953000,1459544.000,33409,3,PI,1,100,164058
37.992000,1459583.000,33426,2,PI,1,100,164074
38.031000,1459622.000,33426,2,PI,1,100,164082
38.069667,1459660.667,33443,3,PI,1,100,164104
38.108333,1459699.333,33443,3,PI,1,100,164136
38.147000,1459738.000,33443,3,PI,1,100,164140
38.192500,1459783.500,33461,2,PI,1,100,164165
38.238000,1459829.000,33461,2,PI,1,100,164181
38.276333,1459867.333,33477,3,PI,1,100,164168
38.314667,1459905.667,33477,3,PI,1,100,164170
38.353000,1459944.000,33477,3,PI,1,100,164183
38.391000,1459982.000,33494,2,PI,1,100,164199
38.429000,1460020.000,33494,2,PI,1,100,164233
38.468000,1460059.000,33511,3,PI,1,100,164288
38.507000,1460098.000,33511,3,PI,1,100,164330
38.546000,1460137.000,33511,3,PI,1,100,164348
38.586000,1460177.000,33529,2,PI,1,100,164392
38.626000,1460217.000,33529,2,PI,1,100,164425
38.666000,1460257.000,33545,3,PI,1,100,164451
38.706000,1460297.000,33545,3,PI,1,100,164476
38.746000,1460337.000,33545,3,PI,1,100,164509
38.785000,1460376.000,33563,2,PI,1,100,164540
38.824000,1460415.000,33563,2,PI,1,100,164549
38.863000,1460454.000,33579,3,PI,1,100,164588
38.902000,1460493.000,33579,3,PI,1,100,164619
38.941000,1460532.000,33579,3,PI,1,100,164636
38.979333,1460570.333,33595,3,PI,1,100,164659
39.017667,1460608.667,33595,3,PI,1,100,164673
39.056000,1460647.000,33595,3,PI,1,100,164691
39.095000,1460686.000,33611,2,PI,1,100,164714
39.134000,1460725.000,33611,2,PI,1,100,164732
39.173667,1460764.667,33629,3,PI,1,100,164750
39.213333,1460804.333,33629,3,PI,1,100,164779
39.253000,1460844.000,33629,3,PI,1,100,164793
39.293000,1460884.000,33645,2,PI,1,100,164796
39.333000,1460924.000,33645,2,PI,1,100,164808
39.372000,1460963.000,33662,3,PI,1,100,164816
39.411000,1461002.000,33662,3,PI,1,100,164822
39.450000,1461041.000,33662,3,PI,1,100,164822
39.488667,1461079.667,33678,3,PI,1,100,164832
39.527333,1461118.333,33678,3,PI,1,100,164873
39.566000,1461157.000,33678,3,PI,1,100,164885
39.611500,1461202.500,33697,2,PI,1,100,164900
39.657000,1461248.000,33697,2,PI,1,100,164911
