LocalTimestamp,EmotiBitTimestamp,PacketNumber,DataLength,TypeTag,ProtocolVersion,DataReliability,GZ
0.106000,1421697.000,27142,14,GZ,1,100,-2.136
0.106000,1421697.000,27142,14,GZ,1,100,-1.953
0.106000,1421697.000,27142,14,GZ,1,100,-0.641
0.106000,1421697.000,27142,14,GZ,1,100,1.251
0.106000,1421697.000,27142,14,GZ,1,100,2.075
0.106000,1421697.000,27142,14,GZ,1,100,1.709
0.106000,1421697.000,27142,14,GZ,1,100,0.671
0.106000,1421697.000,27142,14,GZ,1,100,-0.397
0.106000,1421697.000,27142,14,GZ,1,100,-0.641
0.106000,1421697.000,27142,14,GZ,1,100,-0.183
0.106000,1421697.000,27142,14,GZ,1,100,-0.122
0.106000,1421697.000,27142,14,GZ,1,100,0.183
0.106000,1421697.000,27142,14,GZ,1,100,0.214
0.106000,1421697.000,27142,14,GZ,1,100,0.427
0.145000,1421736.000,27159,3,GZ,1,100,0.366
0.184000,1421775.000,27159,3,GZ,1,100,0.885
0.223000,1421814.000,27159,3,GZ,1,100,0.580
0.255500,1421846.500,27175,2,GZ,1,100,0.122
0.288000,1421879.000,27175,2,GZ,1,100,0.458
0.327000,1421918.000,27192,3,GZ,1,100,-0.366
0.366000,1421957.000,27192,3,GZ,1,100,0.519
0.405000,1421996.000,27192,3,GZ,1,100,1.221
0.444000,1422035.000,27209,3,GZ,1,100,1.312
0.483000,1422074.000,27209,3,GZ,1,100,-0.214
0.522000,1422113.000,27209,3,GZ,1,100,-1.495
0.560000,1422151.000,27228,2,GZ,1,100,0.153
0.598000,1422189.000,27228,2,GZ,1,100,0.366
0.637000,1422228.000,27243,3,GZ,1,100,0.122
0.676000,1422267.000,27243,3,GZ,1,100,0.977
0.715000,1422306.000,27243,3,GZ,1,100,1.495
0.754000,1422345.000,27262,4,GZ,1,100,1.373
0.793000,1422384.000,27262,4,GZ,1,100,0.916
0.832000,1422423.000,27262,4,GZ,1,100,1.740
0.871000,1422462.000,27262,4,GZ,1,100,0.885
0.910000,1422501.000,27277,2,GZ,1,100,0.793
0.949000,1422540.000,27277,2,GZ,1,100,0.885
0.988000,1422579.000,27294,3,GZ,1,100,1.343
1.027000,1422618.000,27294,3,GZ,1,100,1.495
1.066000,1422657.000,27294,3,GZ,1,100,0.549
1.104667,1422695.667,27311,3,GZ,1,100,0.336
1.143333,1422734.333,27311,3,GZ,1,100,1.038
1.182000,1422773.000,27311,3,GZ,1,100,0.580
1.220500,1422811.500,27328,2,GZ,1,100,0.580
1.259000,1422850.000,27328,2,GZ,1,100,0.763
1.298000,1422889.000,27343,3,GZ,1,100,0.671
1.337000,1422928.000,27343,3,GZ,1,100,0.488
1.376000,1422967.000,27343,3,GZ,1,100,0.488
1.415000,1423006.000,27361,2,GZ,1,100,0.397
1.454000,1423045.000,27361,2,GZ,1,100,0.305
1.493000,1423084.000,27379,3,GZ,1,100,0.549
1.532000,1423123.000,27379,3,GZ,1,100,0.092
1.571000,1423162.000,27379,3,GZ,1,100,0.641
1.610667,1423201.667,27396,3,GZ,1,100,0.824
1.650333,1423241.333,27396,3,GZ,1,100,0.397
1.690000,1423281.000,27396,3,GZ,1,100,0.214
1.729500,1423320.500,27413,2,GZ,1,100,0.336
1.769000,1423360.000,27413,2,GZ,1,100,0.427
1.808000,1423399.000,27429,3,GZ,1,100,0.183
1.847000,1423438.000,27429,3,GZ,1,100,0.031
1.886000,1423477.000,27429,3,GZ,1,100,0.275
1.925000,1423516.000,27445,2,GZ,1,100,0.031
1.964000,1423555.000,27445,2,GZ,1,100,0.092
1.998000,1423589.000,27462,3,GZ,1,100,0.275
2.032000,1423623.000,27462,3,GZ,1,100,0.671
2.066000,1423657.000,27462,3,GZ,1,100,1.007
2.105667,1423696.667,27479,3,GZ,1,100,0.092
2.145333,1423736.333,27479,3,GZ,1,100,-0.214
2.185000,1423776.000,27479,3,GZ,1,100,0.122
2.224000,1423815.000,27495,2,GZ,1,100,0.183
2.263000,1423854.000,27495,2,GZ,1,100,0.061
2.302000,1423893.000,27511,3,GZ,1,100,0.336
2.341000,1423932.000,27511,3,GZ,1,100,0.244
2.380000,1423971.000,27511,3,GZ,1,100,-0.305
2.419000,1424010.000,27529,3,GZ,1,100,-0.061
2.458000,1424049.000,27529,3,GZ,1,100,0.122
2.497000,1424088.000,27529,3,GZ,1,100,0.397
2.536000,1424127.000,27547,2,GZ,1,100,0.275
2.575000,1424166.000,27547,2,GZ,1,100,0.122
2.613667,1424204.667,27564,3,GZ,1,100,0.092
2.652333,1424243.333,27564,3,GZ,1,100,0.458
2.691000,1424282.000,27564,3,GZ,1,100,0.000
2.731000,1424322.000,27580,2,GZ,1,100,0.305
2.771000,1424362.000,27580,2,GZ,1,100,0.183
2.810000,1424401.000,27597,3,GZ,1,100,-0.061
2.849000,1424440.000,27597,3,GZ,1,100,0.275
2.888000,1424479.000,27597,3,GZ,1,100,0.488
2.927000,1424518.000,27613,3,GZ,1,100,-0.183
2.966000,1424557.000,27613,3,GZ,1,100,0.183
3.005000,1424596.000,27613,3,GZ,1,100,0.244
3.044000,1424635.000,27631,2,GZ,1,100,0.488
3.083000,1424674.000,27631,2,GZ,1,100,0.702
3.122000,1424713.000,27646,3,GZ,1,100,0.214
3.161000,1424752.000,27646,3,GZ,1,100,0.275
3.200000,1424791.000,27646,3,GZ,1,100,-0.092
3.239000,1424830.000,27663,2,GZ,1,100,0.153
3.278000,1424869.000,27663,2,GZ,1,100,0.824
3.316667,1424907.667,27679,3,GZ,1,100,0.305
3.355333,1424946.333,27679,3,GZ,1,100,0.061
3.394000,1424985.000,27679,3,GZ,1,100,0.305
3.432667,1425023.667,27699,3,GZ,1,100,-0.092
3.471333,1425062.333,27699,3,GZ,1,100,0.183
3.510000,1425101.000,27699,3,GZ,1,100,0.366
3.549000,1425140.000,27715,2,GZ,1,100,0.366
3.588000,1425179.000,27715,2,GZ,1,100,0.336
3.627000,1425218.000,27731,3,GZ,1,100,0.214
3.666000,1425257.000,27731,3,GZ,1,100,0.275
3.705000,1425296.000,27731,3,GZ,1,100,0.427
3.739667,1425330.667,27748,3,GZ,1,100,0.488
3.774333,1425365.333,27748,3,GZ,1,100,0.183
3.809000,1425400.000,27748,3,GZ,1,100,0.549
3.848000,1425439.000,27765,2,GZ,1,100,0.214
3.887000,1425478.000,27765,2,GZ,1,100,-0.153
3.926000,1425517.000,27781,3,GZ,1,100,0.397
3.965000,1425556.000,27781,3,GZ,1,100,0.427
4.004000,1425595.000,27781,3,GZ,1,100,0.092
4.042333,1425633.333,27798,3,GZ,1,100,0.580
4.080667,1425671.667,27798,3,GZ,1,100,0.153
4.119000,1425710.000,27798,3,GZ,1,100,-0.061
4.158000,1425749.000,27814,2,GZ,1,100,0.366
4.197000,1425788.000,27814,2,GZ,1,100,0.275
4.236333,1425827.333,27831,3,GZ,1,100,0.732
4.275667,1425866.667,27831,3,GZ,1,100,0.641
4.315000,1425906.000,27831,3,GZ,1,100,0.305
4.355000,1425946.000,27848,2,GZ,1,100,0.244
4.395000,1425986.000,27848,2,GZ,1,100,0.244
4.434000,1426025.000,27867,3,GZ,1,100,0.824
4.473000,1426064.000,27867,3,GZ,1,100,0.305
4.512000,1426103.000,27867,3,GZ,1,100,0.153
4.551000,1426142.000,27882,2,GZ,1,100,-0.153
4.590000,1426181.000,27882,2,GZ,1,100,-0.366
4.629000,1426220.000,27900,3,GZ,1,100,0.275
4.668000,1426259.000,27900,3,GZ,1,100,0.549
4.707000,1426298.000,27900,3,GZ,1,100,0.671
4.746000,1426337.000,27916,3,GZ,1,100,0.275
4.785000,1426376.000,27916,3,GZ,1,100,0.092
4.824000,1426415.000,27916,3,GZ,1,100,0.061
4.863000,1426454.000,27933,2,GZ,1,100,0.427
4.902000,1426493.000,27933,2,GZ,1,100,0.427
4.941667,1426532.667,27948,3,GZ,1,100,0.214
4.981333,1426572.333,27948,3,GZ,1,100,0.397
5.021000,1426612.000,27948,3,GZ,1,100,0.427
5.060000,1426651.000,27966,2,GZ,1,100,0.305
5.099000,1426690.000,27966,2,GZ,1,100,0.153
5.138000,1426729.000,27982,3,GZ,1,100,0.214
5.177000,1426768.000,27982,3,GZ,1,100,0.244
5.216000,1426807.000,27982,3,GZ,1,100,0.427
5.255000,1426846.000,27999,2,GZ,1,100,0.336
5.294000,1426885.000,27999,2,GZ,1,100,0.397
5.333000,1426924.000,28016,3,GZ,1,100,0.244
5.372000,1426963.000,28016,3,GZ,1,100,0.763
5.411000,1427002.000,28016,3,GZ,1,100,0.916
5.445000,1427036.000,28034,3,GZ,1,100,0.183
5.479000,1427070.000,28034,3,GZ,1,100,0.427
5.513000,1427104.000,28034,3,GZ,1,100,0.214
5.552000,1427143.000,28050,3,GZ,1,100,0.580
5.591000,1427182.000,28050,3,GZ,1,100,0.549
5.630000,1427221.000,28050,3,GZ,1,100,0.793
5.669000,1427260.000,28068,2,GZ,1,100,0.488
5.708000,1427299.000,28068,2,GZ,1,100,0.031
5.747000,1427338.000,28084,3,GZ,1,100,0.153
5.786000,1427377.000,28084,3,GZ,1,100,0.214
5.825000,1427416.000,28084,3,GZ,1,100,0.183
5.864500,1427455.500,28102,4,GZ,1,100,0.092
5.904000,1427495.000,28102,4,GZ,1,100,-0.305
5.943500,1427534.500,28102,4,GZ,1,100,-0.092
5.983000,1427574.000,28102,4,GZ,1,100,-0.183
6.022500,1427613.500,28119,2,GZ,1,100,-0.214
6.062000,1427653.000,28119,2,GZ,1,100,0.305
6.101000,1427692.000,28135,3,GZ,1,100,0.366
6.140000,1427731.000,28135,3,GZ,1,100,0.092
6.179000,1427770.000,28135,3,GZ,1,100,-0.153
6.217667,1427808.667,28151,3,GZ,1,100,0.153
6.256333,1427847.333,28151,3,GZ,1,100,0.061
6.295000,1427886.000,28151,3,GZ,1,100,0.092
6.334000,1427925.000,28169,2,GZ,1,100,0.031
6.373000,1427964.000,28169,2,GZ,1,100,-0.397
6.412000,1428003.000,28187,3,GZ,1,100,-0.153
6.451000,1428042.000,28187,3,GZ,1,100,0.092
6.490000,1428081.000,28187,3,GZ,1,100,-0.122
6.530000,1428121.000,28203,2,GZ,1,100,-0.427
6.570000,1428161.000,28203,2,GZ,1,100,-0.275
6.609333,1428200.333,28220,3,GZ,1,100,0.031
6.648667,1428239.667,28220,3,GZ,1,100,0.000
6.688000,1428279.000,28220,3,GZ,1,100,0.397
6.727000,1428318.000,28237,2,GZ,1,100,0.061
6.766000,1428357.000,28237,2,GZ,1,100,0.153
6.804667,1428395.667,28253,3,GZ,1,100,0.275
6.843333,1428434.333,28253,3,GZ,1,100,0.183
6.882000,1428473.000,28253,3,GZ,1,100,0.122
6.920667,1428511.667,28271,3,GZ,1,100,0.031
6.959333,1428550.333,28271,3,GZ,1,100,-0.092
6.998000,1428589.000,28271,3,GZ,1,100,-0.122
7.037000,1428628.000,28286,2,GZ,1,100,0.427
7.076000,1428667.000,28286,2,GZ,1,100,0.214
7.111000,1428702.000,28303,3,GZ,1,100,-0.397
7.146000,1428737.000,28303,3,GZ,1,100,-0.092
7.181000,1428772.000,28303,3,GZ,1,100,-0.214
7.220000,1428811.000,28319,3,GZ,1,100,-0.031
7.259000,1428850.000,28319,3,GZ,1,100,0.092
7.298000,1428889.000,28319,3,GZ,1,100,-0.458
7.337000,1428928.000,28339,2,GZ,1,100,-0.183
7.376000,1428967.000,28339,2,GZ,1,100,-0.275
7.415000,1429006.000,28354,3,GZ,1,100,-0.061
7.454000,1429045.000,28354,3,GZ,1,100,0.122
7.493000,1429084.000,28354,3,GZ,1,100,0.275
7.532000,1429123.000,28371,3,GZ,1,100,0.000
7.571000,1429162.000,28371,3,GZ,1,100,0.244
7.610000,1429201.000,28371,3,GZ,1,100,-0.061
7.648500,1429239.500,28388,2,GZ,1,100,-0.031
7.687000,1429278.000,28388,2,GZ,1,100,-0.519
7.725667,1429316.667,28405,3,GZ,1,100,0.366
7.764333,1429355.333,28405,3,GZ,1,100,0.244
7.803000,1429394.000,28405,3,GZ,1,100,-0.183
7.842000,1429433.000,28421,2,GZ,1,100,-0.549
7.881000,1429472.000,28421,2,GZ,1,100,-0.061
7.920000,1429511.000,28438,3,GZ,1,100,-0.305
7.959000,1429550.000,28438,3,GZ,1,100,0.153
7.998000,1429589.000,28438,3,GZ,1,100,0.397
8.037000,1429628.000,28454,3,GZ,1,100,-0.122
8.076000,1429667.000,28454,3,GZ,1,100,-0.031
8.115000,1429706.000,28454,3,GZ,1,100,-0.061
8.154000,1429745.000,28471,2,GZ,1,100,0.214
8.193000,1429784.000,28471,2,GZ,1,100,0.549
8.231333,1429822.333,28488,3,GZ,1,100,0.305
8.269667,1429860.667,28488,3,GZ,1,100,-0.366
8.308000,1429899.000,28488,3,GZ,1,100,-0.824
8.347000,1429938.000,28506,2,GZ,1,100,-0.854
8.386000,1429977.000,28506,2,GZ,1,100,-0.244
8.425000,1430016.000,28522,3,GZ,1,100,0.214
8.464000,1430055.000,28522,3,GZ,1,100,0.183
8.503000,1430094.000,28522,3,GZ,1,100,-0.519
8.542000,1430133.000,28540,3,GZ,1,100,-0.397
8.581000,1430172.000,28540,3,GZ,1,100,-0.153
8.620000,1430211.000,28540,3,GZ,1,100,-0.183
8.659000,1430250.000,28556,2,GZ,1,100,0.000
8.698000,1430289.000,28556,2,GZ,1,100,-0.061
8.737667,1430328.667,28573,3,GZ,1,100,-0.366
8.777333,1430368.333,28573,3,GZ,1,100,-0.275
8.817000,1430408.000,28573,3,GZ,1,100,0.000
8.856500,1430447.500,28588,2,GZ,1,100,0.031
8.896000,1430487.000,28588,2,GZ,1,100,0.000
8.930667,1430521.667,28606,3,GZ,1,100,0.061
8.965333,1430556.333,28606,3,GZ,1,100,0.122
9.000000,1430591.000,28606,3,GZ,1,100,0.153
9.038667,1430629.667,28622,3,GZ,1,100,-0.275
9.077333,1430668.333,28622,3,GZ,1,100,-0.641
9.116000,1430707.000,28622,3,GZ,1,100,-1.007
9.155000,1430746.000,28639,2,GZ,1,100,-0.793
9.194000,1430785.000,28639,2,GZ,1,100,-0.793
9.233667,1430824.667,28656,3,GZ,1,100,-0.641
9.273333,1430864.333,28656,3,GZ,1,100,-0.275
9.313000,1430904.000,28656,3,GZ,1,100,-0.122
9.352000,1430943.000,28674,3,GZ,1,100,-0.458
9.391000,1430982.000,28674,3,GZ,1,100,-0.885
9.430000,1431021.000,28674,3,GZ,1,100,-0.336
9.469000,1431060.000,28690,2,GZ,1,100,-0.610
9.508000,1431099.000,28690,2,GZ,1,100,-0.427
9.547000,1431138.000,28708,3,GZ,1,100,-0.153
9.586000,1431177.000,28708,3,GZ,1,100,0.092
9.625000,1431216.000,28708,3,GZ,1,100,0.122
9.663667,1431254.667,28724,3,GZ,1,100,-0.183
9.702333,1431293.333,28724,3,GZ,1,100,-0.336
9.741000,1431332.000,28724,3,GZ,1,100,0.366
9.781000,1431372.000,28740,2,GZ,1,100,0.153
9.821000,1431412.000,28740,2,GZ,1,100,-0.244
9.860333,1431451.333,28757,3,GZ,1,100,0.183
9.899667,1431490.667,28757,3,GZ,1,100,0.000
9.939000,1431530.000,28757,3,GZ,1,100,0.183
9.978000,1431569.000,28774,2,GZ,1,100,0.397
10.017000,1431608.000,28774,2,GZ,1,100,-0.031
10.056000,1431647.000,28790,3,GZ,1,100,0.092
10.095000,1431686.000,28790,3,GZ,1,100,0.580
10.134000,1431725.000,28790,3,GZ,1,100,0.519
10.173000,1431764.000,28808,3,GZ,1,100,0.641
10.212000,1431803.000,28808,3,GZ,1,100,0.244
10.251000,1431842.000,28808,3,GZ,1,100,0.366
10.290000,1431881.000,28825,2,GZ,1,100,0.336
10.329000,1431920.000,28825,2,GZ,1,100,0.336
10.368000,1431959.000,28842,3,GZ,1,100,0.793
10.407000,1431998.000,28842,3,GZ,1,100,0.214
10.446000,1432037.000,28842,3,GZ,1,100,0.946
10.484500,1432075.500,28858,2,GZ,1,100,1.190
10.523000,1432114.000,28858,2,GZ,1,100,1.312
10.561667,1432152.667,28876,3,GZ,1,100,1.038
10.600333,1432191.333,28876,3,GZ,1,100,1.434
10.639000,1432230.000,28876,3,GZ,1,100,1.984
10.673667,1432264.667,28891,3,GZ,1,100,1.465
10.708333,1432299.333,28891,3,GZ,1,100,0.946
10.743000,1432334.000,28891,3,GZ,1,100,0.885
10.782500,1432373.500,28908,2,GZ,1,100,1.648
10.822000,1432413.000,28908,2,GZ,1,100,2.136
10.861667,1432452.667,28925,3,GZ,1,100,2.472
10.901333,1432492.333,28925,3,GZ,1,100,3.601
10.941000,1432532.000,28925,3,GZ,1,100,4.852
10.980000,1432571.000,28943,4,GZ,1,100,7.660
11.019000,1432610.000,28943,4,GZ,1,100,9.705
11.058000,1432649.000,28943,4,GZ,1,100,11.566
11.097000,1432688.000,28943,4,GZ,1,100,15.839
11.135500,1432726.500,28959,2,GZ,1,100,19.806
11.174000,1432765.000,28959,2,GZ,1,100,23.987
11.213000,1432804.000,28979,3,GZ,1,100,28.625
11.252000,1432843.000,28979,3,GZ,1,100,31.952
11.291000,1432882.000,28979,3,GZ,1,100,33.661
11.330333,1432921.333,28994,3,GZ,1,100,36.041
11.369667,1432960.667,28994,3,GZ,1,100,38.483
11.409000,1433000.000,28994,3,GZ,1,100,40.375
11.449000,1433040.000,29011,2,GZ,1,100,43.762
11.489000,1433080.000,29011,2,GZ,1,100,47.119
11.528000,1433119.000,29028,3,GZ,1,100,50.598
11.567000,1433158.000,29028,3,GZ,1,100,51.971
11.606000,1433197.000,29028,3,GZ,1,100,47.302
11.645000,1433236.000,29045,2,GZ,1,100,45.013
11.684000,1433275.000,29045,2,GZ,1,100,44.495
11.723000,1433314.000,29061,3,GZ,1,100,42.114
11.762000,1433353.000,29061,3,GZ,1,100,40.070
11.801000,1433392.000,29061,3,GZ,1,100,39.917
11.840000,1433431.000,29078,3,GZ,1,100,37.323
11.879000,1433470.000,29078,3,GZ,1,100,32.349
11.918000,1433509.000,29078,3,GZ,1,100,25.635
11.956000,1433547.000,29094,2,GZ,1,100,16.571
11.994000,1433585.000,29094,2,GZ,1,100,10.529
12.034000,1433625.000,29111,3,GZ,1,100,10.101
12.074000,1433665.000,29111,3,GZ,1,100,12.665
12.114000,1433705.000,29111,3,GZ,1,100,10.834
12.153000,1433744.000,29128,2,GZ,1,100,9.674
12.192000,1433783.000,29128,2,GZ,1,100,6.805
12.231000,1433822.000,29146,3,GZ,1,100,1.495
12.270000,1433861.000,29146,3,GZ,1,100,-3.418
12.309000,1433900.000,29146,3,GZ,1,100,-8.942
12.343667,1433934.667,29162,3,GZ,1,100,-14.740
12.378333,1433969.333,29162,3,GZ,1,100,-14.801
12.413000,1434004.000,29162,3,GZ,1,100,-17.426
12.452000,1434043.000,29179,2,GZ,1,100,-23.529
12.491000,1434082.000,29179,2,GZ,1,100,-28.656
12.529333,1434120.333,29198,3,GZ,1,100,-29.755
12.567667,1434158.667,29198,3,GZ,1,100,-25.421
12.606000,1434197.000,29198,3,GZ,1,100,-12.909
12.645000,1434236.000,29215,3,GZ,1,100,-3.357
12.684000,1434275.000,29215,3,GZ,1,100,-0.610
12.723000,1434314.000,29215,3,GZ,1,100,1.068
12.762000,1434353.000,29230,2,GZ,1,100,0.397
12.801000,1434392.000,29230,2,GZ,1,100,5.890
12.840000,1434431.000,29248,3,GZ,1,100,14.038
12.879000,1434470.000,29248,3,GZ,1,100,20.874
12.918000,1434509.000,29248,3,GZ,1,100,23.193
12.957000,1434548.000,29264,2,GZ,1,100,23.590
12.996000,1434587.000,29264,2,GZ,1,100,22.308
13.036000,1434627.000,29281,3,GZ,1,100,17.151
13.076000,1434667.000,29281,3,GZ,1,100,11.108
13.116000,1434707.000,29281,3,GZ,1,100,9.064
13.155000,1434746.000,29297,3,GZ,1,100,10.406
13.194000,1434785.000,29297,3,GZ,1,100,14.282
13.233000,1434824.000,29297,3,GZ,1,100,17.426
13.272000,1434863.000,29316,2,GZ,1,100,18.799
13.311000,1434902.000,29316,2,GZ,1,100,14.130
13.349333,1434940.333,29332,3,GZ,1,100,-1.709
13.387667,1434978.667,29332,3,GZ,1,100,-2.533
13.426000,1435017.000,29332,3,GZ,1,100,11.719
13.465000,1435056.000,29350,2,GZ,1,100,10.956
13.504000,1435095.000,29350,2,GZ,1,100,-0.671
13.543000,1435134.000,29366,3,GZ,1,100,-7.202
13.582000,1435173.000,29366,3,GZ,1,100,-7.385
13.621000,1435212.000,29366,3,GZ,1,100,-8.850
13.661000,1435252.000,29382,2,GZ,1,100,-11.139
13.701000,1435292.000,29382,2,GZ,1,100,-15.015
13.740333,1435331.333,29401,3,GZ,1,100,-17.029
13.779667,1435370.667,29401,3,GZ,1,100,-18.219
13.819000,1435410.000,29401,3,GZ,1,100,-16.632
13.858000,1435449.000,29418,3,GZ,1,100,-10.468
13.897000,1435488.000,29418,3,GZ,1,100,-8.087
13.936000,1435527.000,29418,3,GZ,1,100,-7.507
13.974500,1435565.500,29434,2,GZ,1,100,0.336
14.013000,1435604.000,29434,2,GZ,1,100,2.960
14.051667,1435642.667,29450,3,GZ,1,100,-1.801
14.090333,1435681.333,29450,3,GZ,1,100,-4.700
14.129000,1435720.000,29450,3,GZ,1,100,-4.425
14.163333,1435754.333,29469,3,GZ,1,100,-4.700
14.197667,1435788.667,29469,3,GZ,1,100,-6.622
14.232000,1435823.000,29469,3,GZ,1,100,-9.888
14.271000,1435862.000,29486,2,GZ,1,100,-14.771
14.310000,1435901.000,29486,2,GZ,1,100,-17.548
14.349000,1435940.000,29502,3,GZ,1,100,-13.580
14.388000,1435979.000,29502,3,GZ,1,100,-6.409
14.427000,1436018.000,29502,3,GZ,1,100,-0.122
14.466000,1436057.000,29520,3,GZ,1,100,4.639
14.505000,1436096.000,29520,3,GZ,1,100,9.521
14.544000,1436135.000,29520,3,GZ,1,100,15.625
14.583000,1436174.000,29535,2,GZ,1,100,22.064
14.622000,1436213.000,29535,2,GZ,1,100,29.694
14.661000,1436252.000,29552,3,GZ,1,100,33.081
14.700000,1436291.000,29552,3,GZ,1,100,16.357
14.739000,1436330.000,29552,3,GZ,1,100,6.104
14.777000,1436368.000,29571,2,GZ,1,100,6.897
14.815000,1436406.000,29571,2,GZ,1,100,8.057
14.854000,1436445.000,29588,3,GZ,1,100,2.258
14.893000,1436484.000,29588,3,GZ,1,100,-6.531
14.932000,1436523.000,29588,3,GZ,1,100,-11.627
14.971000,1436562.000,29603,3,GZ,1,100,-17.761
15.010000,1436601.000,29603,3,GZ,1,100,-20.966
15.049000,1436640.000,29603,3,GZ,1,100,-18.341
15.088000,1436679.000,29621,2,GZ,1,100,-22.095
15.127000,1436718.000,29621,2,GZ,1,100,-26.306
15.166000,1436757.000,29639,3,GZ,1,100,-32.532
15.205000,1436796.000,29639,3,GZ,1,100,-30.121
15.244000,1436835.000,29639,3,GZ,1,100,-25.238
15.283000,1436874.000,29656,2,GZ,1,100,-23.468
15.322000,1436913.000,29656,2,GZ,1,100,-20.172
15.360333,1436951.333,29673,3,GZ,1,100,-13.611
15.398667,1436989.667,29673,3,GZ,1,100,-10.803
15.437000,1437028.000,29673,3,GZ,1,100,-8.942
15.476000,1437067.000,29689,3,GZ,1,100,-4.608
15.515000,1437106.000,29689,3,GZ,1,100,-4.730
15.554000,1437145.000,29689,3,GZ,1,100,-7.294
15.592500,1437183.500,29707,2,GZ,1,100,-6.653
15.631000,1437222.000,29707,2,GZ,1,100,-10.376
15.669667,1437260.667,29724,3,GZ,1,100,-10.742
15.708333,1437299.333,29724,3,GZ,1,100,-10.864
15.747000,1437338.000,29724,3,GZ,1,100,-8.942
15.781667,1437372.667,29741,3,GZ,1,100,-5.981
15.816333,1437407.333,29741,3,GZ,1,100,-8.728
15.851000,1437442.000,29741,3,GZ,1,100,-8.453
15.890000,1437481.000,29757,2,GZ,1,100,-7.446
15.929000,1437520.000,29757,2,GZ,1,100,-7.965
15.968000,1437559.000,29773,3,GZ,1,100,-6.683
16.007000,1437598.000,29773,3,GZ,1,100,-3.754
16.046000,1437637.000,29773,3,GZ,1,100,-4.242
16.085000,1437676.000,29792,4,GZ,1,100,-2.441
16.124000,1437715.000,29792,4,GZ,1,100,0.153
16.163000,1437754.000,29792,4,GZ,1,100,-1.556
16.202000,1437793.000,29792,4,GZ,1,100,-4.913
16.241000,1437832.000,29810,2,GZ,1,100,-2.411
16.280000,1437871.000,29810,2,GZ,1,100,3.876
16.319667,1437910.667,29827,3,GZ,1,100,1.831
16.359333,1437950.333,29827,3,GZ,1,100,-0.488
16.399000,1437990.000,29827,3,GZ,1,100,5.951
16.438000,1438029.000,29844,3,GZ,1,100,7.385
16.477000,1438068.000,29844,3,GZ,1,100,4.974
16.516000,1438107.000,29844,3,GZ,1,100,5.127
16.555000,1438146.000,29861,2,GZ,1,100,1.343
16.594000,1438185.000,29861,2,GZ,1,100,0.031
16.633000,1438224.000,29876,3,GZ,1,100,0.946
16.672000,1438263.000,29876,3,GZ,1,100,0.397
16.711000,1438302.000,29876,3,GZ,1,100,-1.404
16.750000,1438341.000,29894,2,GZ,1,100,2.960
16.789000,1438380.000,29894,2,GZ,1,100,12.543
16.827667,1438418.667,29912,3,GZ,1,100,18.951
16.866333,1438457.333,29912,3,GZ,1,100,23.743
16.905000,1438496.000,29912,3,GZ,1,100,23.895
16.944667,1438535.667,29929,3,GZ,1,100,22.522
16.984333,1438575.333,29929,3,GZ,1,100,22.766
17.024000,1438615.000,29929,3,GZ,1,100,24.597
17.062500,1438653.500,29945,2,GZ,1,100,27.283
17.101000,1438692.000,29945,2,GZ,1,100,27.435
17.140000,1438731.000,29964,3,GZ,1,100,22.430
17.179000,1438770.000,29964,3,GZ,1,100,14.038
17.218000,1438809.000,29964,3,GZ,1,100,8.636
17.257000,1438848.000,29980,2,GZ,1,100,6.165
17.296000,1438887.000,29980,2,GZ,1,100,3.815
17.335000,1438926.000,29998,3,GZ,1,100,-0.153
17.374000,1438965.000,29998,3,GZ,1,100,-5.371
17.413000,1439004.000,29998,3,GZ,1,100,-14.038
17.452000,1439043.000,30014,2,GZ,1,100,-19.409
17.491000,1439082.000,30014,2,GZ,1,100,-14.984
17.525333,1439116.333,30030,3,GZ,1,100,-2.380
17.559667,1439150.667,30030,3,GZ,1,100,6.012
17.594000,1439185.000,30030,3,GZ,1,100,9.155
17.632667,1439223.667,30047,3,GZ,1,100,7.812
17.671333,1439262.333,30047,3,GZ,1,100,8.057
17.710000,1439301.000,30047,3,GZ,1,100,13.000
17.749000,1439340.000,30064,3,GZ,1,100,20.874
17.788000,1439379.000,30064,3,GZ,1,100,25.391
17.827000,1439418.000,30064,3,GZ,1,100,25.452
17.866500,1439457.500,30082,2,GZ,1,100,24.658
17.906000,1439497.000,30082,2,GZ,1,100,24.963
17.945667,1439536.667,30098,3,GZ,1,100,26.093
17.985333,1439576.333,30098,3,GZ,1,100,26.459
18.025000,1439616.000,30098,3,GZ,1,100,28.564
18.064000,1439655.000,30117,2,GZ,1,100,32.257
18.103000,1439694.000,30117,2,GZ,1,100,34.973
18.142000,1439733.000,30134,3,GZ,1,100,38.483
18.181000,1439772.000,30134,3,GZ,1,100,41.992
18.220000,1439811.000,30134,3,GZ,1,100,38.513
18.258333,1439849.333,30150,3,GZ,1,100,20.844
18.296667,1439887.667,30150,3,GZ,1,100,19.165
18.335000,1439926.000,30150,3,GZ,1,100,22.125
18.374000,1439965.000,30168,2,GZ,1,100,10.345
18.413000,1440004.000,30168,2,GZ,1,100,6.714
18.451667,1440042.667,30183,3,GZ,1,100,6.805
18.490333,1440081.333,30183,3,GZ,1,100,2.838
18.529000,1440120.000,30183,3,GZ,1,100,-2.991
18.569000,1440160.000,30200,2,GZ,1,100,-7.935
18.609000,1440200.000,30200,2,GZ,1,100,-11.322
18.648000,1440239.000,30217,3,GZ,1,100,-12.756
18.687000,1440278.000,30217,3,GZ,1,100,-17.151
18.726000,1440317.000,30217,3,GZ,1,100,-26.703
18.765000,1440356.000,30234,2,GZ,1,100,-34.119
18.804000,1440395.000,30234,2,GZ,1,100,-32.471
18.843000,1440434.000,30249,3,GZ,1,100,-18.494
18.882000,1440473.000,30249,3,GZ,1,100,-2.899
18.921000,1440512.000,30249,3,GZ,1,100,-1.465
18.960000,1440551.000,30267,3,GZ,1,100,-10.345
18.999000,1440590.000,30267,3,GZ,1,100,-15.228
19.038000,1440629.000,30267,3,GZ,1,100,-11.993
19.077000,1440668.000,30285,2,GZ,1,100,-7.507
19.116000,1440707.000,30285,2,GZ,1,100,-0.793
19.156000,1440747.000,30302,3,GZ,1,100,8.606
19.196000,1440787.000,30302,3,GZ,1,100,14.923
19.236000,1440827.000,30302,3,GZ,1,100,13.611
19.270667,1440861.667,30318,3,GZ,1,100,19.806
19.305333,1440896.333,30318,3,GZ,1,100,21.362
19.340000,1440931.000,30318,3,GZ,1,100,4.150
19.379000,1440970.000,30335,2,GZ,1,100,3.906
19.418000,1441009.000,30335,2,GZ,1,100,12.909
19.457000,1441048.000,30353,3,GZ,1,100,11.780
19.496000,1441087.000,30353,3,GZ,1,100,6.287
19.535000,1441126.000,30353,3,GZ,1,100,1.587
19.574000,1441165.000,30370,2,GZ,1,100,3.265
19.613000,1441204.000,30370,2,GZ,1,100,11.230
19.651333,1441242.333,30387,3,GZ,1,100,12.207
19.689667,1441280.667,30387,3,GZ,1,100,8.301
19.728000,1441319.000,30387,3,GZ,1,100,5.951
19.767000,1441358.000,30403,3,GZ,1,100,0.519
19.806000,1441397.000,30403,3,GZ,1,100,-10.040
19.845000,1441436.000,30403,3,GZ,1,100,-19.714
19.883000,1441474.000,30419,2,GZ,1,100,-15.808
19.921000,1441512.000,30419,2,GZ,1,100,-21.301
19.960000,1441551.000,30437,3,GZ,1,100,-20.569
19.999000,1441590.000,30437,3,GZ,1,100,0.610
20.038000,1441629.000,30437,3,GZ,1,100,15.808
20.077000,1441668.000,30455,2,GZ,1,100,10.712
20.116000,1441707.000,30455,2,GZ,1,100,1.831
20.156000,1441747.000,30472,3,GZ,1,100,-3.571
20.196000,1441787.000,30472,3,GZ,1,100,-4.578
20.236000,1441827.000,30472,3,GZ,1,100,-1.160
20.275000,1441866.000,30488,3,GZ,1,100,1.282
20.314000,1441905.000,30488,3,GZ,1,100,3.662
20.353000,1441944.000,30488,3,GZ,1,100,8.820
20.392000,1441983.000,30505,2,GZ,1,100,13.428
20.431000,1442022.000,30505,2,GZ,1,100,20.691
20.469333,1442060.333,30523,3,GZ,1,100,26.123
20.507667,1442098.667,30523,3,GZ,1,100,30.457
20.546000,1442137.000,30523,3,GZ,1,100,22.400
20.585000,1442176.000,30541,2,GZ,1,100,6.134
20.624000,1442215.000,30541,2,GZ,1,100,11.414
20.663333,1442254.333,30556,3,GZ,1,100,12.238
20.702667,1442293.667,30556,3,GZ,1,100,16.968
20.742000,1442333.000,30556,3,GZ,1,100,17.670
20.782000,1442373.000,30573,3,GZ,1,100,8.423
20.822000,1442413.000,30573,3,GZ,1,100,2.167
20.862000,1442453.000,30573,3,GZ,1,100,-0.153
20.901000,1442492.000,30589,2,GZ,1,100,-3.113
20.940000,1442531.000,30589,2,GZ,1,100,-3.326
20.974667,1442565.667,30609,3,GZ,1,100,-5.920
21.009333,1442600.333,30609,3,GZ,1,100,-20.355
21.044000,1442635.000,30609,3,GZ,1,100,-29.358
21.083000,1442674.000,30624,3,GZ,1,100,-29.175
21.122000,1442713.000,30624,3,GZ,1,100,-35.553
21.161000,1442752.000,30624,3,GZ,1,100,-22.705
21.201000,1442792.000,30641,2,GZ,1,100,-7.599
21.241000,1442832.000,30641,2,GZ,1,100,-14.679
21.279333,1442870.333,30658,3,GZ,1,100,-27.954
21.317667,1442908.667,30658,3,GZ,1,100,-27.496
21.356000,1442947.000,30658,3,GZ,1,100,-18.860
21.395000,1442986.000,30675,2,GZ,1,100,-10.742
21.434000,1443025.000,30675,2,GZ,1,100,-5.035
21.473000,1443064.000,30691,3,GZ,1,100,1.495
21.512000,1443103.000,30691,3,GZ,1,100,9.186
21.551000,1443142.000,30691,3,GZ,1,100,9.766
21.590000,1443181.000,30708,3,GZ,1,100,11.414
21.629000,1443220.000,30708,3,GZ,1,100,23.346
21.668000,1443259.000,30708,3,GZ,1,100,29.144
21.707000,1443298.000,30726,2,GZ,1,100,17.426
21.746000,1443337.000,30726,2,GZ,1,100,20.508
21.785000,1443376.000,30743,3,GZ,1,100,18.494
21.824000,1443415.000,30743,3,GZ,1,100,3.021
21.863000,1443454.000,30743,3,GZ,1,100,1.251
21.901000,1443492.000,30760,2,GZ,1,100,8.362
21.939000,1443530.000,30760,2,GZ,1,100,7.263
21.978000,1443569.000,30778,3,GZ,1,100,4.272
22.017000,1443608.000,30778,3,GZ,1,100,4.700
22.056000,1443647.000,30778,3,GZ,1,100,5.127
22.095000,1443686.000,30796,3,GZ,1,100,2.991
22.134000,1443725.000,30796,3,GZ,1,100,-1.129
22.173000,1443764.000,30796,3,GZ,1,100,-5.371
22.212000,1443803.000,30813,2,GZ,1,100,-3.876
22.251000,1443842.000,30813,2,GZ,1,100,6.073
22.290000,1443881.000,30830,3,GZ,1,100,0.946
22.329000,1443920.000,30830,3,GZ,1,100,-6.348
22.368000,1443959.000,30830,3,GZ,1,100,0.153
22.407000,1443998.000,30847,2,GZ,1,100,4.822
22.446000,1444037.000,30847,2,GZ,1,100,4.883
22.484333,1444075.333,30862,3,GZ,1,100,8.087
22.522667,1444113.667,30862,3,GZ,1,100,12.665
22.561000,1444152.000,30862,3,GZ,1,100,20.996
22.600000,1444191.000,30880,3,GZ,1,100,24.078
22.639000,1444230.000,30880,3,GZ,1,100,21.332
22.678000,1444269.000,30880,3,GZ,1,100,26.520
22.710000,1444301.000,30896,2,GZ,1,100,35.034
22.742000,1444333.000,30896,2,GZ,1,100,30.457
22.782000,1444373.000,30913,3,GZ,1,100,11.719
22.822000,1444413.000,30913,3,GZ,1,100,2.747
22.862000,1444453.000,30913,3,GZ,1,100,12.177
22.901000,1444492.000,30929,3,GZ,1,100,5.035
22.940000,1444531.000,30929,3,GZ,1,100,-2.625
22.979000,1444570.000,30929,3,GZ,1,100,2.533
23.018000,1444609.000,30948,2,GZ,1,100,2.350
23.057000,1444648.000,30948,2,GZ,1,100,3.113
23.096000,1444687.000,30966,3,GZ,1,100,0.641
23.135000,1444726.000,30966,3,GZ,1,100,2.319
23.174000,1444765.000,30966,3,GZ,1,100,2.045
23.213000,1444804.000,30984,2,GZ,1,100,1.221
23.252000,1444843.000,30984,2,GZ,1,100,-0.977
23.290333,1444881.333,31000,3,GZ,1,100,-1.373
23.328667,1444919.667,31000,3,GZ,1,100,-1.709
23.367000,1444958.000,31000,3,GZ,1,100,-3.387
23.407000,1444998.000,31016,3,GZ,1,100,-3.296
23.447000,1445038.000,31016,3,GZ,1,100,-1.984
23.487000,1445078.000,31016,3,GZ,1,100,-1.404
23.526000,1445117.000,31033,2,GZ,1,100,0.610
23.565000,1445156.000,31033,2,GZ,1,100,1.434
23.604000,1445195.000,31050,3,GZ,1,100,-0.336
23.643000,1445234.000,31050,3,GZ,1,100,-3.815
23.682000,1445273.000,31050,3,GZ,1,100,-2.930
23.721000,1445312.000,31066,2,GZ,1,100,-3.967
23.760000,1445351.000,31066,2,GZ,1,100,-8.209
23.799000,1445390.000,31083,3,GZ,1,100,-9.583
23.838000,1445429.000,31083,3,GZ,1,100,-5.859
23.877000,1445468.000,31083,3,GZ,1,100,-3.723
23.916000,1445507.000,31101,3,GZ,1,100,-3.723
23.955000,1445546.000,31101,3,GZ,1,100,-2.869
23.994000,1445585.000,31101,3,GZ,1,100,-3.082
24.034000,1445625.000,31118,2,GZ,1,100,-2.136
24.074000,1445665.000,31118,2,GZ,1,100,0.580
24.112333,1445703.333,31134,3,GZ,1,100,0.702
24.150667,1445741.667,31134,3,GZ,1,100,0.397
24.189000,1445780.000,31134,3,GZ,1,100,-0.092
24.228000,1445819.000,31152,2,GZ,1,100,1.129
24.267000,1445858.000,31152,2,GZ,1,100,1.007
24.306000,1445897.000,31167,3,GZ,1,100,3.571
24.345000,1445936.000,31167,3,GZ,1,100,7.172
24.384000,1445975.000,31167,3,GZ,1,100,10.437
24.418667,1446009.667,31184,3,GZ,1,100,16.357
24.453333,1446044.333,31184,3,GZ,1,100,21.484
24.488000,1446079.000,31184,3,GZ,1,100,19.073
24.527000,1446118.000,31201,3,GZ,1,100,21.423
24.566000,1446157.000,31201,3,GZ,1,100,31.433
24.605000,1446196.000,31201,3,GZ,1,100,36.377
24.644000,1446235.000,31218,2,GZ,1,100,33.691
24.683000,1446274.000,31218,2,GZ,1,100,30.609
24.721333,1446312.333,31234,3,GZ,1,100,28.534
24.759667,1446350.667,31234,3,GZ,1,100,25.238
24.798000,1446389.000,31234,3,GZ,1,100,24.261
24.837000,1446428.000,31251,2,GZ,1,100,20.355
24.876000,1446467.000,31251,2,GZ,1,100,12.878
24.915000,1446506.000,31269,3,GZ,1,100,3.845
24.954000,1446545.000,31269,3,GZ,1,100,-3.998
24.993000,1446584.000,31269,3,GZ,1,100,-9.705
25.033000,1446624.000,31286,3,GZ,1,100,-13.397
25.073000,1446664.000,31286,3,GZ,1,100,-11.139
25.113000,1446704.000,31286,3,GZ,1,100,-6.989
25.152000,1446743.000,31303,2,GZ,1,100,-3.967
25.191000,1446782.000,31303,2,GZ,1,100,-2.930
25.230000,1446821.000,31319,3,GZ,1,100,-4.272
25.269000,1446860.000,31319,3,GZ,1,100,-2.350
25.308000,1446899.000,31319,3,GZ,1,100,3.265
25.346500,1446937.500,31337,2,GZ,1,100,12.329
25.385000,1446976.000,31337,2,GZ,1,100,23.071
25.423667,1447014.667,31354,3,GZ,1,100,22.675
25.462333,1447053.333,31354,3,GZ,1,100,7.355
25.501000,1447092.000,31354,3,GZ,1,100,-4.517
25.540000,1447131.000,31371,3,GZ,1,100,2.930
25.579000,1447170.000,31371,3,GZ,1,100,5.890
25.618000,1447209.000,31371,3,GZ,1,100,-13.611
25.658000,1447249.000,31388,2,GZ,1,100,-23.560
25.698000,1447289.000,31388,2,GZ,1,100,-21.637
25.737333,1447328.333,31403,3,GZ,1,100,-18.494
25.776667,1447367.667,31403,3,GZ,1,100,-14.984
25.816000,1447407.000,31403,3,GZ,1,100,-13.092
25.855000,1447446.000,31421,2,GZ,1,100,-10.162
25.894000,1447485.000,31421,2,GZ,1,100,-6.073
25.933000,1447524.000,31439,3,GZ,1,100,-3.296
25.972000,1447563.000,31439,3,GZ,1,100,-0.549
26.011000,1447602.000,31439,3,GZ,1,100,-5.035
26.050000,1447641.000,31456,3,GZ,1,100,-5.035
26.089000,1447680.000,31456,3,GZ,1,100,10.162
26.128000,1447719.000,31456,3,GZ,1,100,22.186
26.159500,1447750.500,31472,2,GZ,1,100,26.703
26.191000,1447782.000,31472,2,GZ,1,100,24.597
26.230000,1447821.000,31489,3,GZ,1,100,16.724
26.269000,1447860.000,31489,3,GZ,1,100,9.460
26.308000,1447899.000,31489,3,GZ,1,100,4.364
26.347000,1447938.000,31505,3,GZ,1,100,-0.580
26.386000,1447977.000,31505,3,GZ,1,100,-8.179
26.425000,1448016.000,31505,3,GZ,1,100,-14.374
26.464000,1448055.000,31523,2,GZ,1,100,-16.479
26.503000,1448094.000,31523,2,GZ,1,100,-15.686
26.542000,1448133.000,31539,3,GZ,1,100,-11.108
26.581000,1448172.000,31539,3,GZ,1,100,-1.099
26.620000,1448211.000,31539,3,GZ,1,100,7.385
26.659000,1448250.000,31555,2,GZ,1,100,11.749
26.698000,1448289.000,31555,2,GZ,1,100,18.646
26.736333,1448327.333,31572,3,GZ,1,100,26.428
26.774667,1448365.667,31572,3,GZ,1,100,14.557
26.813000,1448404.000,31572,3,GZ,1,100,8.026
26.852000,1448443.000,31591,3,GZ,1,100,24.780
26.891000,1448482.000,31591,3,GZ,1,100,41.534
26.930000,1448521.000,31591,3,GZ,1,100,39.429
26.968500,1448559.500,31609,2,GZ,1,100,19.775
27.007000,1448598.000,31609,2,GZ,1,100,5.493
27.045667,1448636.667,31625,3,GZ,1,100,-0.610
27.084333,1448675.333,31625,3,GZ,1,100,3.906
27.123000,1448714.000,31625,3,GZ,1,100,5.432
27.162000,1448753.000,31642,2,GZ,1,100,-5.219
27.201000,1448792.000,31642,2,GZ,1,100,-11.444
27.241000,1448832.000,31659,3,GZ,1,100,-13.214
27.281000,1448872.000,31659,3,GZ,1,100,-16.296
27.321000,1448912.000,31659,3,GZ,1,100,-15.442
27.360333,1448951.333,31675,3,GZ,1,100,-14.984
27.399667,1448990.667,31675,3,GZ,1,100,-17.853
27.439000,1449030.000,31675,3,GZ,1,100,-22.522
27.478000,1449069.000,31693,2,GZ,1,100,-24.597
27.517000,1449108.000,31693,2,GZ,1,100,-19.196
27.555667,1449146.667,31708,3,GZ,1,100,-23.987
27.594333,1449185.333,31708,3,GZ,1,100,-32.745
27.633000,1449224.000,31708,3,GZ,1,100,-31.464
27.672000,1449263.000,31725,2,GZ,1,100,-19.196
27.711000,1449302.000,31725,2,GZ,1,100,-0.610
27.750000,1449341.000,31742,3,GZ,1,100,1.801
27.789000,1449380.000,31742,3,GZ,1,100,-0.122
27.828000,1449419.000,31742,3,GZ,1,100,1.801
27.863333,1449454.333,31761,3,GZ,1,100,4.395
27.898667,1449489.667,31761,3,GZ,1,100,7.843
27.934000,1449525.000,31761,3,GZ,1,100,10.468
27.973000,1449564.000,31776,2,GZ,1,100,12.207
28.012000,1449603.000,31776,2,GZ,1,100,14.496
28.051000,1449642.000,31794,3,GZ,1,100,13.672
28.090000,1449681.000,31794,3,GZ,1,100,9.277
28.129000,1449720.000,31794,3,GZ,1,100,8.331
28.167333,1449758.333,31810,3,GZ,1,100,12.634
28.205667,1449796.667,31810,3,GZ,1,100,14.038
28.244000,1449835.000,31810,3,GZ,1,100,3.571
28.284000,1449875.000,31827,2,GZ,1,100,-16.388
28.324000,1449915.000,31827,2,GZ,1,100,-13.367
28.362333,1449953.333,31843,3,GZ,1,100,13.031
28.400667,1449991.667,31843,3,GZ,1,100,29.114
28.439000,1450030.000,31843,3,GZ,1,100,19.714
28.478000,1450069.000,31860,2,GZ,1,100,-1.984
28.517000,1450108.000,31860,2,GZ,1,100,-9.857
28.556000,1450147.000,31878,3,GZ,1,100,-0.458
28.595000,1450186.000,31878,3,GZ,1,100,10.162
28.634000,1450225.000,31878,3,GZ,1,100,10.681
28.673000,1450264.000,31895,3,GZ,1,100,1.709
28.712000,1450303.000,31895,3,GZ,1,100,-6.531
28.751000,1450342.000,31895,3,GZ,1,100,-9.369
28.790000,1450381.000,31914,2,GZ,1,100,-9.399
28.829000,1450420.000,31914,2,GZ,1,100,-8.148
28.868000,1450459.000,31930,3,GZ,1,100,-8.514
28.907000,1450498.000,31930,3,GZ,1,100,-6.531
28.946000,1450537.000,31930,3,GZ,1,100,-7.019
28.984500,1450575.500,31946,2,GZ,1,100,-14.557
29.023000,1450614.000,31946,2,GZ,1,100,-22.705
29.061667,1450652.667,31964,3,GZ,1,100,-24.231
29.100333,1450691.333,31964,3,GZ,1,100,-22.430
29.139000,1450730.000,31964,3,GZ,1,100,-27.832
29.178000,1450769.000,31980,3,GZ,1,100,-35.278
29.217000,1450808.000,31980,3,GZ,1,100,-36.499
29.256000,1450847.000,31980,3,GZ,1,100,-27.985
29.295000,1450886.000,31997,2,GZ,1,100,-19.012
29.334000,1450925.000,31997,2,GZ,1,100,-18.555
29.373000,1450964.000,32015,3,GZ,1,100,-23.346
29.412000,1451003.000,32015,3,GZ,1,100,-24.414
29.451000,1451042.000,32015,3,GZ,1,100,-22.003
29.490000,1451081.000,32032,2,GZ,1,100,-20.386
29.529000,1451120.000,32032,2,GZ,1,100,-18.097
29.567333,1451158.333,32048,3,GZ,1,100,-19.928
29.605667,1451196.667,32048,3,GZ,1,100,-23.590
29.644000,1451235.000,32048,3,GZ,1,100,-23.132
29.678667,1451269.667,32066,3,GZ,1,100,-20.874
29.713333,1451304.333,32066,3,GZ,1,100,-14.618
29.748000,1451339.000,32066,3,GZ,1,100,-9.521
29.786333,1451377.333,32083,3,GZ,1,100,-2.136
29.824667,1451415.667,32083,3,GZ,1,100,1.923
29.863000,1451454.000,32083,3,GZ,1,100,4.547
29.903000,1451494.000,32100,2,GZ,1,100,4.150
29.943000,1451534.000,32100,2,GZ,1,100,5.768
29.982333,1451573.333,32116,3,GZ,1,100,8.087
30.021667,1451612.667,32116,3,GZ,1,100,8.270
30.061000,1451652.000,32116,3,GZ,1,100,7.812
30.100000,1451691.000,32134,2,GZ,1,100,6.775
30.139000,1451730.000,32134,2,GZ,1,100,7.996
30.178000,1451769.000,32150,3,GZ,1,100,7.721
30.217000,1451808.000,32150,3,GZ,1,100,6.317
30.256000,1451847.000,32150,3,GZ,1,100,5.737
30.295000,1451886.000,32166,2,GZ,1,100,5.219
30.334000,1451925.000,32166,2,GZ,1,100,6.073
30.372667,1451963.667,32183,3,GZ,1,100,5.981
30.411333,1452002.333,32183,3,GZ,1,100,5.188
30.450000,1452041.000,32183,3,GZ,1,100,5.646
30.490000,1452081.000,32200,3,GZ,1,100,4.822
30.530000,1452121.000,32200,3,GZ,1,100,5.096
30.570000,1452161.000,32200,3,GZ,1,100,5.554
30.609500,1452200.500,32216,2,GZ,1,100,3.418
30.649000,1452240.000,32216,2,GZ,1,100,1.892
30.688000,1452279.000,32233,3,GZ,1,100,2.838
30.727000,1452318.000,32233,3,GZ,1,100,2.808
30.766000,1452357.000,32233,3,GZ,1,100,3.540
30.805000,1452396.000,32251,2,GZ,1,100,2.686
30.844000,1452435.000,32251,2,GZ,1,100,0.244
30.883000,1452474.000,32268,3,GZ,1,100,0.641
30.922000,1452513.000,32268,3,GZ,1,100,-0.397
30.961000,1452552.000,32268,3,GZ,1,100,0.793
30.999333,1452590.333,32287,3,GZ,1,100,2.869
31.037667,1452628.667,32287,3,GZ,1,100,-0.244
31.076000,1452667.000,32287,3,GZ,1,100,-0.702
31.116000,1452707.000,32304,2,GZ,1,100,0.641
31.156000,1452747.000,32304,2,GZ,1,100,0.580
31.194333,1452785.333,32319,3,GZ,1,100,-0.519
31.232667,1452823.667,32319,3,GZ,1,100,-1.221
31.271000,1452862.000,32319,3,GZ,1,100,-1.343
31.305667,1452896.667,32337,3,GZ,1,100,-2.472
31.340333,1452931.333,32337,3,GZ,1,100,-2.960
31.375000,1452966.000,32337,3,GZ,1,100,-1.862
31.414000,1453005.000,32353,2,GZ,1,100,1.648
31.453000,1453044.000,32353,2,GZ,1,100,6.012
31.492667,1453083.667,32370,3,GZ,1,100,9.827
31.532333,1453123.333,32370,3,GZ,1,100,11.932
31.572000,1453163.000,32370,3,GZ,1,100,11.047
31.611500,1453202.500,32385,2,GZ,1,100,7.660
31.651000,1453242.000,32385,2,GZ,1,100,4.822
31.690000,1453281.000,32405,3,GZ,1,100,6.256
31.729000,1453320.000,32405,3,GZ,1,100,6.561
31.768000,1453359.000,32405,3,GZ,1,100,7.904
31.806667,1453397.667,32421,3,GZ,1,100,8.545
31.845333,1453436.333,32421,3,GZ,1,100,9.369
31.884000,1453475.000,32421,3,GZ,1,100,13.763
31.922500,1453513.500,32438,2,GZ,1,100,13.062
31.961000,1453552.000,32438,2,GZ,1,100,8.362
32.000000,1453591.000,32455,3,GZ,1,100,7.568
32.039000,1453630.000,32455,3,GZ,1,100,9.491
32.078000,1453669.000,32455,3,GZ,1,100,8.270
32.118000,1453709.000,32471,2,GZ,1,100,8.087
32.158000,1453749.000,32471,2,GZ,1,100,6.958
32.197667,1453788.667,32487,3,GZ,1,100,7.507
32.237333,1453828.333,32487,3,GZ,1,100,12.848
32.277000,1453868.000,32487,3,GZ,1,100,18.066
32.316000,1453907.000,32505,2,GZ,1,100,23.041
32.355000,1453946.000,32505,2,GZ,1,100,24.445
32.394000,1453985.000,32523,3,GZ,1,100,21.881
32.433000,1454024.000,32523,3,GZ,1,100,23.132
32.472000,1454063.000,32523,3,GZ,1,100,24.384
32.510667,1454101.667,32539,3,GZ,1,100,23.499
32.549333,1454140.333,32539,3,GZ,1,100,21.881
32.588000,1454179.000,32539,3,GZ,1,100,26.367
32.626500,1454217.500,32556,2,GZ,1,100,36.713
32.665000,1454256.000,32556,2,GZ,1,100,47.302
32.704333,1454295.333,32575,3,GZ,1,100,56.671
32.743667,1454334.667,32575,3,GZ,1,100,66.864
32.783000,1454374.000,32575,3,GZ,1,100,76.965
32.822500,1454413.500,32591,2,GZ,1,100,78.156
32.862000,1454453.000,32591,2,GZ,1,100,78.552
32.901000,1454492.000,32608,3,GZ,1,100,76.385
32.940000,1454531.000,32608,3,GZ,1,100,57.678
32.979000,1454570.000,32608,3,GZ,1,100,39.246
33.013667,1454604.667,32624,3,GZ,1,100,34.210
33.048333,1454639.333,32624,3,GZ,1,100,16.663
33.083000,1454674.000,32624,3,GZ,1,100,10.803
33.122000,1454713.000,32641,3,GZ,1,100,11.505
33.161000,1454752.000,32641,3,GZ,1,100,1.526
33.200000,1454791.000,32641,3,GZ,1,100,-6.042
33.238500,1454829.500,32659,4,GZ,1,100,-15.869
33.277000,1454868.000,32659,4,GZ,1,100,-23.438
33.315500,1454906.500,32659,4,GZ,1,100,-34.821
33.354000,1454945.000,32659,4,GZ,1,100,-45.197
33.393000,1454984.000,32675,3,GZ,1,100,-55.237
33.432000,1455023.000,32675,3,GZ,1,100,-55.542
33.471000,1455062.000,32675,3,GZ,1,100,-51.544
33.510000,1455101.000,32692,2,GZ,1,100,-48.981
33.549000,1455140.000,32692,2,GZ,1,100,-52.032
33.588000,1455179.000,32709,3,GZ,1,100,-55.695
33.627000,1455218.000,32709,3,GZ,1,100,-59.509
33.666000,1455257.000,32709,3,GZ,1,100,-60.974
33.705000,1455296.000,32728,3,GZ,1,100,-60.638
33.744000,1455335.000,32728,3,GZ,1,100,-59.875
33.783000,1455374.000,32728,3,GZ,1,100,-55.237
33.822000,1455413.000,32745,2,GZ,1,100,-50.720
33.861000,1455452.000,32745,2,GZ,1,100,-48.462
33.899333,1455490.333,32763,3,GZ,1,100,-44.708
33.937667,1455528.667,32763,3,GZ,1,100,-36.499
33.976000,1455567.000,32763,3,GZ,1,100,-31.616
34.015000,1455606.000,32779,2,GZ,1,100,-31.128
34.054000,1455645.000,32779,2,GZ,1,100,-33.783
34.092667,1455683.667,32796,3,GZ,1,100,-36.407
34.131333,1455722.333,32796,3,GZ,1,100,-49.744
34.170000,1455761.000,32796,3,GZ,1,100,-65.308
34.209000,1455800.000,32811,3,GZ,1,100,-59.875
34.248000,1455839.000,32811,3,GZ,1,100,-50.964
34.287000,1455878.000,32811,3,GZ,1,100,-46.387
34.326500,1455917.500,32829,2,GZ,1,100,-47.546
34.366000,1455957.000,32829,2,GZ,1,100,-53.589
34.405667,1455996.667,32845,3,GZ,1,100,-60.547
34.445333,1456036.333,32845,3,GZ,1,100,-64.575
34.485000,1456076.000,32845,3,GZ,1,100,-63.751
34.524000,1456115.000,32862,2,GZ,1,100,-60.913
34.563000,1456154.000,32862,2,GZ,1,100,-57.373
34.602000,1456193.000,32879,3,GZ,1,100,-55.634
34.641000,1456232.000,32879,3,GZ,1,100,-54.016
34.680000,1456271.000,32879,3,GZ,1,100,-48.279
34.718000,1456309.000,32897,2,GZ,1,100,-41.382
34.756000,1456347.000,32897,2,GZ,1,100,-38.239
34.791000,1456382.000,32913,3,GZ,1,100,-36.041
34.826000,1456417.000,32913,3,GZ,1,100,-31.830
34.861000,1456452.000,32913,3,GZ,1,100,-34.149
34.900000,1456491.000,32931,3,GZ,1,100,-25.055
34.939000,1456530.000,32931,3,GZ,1,100,-16.693
34.978000,1456569.000,32931,3,GZ,1,100,-20.691
35.017000,1456608.000,32947,3,GZ,1,100,-22.369
35.056000,1456647.000,32947,3,GZ,1,100,-14.282
35.095000,1456686.000,32947,3,GZ,1,100,-5.341
35.134000,1456725.000,32963,2,GZ,1,100,2.319
35.173000,1456764.000,32963,2,GZ,1,100,5.615
35.212000,1456803.000,32980,3,GZ,1,100,7.935
35.251000,1456842.000,32980,3,GZ,1,100,15.503
35.290000,1456881.000,32980,3,GZ,1,100,23.865
35.329000,1456920.000,32997,2,GZ,1,100,23.682
35.368000,1456959.000,32997,2,GZ,1,100,27.161
35.407000,1456998.000,33013,3,GZ,1,100,33.417
35.446000,1457037.000,33013,3,GZ,1,100,27.771
35.485000,1457076.000,33013,3,GZ,1,100,4.181
35.523333,1457114.333,33031,3,GZ,1,100,3.693
35.561667,1457152.667,33031,3,GZ,1,100,15.930
35.600000,1457191.000,33031,3,GZ,1,100,20.935
35.639000,1457230.000,33048,2,GZ,1,100,14.557
35.678000,1457269.000,33048,2,GZ,1,100,7.507
35.717000,1457308.000,33065,3,GZ,1,100,12.634
35.756000,1457347.000,33065,3,GZ,1,100,17.059
35.795000,1457386.000,33065,3,GZ,1,100,9.430
35.834000,1457425.000,33081,3,GZ,1,100,-3.845
35.873000,1457464.000,33081,3,GZ,1,100,-10.345
35.912000,1457503.000,33081,3,GZ,1,100,-11.871
35.951000,1457542.000,33099,2,GZ,1,100,-14.069
35.990000,1457581.000,33099,2,GZ,1,100,-17.090
36.028667,1457619.667,33115,3,GZ,1,100,-18.585
36.067333,1457658.333,33115,3,GZ,1,100,-21.362
36.106000,1457697.000,33115,3,GZ,1,100,-23.407
36.144500,1457735.500,33131,2,GZ,1,100,-27.557
36.183000,1457774.000,33131,2,GZ,1,100,-37.018
36.222000,1457813.000,33148,3,GZ,1,100,-34.851
36.261000,1457852.000,33148,3,GZ,1,100,-18.768
36.300000,1457891.000,33148,3,GZ,1,100,-1.007
36.339000,1457930.000,33165,3,GZ,1,100,-7.812
36.378000,1457969.000,33165,3,GZ,1,100,-19.348
36.417000,1458008.000,33165,3,GZ,1,100,-11.749
36.456000,1458047.000,33181,2,GZ,1,100,3.845
36.495000,1458086.000,33181,2,GZ,1,100,16.083
36.529333,1458120.333,33198,3,GZ,1,100,20.386
36.563667,1458154.667,33198,3,GZ,1,100,24.445
36.598000,1458189.000,33198,3,GZ,1,100,25.391
36.637000,1458228.000,33218,3,GZ,1,100,22.491
36.676000,1458267.000,33218,3,GZ,1,100,23.651
36.715000,1458306.000,33218,3,GZ,1,100,28.107
36.753500,1458344.500,33235,2,GZ,1,100,32.562
36.792000,1458383.000,33235,2,GZ,1,100,39.764
36.831000,1458422.000,33252,3,GZ,1,100,45.288
36.870000,1458461.000,33252,3,GZ,1,100,43.060
36.909000,1458500.000,33252,3,GZ,1,100,25.635
36.948333,1458539.333,33269,3,GZ,1,100,13.641
36.987667,1458578.667,33269,3,GZ,1,100,19.043
37.027000,1458618.000,33269,3,GZ,1,100,30.670
37.067000,1458658.000,33284,2,GZ,1,100,35.339
37.107000,1458698.000,33284,2,GZ,1,100,29.358
37.146000,1458737.000,33302,3,GZ,1,100,24.689
37.185000,1458776.000,33302,3,GZ,1,100,25.146
37.224000,1458815.000,33302,3,GZ,1,100,28.015
37.263000,1458854.000,33318,2,GZ,1,100,22.522
37.302000,1458893.000,33318,2,GZ,1,100,19.287
37.341000,1458932.000,33335,3,GZ,1,100,21.545
37.380000,1458971.000,33335,3,GZ,1,100,20.203
37.419000,1459010.000,33335,3,GZ,1,100,14.984
37.458000,1459049.000,33350,2,GZ,1,100,13.855
37.497000,1459088.000,33350,2,GZ,1,100,12.878
37.535667,1459126.667,33370,3,GZ,1,100,16.998
37.574333,1459165.333,33370,3,GZ,1,100,20.813
37.613000,1459204.000,33370,3,GZ,1,100,26.764
37.652667,1459243.667,33386,3,GZ,1,100,34.973
37.692333,1459283.333,33386,3,GZ,1,100,42.114
37.732000,1459323.000,33386,3,GZ,1,100,45.197
37.771000,1459362.000,33403,3,GZ,1,100,48.248
37.810000,1459401.000,33403,3,GZ,1,100,50.018
37.849000,1459440.000,33403,3,GZ,1,100,50.507
37.888000,1459479.000,33420,2,GZ,1,100,49.591
37.927000,1459518.000,33420,2,GZ,1,100,43.030
37.966000,1459557.000,33436,3,GZ,1,100,36.652
38.005000,1459596.000,33436,3,GZ,1,100,30.304
38.044000,1459635.000,33436,3,GZ,1,100,24.536
38.083000,1459674.000,33454,2,GZ,1,100,20.020
38.122000,1459713.000,33454,2,GZ,1,100,13.519
38.160667,1459751.667,33472,3,GZ,1,100,7.782
38.199333,1459790.333,33472,3,GZ,1,100,7.294
38.238000,1459829.000,33472,3,GZ,1,100,5.524
38.272333,1459863.333,33488,3,GZ,1,100,2.594
38.306667,1459897.667,33488,3,GZ,1,100,1.373
38.341000,1459932.000,33488,3,GZ,1,100,2.136
38.379333,1459970.333,33505,3,GZ,1,100,1.740
38.417667,1460008.667,33505,3,GZ,1,100,1.465
38.456000,1460047.000,33505,3,GZ,1,100,5.768
38.495000,1460086.000,33521,2,GZ,1,100,3.479
38.534000,1460125.000,33521,2,GZ,1,100,1.495
38.573667,1460164.667,33540,3,GZ,1,100,3.174
38.613333,1460204.333,33540,3,GZ,1,100,3.510
38.653000,1460244.000,33540,3,GZ,1,100,3.601
38.693000,1460284.000,33556,2,GZ,1,100,2.808
38.733000,1460324.000,33556,2,GZ,1,100,3.357
38.772000,1460363.000,33574,3,GZ,1,100,2.441
38.811000,1460402.000,33574,3,GZ,1,100,3.235
38.850000,1460441.000,33574,3,GZ,1,100,1.495
38.889000,1460480.000,33589,2,GZ,1,100,0.519
38.928000,1460519.000,33589,2,GZ,1,100,2.411
38.966667,1460557.667,33606,3,GZ,1,100,2.289
39.005333,1460596.333,33606,3,GZ,1,100,0.793
39.044000,1460635.000,33606,3,GZ,1,100,0.916
39.083000,1460674.000,33622,3,GZ,1,100,-1.862
39.122000,1460713.000,33622,3,GZ,1,100,-1.251
39.161000,1460752.000,33622,3,GZ,1,100,-0.977
39.200500,1460791.500,33640,2,GZ,1,100,0.641
39.240000,1460831.000,33640,2,GZ,1,100,-0.305
39.279667,1460870.667,33656,3,GZ,1,100,-5.005
39.319333,1460910.333,33656,3,GZ,1,100,-3.723
39.359000,1460950.000,33656,3,GZ,1,100,-1.007
39.398000,1460989.000,33672,2,GZ,1,100,1.740
39.437000,1461028.000,33672,2,GZ,1,100,-1.617
39.476000,1461067.000,33689,3,GZ,1,100,-6.378
39.515000,1461106.000,33689,3,GZ,1,100,-7.294
39.554000,1461145.000,33689,3,GZ,1,100,-6.714
39.592667,1461183.667,33708,3,GZ,1,100,-1.465
39.631333,1461222.333,33708,3,GZ,1,100,-2.380
39.670000,1461261.000,33708,3,GZ,1,100,-5.585
