LocalTimestamp,EmotiBitTimestamp,PacketNumber,DataLength,TypeTag,ProtocolVersion,DataReliability,MZ
0.106000,1421697.000,27145,14,MZ,1,100,-76
0.106000,1421697.000,27145,14,MZ,1,100,-77
0.106000,1421697.000,27145,14,MZ,1,100,-77
0.106000,1421697.000,27145,14,MZ,1,100,-75
0.106000,1421697.000,27145,14,MZ,1,100,-76
0.106000,1421697.000,27145,14,MZ,1,100,-76
0.106000,1421697.000,27145,14,MZ,1,100,-76
0.106000,1421697.000,27145,14,MZ,1,100,-75
0.106000,1421697.000,27145,14,MZ,1,100,-76
0.106000,1421697.000,27145,14,MZ,1,100,-77
0.106000,1421697.000,27145,14,MZ,1,100,-76
0.106000,1421697.000,27145,14,MZ,1,100,-75
0.106000,1421697.000,27145,14,MZ,1,100,-76
0.106000,1421697.000,27145,14,MZ,1,100,-76
0.145000,1421736.000,27162,3,MZ,1,100,-77
0.184000,1421775.000,27162,3,MZ,1,100,-77
0.223000,1421814.000,27162,3,MZ,1,100,-76
0.255500,1421846.500,27178,2,MZ,1,100,-77
0.288000,1421879.000,27178,2,MZ,1,100,-76
0.327000,1421918.000,27195,3,MZ,1,100,-76
0.366000,1421957.000,27195,3,MZ,1,100,-75
0.405000,1421996.000,27195,3,MZ,1,100,-76
0.444000,1422035.000,27212,3,MZ,1,100,-76
0.483000,1422074.000,27212,3,MZ,1,100,-76
0.522000,1422113.000,27212,3,MZ,1,100,-75
0.560000,1422151.000,27231,2,MZ,1,100,-76
0.598000,1422189.000,27231,2,MZ,1,100,-77
0.637000,1422228.000,27246,3,MZ,1,100,-74
0.676000,1422267.000,27246,3,MZ,1,100,-75
0.715000,1422306.000,27246,3,MZ,1,100,-77
0.754000,1422345.000,27265,4,MZ,1,100,-76
0.793000,1422384.000,27265,4,MZ,1,100,-75
0.832000,1422423.000,27265,4,MZ,1,100,-77
0.871000,1422462.000,27265,4,MZ,1,100,-75
0.910000,1422501.000,27280,2,MZ,1,100,-75
0.949000,1422540.000,27280,2,MZ,1,100,-77
0.988000,1422579.000,27297,3,MZ,1,100,-75
1.027000,1422618.000,27297,3,MZ,1,100,-76
1.066000,1422657.000,27297,3,MZ,1,100,-76
1.104667,1422695.667,27314,3,MZ,1,100,-75
1.143333,1422734.333,27314,3,MZ,1,100,-76
1.182000,1422773.000,27314,3,MZ,1,100,-75
1.220500,1422811.500,27331,2,MZ,1,100,-75
1.259000,1422850.000,27331,2,MZ,1,100,-76
1.298000,1422889.000,27346,3,MZ,1,100,-75
1.337000,1422928.000,27346,3,MZ,1,100,-77
1.376000,1422967.000,27346,3,MZ,1,100,-78
1.415000,1423006.000,27364,2,MZ,1,100,-76
1.454000,1423045.000,27364,2,MZ,1,100,-76
1.493000,1423084.000,27382,3,MZ,1,100,-75
1.532000,1423123.000,27382,3,MZ,1,100,-77
1.571000,1423162.000,27382,3,MZ,1,100,-77
1.610667,1423201.667,27399,3,MZ,1,100,-76
1.650333,1423241.333,27399,3,MZ,1,100,-75
1.690000,1423281.000,27399,3,MZ,1,100,-76
1.729500,1423320.500,27416,2,MZ,1,100,-75
1.769000,1423360.000,27416,2,MZ,1,100,-77
1.808000,1423399.000,27432,3,MZ,1,100,-76
1.847000,1423438.000,27432,3,MZ,1,100,-75
1.886000,1423477.000,27432,3,MZ,1,100,-75
1.925000,1423516.000,27448,2,MZ,1,100,-77
1.964000,1423555.000,27448,2,MZ,1,100,-75
1.998000,1423589.000,27465,3,MZ,1,100,-76
2.032000,1423623.000,27465,3,MZ,1,100,-76
2.066000,1423657.000,27465,3,MZ,1,100,-77
2.105667,1423696.667,27482,3,MZ,1,100,-76
2.145333,1423736.333,27482,3,MZ,1,100,-77
2.185000,1423776.000,27482,3,MZ,1,100,-77
2.224000,1423815.000,27498,2,MZ,1,100,-75
2.263000,1423854.000,27498,2,MZ,1,100,-76
2.302000,1423893.000,27514,3,MZ,1,100,-75
2.341000,1423932.000,27514,3,MZ,1,100,-77
2.380000,1423971.000,27514,3,MZ,1,100,-76
2.419000,1424010.000,27532,3,MZ,1,100,-76
2.458000,1424049.000,27532,3,MZ,1,100,-75
2.497000,1424088.000,27532,3,MZ,1,100,-75
2.536000,1424127.000,27550,2,MZ,1,100,-76
2.575000,1424166.000,27550,2,MZ,1,100,-76
2.613667,1424204.667,27567,3,MZ,1,100,-76
2.652333,1424243.333,27567,3,MZ,1,100,-76
2.691000,1424282.000,27567,3,MZ,1,100,-75
2.731000,1424322.000,27583,2,MZ,1,100,-76
2.771000,1424362.000,27583,2,MZ,1,100,-76
2.810000,1424401.000,27600,3,MZ,1,100,-76
2.849000,1424440.000,27600,3,MZ,1,100,-77
2.888000,1424479.000,27600,3,MZ,1,100,-76
2.927000,1424518.000,27616,3,MZ,1,100,-76
2.966000,1424557.000,27616,3,MZ,1,100,-75
3.005000,1424596.000,27616,3,MZ,1,100,-75
3.044000,1424635.000,27634,2,MZ,1,100,-76
3.083000,1424674.000,27634,2,MZ,1,100,-75
3.122000,1424713.000,27649,3,MZ,1,100,-75
3.161000,1424752.000,27649,3,MZ,1,100,-76
3.200000,1424791.000,27649,3,MZ,1,100,-76
3.239000,1424830.000,27666,2,MZ,1,100,-75
3.278000,1424869.000,27666,2,MZ,1,100,-75
3.316667,1424907.667,27682,3,MZ,1,100,-75
3.355333,1424946.333,27682,3,MZ,1,100,-75
3.394000,1424985.000,27682,3,MZ,1,100,-75
3.432667,1425023.667,27702,3,MZ,1,100,-76
3.471333,1425062.333,27702,3,MZ,1,100,-77
3.510000,1425101.000,27702,3,MZ,1,100,-77
3.549000,1425140.000,27718,2,MZ,1,100,-77
3.588000,1425179.000,27718,2,MZ,1,100,-75
3.627000,1425218.000,27734,3,MZ,1,100,-75
3.666000,1425257.000,27734,3,MZ,1,100,-75
3.705000,1425296.000,27734,3,MZ,1,100,-76
3.739667,1425330.667,27751,3,MZ,1,100,-76
3.774333,1425365.333,27751,3,MZ,1,100,-75
3.809000,1425400.000,27751,3,MZ,1,100,-76
3.848000,1425439.000,27768,2,MZ,1,100,-75
3.887000,1425478.000,27768,2,MZ,1,100,-76
3.926000,1425517.000,27784,3,MZ,1,100,-75
3.965000,1425556.000,27784,3,MZ,1,100,-76
4.004000,1425595.000,27784,3,MZ,1,100,-77
4.042333,1425633.333,27801,3,MZ,1,100,-76
4.080667,1425671.667,27801,3,MZ,1,100,-75
4.119000,1425710.000,27801,3,MZ,1,100,-75
4.158000,1425749.000,27817,2,MZ,1,100,-75
4.197000,1425788.000,27817,2,MZ,1,100,-75
4.236333,1425827.333,27834,3,MZ,1,100,-76
4.275667,1425866.667,27834,3,MZ,1,100,-75
4.315000,1425906.000,27834,3,MZ,1,100,-75
4.355000,1425946.000,27851,2,MZ,1,100,-76
4.395000,1425986.000,27851,2,MZ,1,100,-77
4.434000,1426025.000,27870,3,MZ,1,100,-75
4.473000,1426064.000,27870,3,MZ,1,100,-75
4.512000,1426103.000,27870,3,MZ,1,100,-75
4.551000,1426142.000,27885,2,MZ,1,100,-76
4.590000,1426181.000,27885,2,MZ,1,100,-77
4.629000,1426220.000,27903,3,MZ,1,100,-75
4.668000,1426259.000,27903,3,MZ,1,100,-76
4.707000,1426298.000,27903,3,MZ,1,100,-77
4.746000,1426337.000,27919,3,MZ,1,100,-76
4.785000,1426376.000,27919,3,MZ,1,100,-76
4.824000,1426415.000,27919,3,MZ,1,100,-75
4.863000,1426454.000,27936,2,MZ,1,100,-76
4.902000,1426493.000,27936,2,MZ,1,100,-75
4.941667,1426532.667,27951,3,MZ,1,100,-76
4.981333,1426572.333,27951,3,MZ,1,100,-75
5.021000,1426612.000,27951,3,MZ,1,100,-76
5.060000,1426651.000,27969,2,MZ,1,100,-76
5.099000,1426690.000,27969,2,MZ,1,100,-75
5.138000,1426729.000,27985,3,MZ,1,100,-74
5.177000,1426768.000,27985,3,MZ,1,100,-77
5.216000,1426807.000,27985,3,MZ,1,100,-76
5.255000,1426846.000,28002,2,MZ,1,100,-75
5.294000,1426885.000,28002,2,MZ,1,100,-75
5.333000,1426924.000,28019,3,MZ,1,100,-76
5.372000,1426963.000,28019,3,MZ,1,100,-77
5.411000,1427002.000,28019,3,MZ,1,100,-75
5.445000,1427036.000,28037,3,MZ,1,100,-76
5.479000,1427070.000,28037,3,MZ,1,100,-76
5.513000,1427104.000,28037,3,MZ,1,100,-77
5.552000,1427143.000,28053,3,MZ,1,100,-76
5.591000,1427182.000,28053,3,MZ,1,100,-76
5.630000,1427221.000,28053,3,MZ,1,100,-76
5.669000,1427260.000,28071,2,MZ,1,100,-75
5.708000,1427299.000,28071,2,MZ,1,100,-75
5.747000,1427338.000,28087,3,MZ,1,100,-74
5.786000,1427377.000,28087,3,MZ,1,100,-75
5.825000,1427416.000,28087,3,MZ,1,100,-76
5.864500,1427455.500,28105,4,MZ,1,100,-75
5.904000,1427495.000,28105,4,MZ,1,100,-76
5.943500,1427534.500,28105,4,MZ,1,100,-75
5.983000,1427574.000,28105,4,MZ,1,100,-75
6.022500,1427613.500,28122,2,MZ,1,100,-75
6.062000,1427653.000,28122,2,MZ,1,100,-75
6.101000,1427692.000,28138,3,MZ,1,100,-75
6.140000,1427731.000,28138,3,MZ,1,100,-76
6.179000,1427770.000,28138,3,MZ,1,100,-76
6.217667,1427808.667,28154,3,MZ,1,100,-76
6.256333,1427847.333,28154,3,MZ,1,100,-75
6.295000,1427886.000,28154,3,MZ,1,100,-76
6.334000,1427925.000,28172,2,MZ,1,100,-75
6.373000,1427964.000,28172,2,MZ,1,100,-77
6.412000,1428003.000,28190,3,MZ,1,100,-76
6.451000,1428042.000,28190,3,MZ,1,100,-76
6.490000,1428081.000,28190,3,MZ,1,100,-77
6.530000,1428121.000,28206,2,MZ,1,100,-76
6.570000,1428161.000,28206,2,MZ,1,100,-76
6.609333,1428200.333,28223,3,MZ,1,100,-75
6.648667,1428239.667,28223,3,MZ,1,100,-77
6.688000,1428279.000,28223,3,MZ,1,100,-76
6.727000,1428318.000,28240,2,MZ,1,100,-75
6.766000,1428357.000,28240,2,MZ,1,100,-76
6.804667,1428395.667,28256,3,MZ,1,100,-76
6.843333,1428434.333,28256,3,MZ,1,100,-76
6.882000,1428473.000,28256,3,MZ,1,100,-77
6.920667,1428511.667,28274,3,MZ,1,100,-75
6.959333,1428550.333,28274,3,MZ,1,100,-75
6.998000,1428589.000,28274,3,MZ,1,100,-75
7.037000,1428628.000,28289,2,MZ,1,100,-77
7.076000,1428667.000,28289,2,MZ,1,100,-74
7.111000,1428702.000,28306,3,MZ,1,100,-77
7.146000,1428737.000,28306,3,MZ,1,100,-75
7.181000,1428772.000,28306,3,MZ,1,100,-76
7.220000,1428811.000,28322,3,MZ,1,100,-76
7.259000,1428850.000,28322,3,MZ,1,100,-76
7.298000,1428889.000,28322,3,MZ,1,100,-76
7.337000,1428928.000,28342,2,MZ,1,100,-75
7.376000,1428967.000,28342,2,MZ,1,100,-75
7.415000,1429006.000,28357,3,MZ,1,100,-75
7.454000,1429045.000,28357,3,MZ,1,100,-76
7.493000,1429084.000,28357,3,MZ,1,100,-77
7.532000,1429123.000,28374,3,MZ,1,100,-76
7.571000,1429162.000,28374,3,MZ,1,100,-76
7.610000,1429201.000,28374,3,MZ,1,100,-76
7.648500,1429239.500,28391,2,MZ,1,100,-76
7.687000,1429278.000,28391,2,MZ,1,100,-76
7.725667,1429316.667,28408,3,MZ,1,100,-76
7.764333,1429355.333,28408,3,MZ,1,100,-76
7.803000,1429394.000,28408,3,MZ,1,100,-76
7.842000,1429433.000,28424,2,MZ,1,100,-76
7.881000,1429472.000,28424,2,MZ,1,100,-76
7.920000,1429511.000,28441,3,MZ,1,100,-75
7.959000,1429550.000,28441,3,MZ,1,100,-76
7.998000,1429589.000,28441,3,MZ,1,100,-75
8.037000,1429628.000,28457,3,MZ,1,100,-76
8.076000,1429667.000,28457,3,MZ,1,100,-75
8.115000,1429706.000,28457,3,MZ,1,100,-75
8.154000,1429745.000,28474,2,MZ,1,100,-76
8.193000,1429784.000,28474,2,MZ,1,100,-76
8.231333,1429822.333,28491,3,MZ,1,100,-76
8.269667,1429860.667,28491,3,MZ,1,100,-76
8.308000,1429899.000,28491,3,MZ,1,100,-75
8.347000,1429938.000,28509,2,MZ,1,100,-76
8.386000,1429977.000,28509,2,MZ,1,100,-76
8.425000,1430016.000,28525,3,MZ,1,100,-77
8.464000,1430055.000,28525,3,MZ,1,100,-76
8.503000,1430094.000,28525,3,MZ,1,100,-77
8.542000,1430133.000,28543,3,MZ,1,100,-75
8.581000,1430172.000,28543,3,MZ,1,100,-75
8.620000,1430211.000,28543,3,MZ,1,100,-76
8.659000,1430250.000,28559,2,MZ,1,100,-75
8.698000,1430289.000,28559,2,MZ,1,100,-76
8.737667,1430328.667,28576,3,MZ,1,100,-77
8.777333,1430368.333,28576,3,MZ,1,100,-76
8.817000,1430408.000,28576,3,MZ,1,100,-76
8.856500,1430447.500,28591,2,MZ,1,100,-76
8.896000,1430487.000,28591,2,MZ,1,100,-76
8.930667,1430521.667,28609,3,MZ,1,100,-75
8.965333,1430556.333,28609,3,MZ,1,100,-75
9.000000,1430591.000,28609,3,MZ,1,100,-76
9.038667,1430629.667,28625,3,MZ,1,100,-75
9.077333,1430668.333,28625,3,MZ,1,100,-76
9.116000,1430707.000,28625,3,MZ,1,100,-76
9.155000,1430746.000,28642,2,MZ,1,100,-76
9.194000,1430785.000,28642,2,MZ,1,100,-75
9.233667,1430824.667,28659,3,MZ,1,100,-76
9.273333,1430864.333,28659,3,MZ,1,100,-77
9.313000,1430904.000,28659,3,MZ,1,100,-76
9.352000,1430943.000,28677,3,MZ,1,100,-76
9.391000,1430982.000,28677,3,MZ,1,100,-76
9.430000,1431021.000,28677,3,MZ,1,100,-76
9.469000,1431060.000,28693,2,MZ,1,100,-75
9.508000,1431099.000,28693,2,MZ,1,100,-77
9.547000,1431138.000,28711,3,MZ,1,100,-76
9.586000,1431177.000,28711,3,MZ,1,100,-77
9.625000,1431216.000,28711,3,MZ,1,100,-76
9.663667,1431254.667,28727,3,MZ,1,100,-76
9.702333,1431293.333,28727,3,MZ,1,100,-76
9.741000,1431332.000,28727,3,MZ,1,100,-76
9.781000,1431372.000,28743,2,MZ,1,100,-76
9.821000,1431412.000,28743,2,MZ,1,100,-76
9.860333,1431451.333,28760,3,MZ,1,100,-76
9.899667,1431490.667,28760,3,MZ,1,100,-77
9.939000,1431530.000,28760,3,MZ,1,100,-76
9.978000,1431569.000,28777,2,MZ,1,100,-75
10.017000,1431608.000,28777,2,MZ,1,100,-75
10.056000,1431647.000,28793,3,MZ,1,100,-76
10.095000,1431686.000,28793,3,MZ,1,100,-77
10.134000,1431725.000,28793,3,MZ,1,100,-76
10.173000,1431764.000,28811,3,MZ,1,100,-76
10.212000,1431803.000,28811,3,MZ,1,100,-75
10.251000,1431842.000,28811,3,MZ,1,100,-76
10.290000,1431881.000,28828,2,MZ,1,100,-76
10.329000,1431920.000,28828,2,MZ,1,100,-75
10.368000,1431959.000,28845,3,MZ,1,100,-76
10.407000,1431998.000,28845,3,MZ,1,100,-76
10.446000,1432037.000,28845,3,MZ,1,100,-76
10.484500,1432075.500,28861,2,MZ,1,100,-76
10.523000,1432114.000,28861,2,MZ,1,100,-76
10.561667,1432152.667,28879,3,MZ,1,100,-76
10.600333,1432191.333,28879,3,MZ,1,100,-76
10.639000,1432230.000,28879,3,MZ,1,100,-77
10.673667,1432264.667,28894,3,MZ,1,100,-74
10.708333,1432299.333,28894,3,MZ,1,100,-76
10.743000,1432334.000,28894,3,MZ,1,100,-76
10.782500,1432373.500,28911,2,MZ,1,100,-75
10.822000,1432413.000,28911,2,MZ,1,100,-75
10.861667,1432452.667,28928,3,MZ,1,100,-76
10.901333,1432492.333,28928,3,MZ,1,100,-77
10.941000,1432532.000,28928,3,MZ,1,100,-76
10.980000,1432571.000,28946,4,MZ,1,100,-76
11.019000,1432610.000,28946,4,MZ,1,100,-74
11.058000,1432649.000,28946,4,MZ,1,100,-74
11.097000,1432688.000,28946,4,MZ,1,100,-74
11.135500,1432726.500,28962,2,MZ,1,100,-74
11.174000,1432765.000,28962,2,MZ,1,100,-72
11.213000,1432804.000,28982,3,MZ,1,100,-74
11.252000,1432843.000,28982,3,MZ,1,100,-74
11.291000,1432882.000,28982,3,MZ,1,100,-72
11.330333,1432921.333,28997,3,MZ,1,100,-72
11.369667,1432960.667,28997,3,MZ,1,100,-71
11.409000,1433000.000,28997,3,MZ,1,100,-69
11.449000,1433040.000,29014,2,MZ,1,100,-70
11.489000,1433080.000,29014,2,MZ,1,100,-69
11.528000,1433119.000,29031,3,MZ,1,100,-68
11.567000,1433158.000,29031,3,MZ,1,100,-68
11.606000,1433197.000,29031,3,MZ,1,100,-66
11.645000,1433236.000,29048,2,MZ,1,100,-67
11.684000,1433275.000,29048,2,MZ,1,100,-66
11.723000,1433314.000,29064,3,MZ,1,100,-65
11.762000,1433353.000,29064,3,MZ,1,100,-66
11.801000,1433392.000,29064,3,MZ,1,100,-65
11.840000,1433431.000,29081,3,MZ,1,100,-64
11.879000,1433470.000,29081,3,MZ,1,100,-63
11.918000,1433509.000,29081,3,MZ,1,100,-64
11.956000,1433547.000,29097,2,MZ,1,100,-63
11.994000,1433585.000,29097,2,MZ,1,100,-64
12.034000,1433625.000,29114,3,MZ,1,100,-64
12.074000,1433665.000,29114,3,MZ,1,100,-63
12.114000,1433705.000,29114,3,MZ,1,100,-63
12.153000,1433744.000,29131,2,MZ,1,100,-62
12.192000,1433783.000,29131,2,MZ,1,100,-62
12.231000,1433822.000,29149,3,MZ,1,100,-61
12.270000,1433861.000,29149,3,MZ,1,100,-61
12.309000,1433900.000,29149,3,MZ,1,100,-60
12.343667,1433934.667,29165,3,MZ,1,100,-61
12.378333,1433969.333,29165,3,MZ,1,100,-59
12.413000,1434004.000,29165,3,MZ,1,100,-60
12.452000,1434043.000,29182,2,MZ,1,100,-59
12.491000,1434082.000,29182,2,MZ,1,100,-58
12.529333,1434120.333,29201,3,MZ,1,100,-58
12.567667,1434158.667,29201,3,MZ,1,100,-56
12.606000,1434197.000,29201,3,MZ,1,100,-57
12.645000,1434236.000,29218,3,MZ,1,100,-56
12.684000,1434275.000,29218,3,MZ,1,100,-57
12.723000,1434314.000,29218,3,MZ,1,100,-57
12.762000,1434353.000,29233,2,MZ,1,100,-54
12.801000,1434392.000,29233,2,MZ,1,100,-55
12.840000,1434431.000,29251,3,MZ,1,100,-54
12.879000,1434470.000,29251,3,MZ,1,100,-55
12.918000,1434509.000,29251,3,MZ,1,100,-54
12.957000,1434548.000,29267,2,MZ,1,100,-55
12.996000,1434587.000,29267,2,MZ,1,100,-54
13.036000,1434627.000,29284,3,MZ,1,100,-55
13.076000,1434667.000,29284,3,MZ,1,100,-55
13.116000,1434707.000,29284,3,MZ,1,100,-55
13.155000,1434746.000,29300,3,MZ,1,100,-56
13.194000,1434785.000,29300,3,MZ,1,100,-55
13.233000,1434824.000,29300,3,MZ,1,100,-56
13.272000,1434863.000,29319,2,MZ,1,100,-55
13.311000,1434902.000,29319,2,MZ,1,100,-56
13.349333,1434940.333,29335,3,MZ,1,100,-56
13.387667,1434978.667,29335,3,MZ,1,100,-58
13.426000,1435017.000,29335,3,MZ,1,100,-58
13.465000,1435056.000,29353,2,MZ,1,100,-59
13.504000,1435095.000,29353,2,MZ,1,100,-61
13.543000,1435134.000,29369,3,MZ,1,100,-63
13.582000,1435173.000,29369,3,MZ,1,100,-64
13.621000,1435212.000,29369,3,MZ,1,100,-64
13.661000,1435252.000,29385,2,MZ,1,100,-67
13.701000,1435292.000,29385,2,MZ,1,100,-66
13.740333,1435331.333,29404,3,MZ,1,100,-66
13.779667,1435370.667,29404,3,MZ,1,100,-68
13.819000,1435410.000,29404,3,MZ,1,100,-67
13.858000,1435449.000,29421,3,MZ,1,100,-66
13.897000,1435488.000,29421,3,MZ,1,100,-66
13.936000,1435527.000,29421,3,MZ,1,100,-63
13.974500,1435565.500,29437,2,MZ,1,100,-62
14.013000,1435604.000,29437,2,MZ,1,100,-62
14.051667,1435642.667,29453,3,MZ,1,100,-62
14.090333,1435681.333,29453,3,MZ,1,100,-60
14.129000,1435720.000,29453,3,MZ,1,100,-59
14.163333,1435754.333,29472,3,MZ,1,100,-61
14.197667,1435788.667,29472,3,MZ,1,100,-60
14.232000,1435823.000,29472,3,MZ,1,100,-60
14.271000,1435862.000,29489,2,MZ,1,100,-61
14.310000,1435901.000,29489,2,MZ,1,100,-59
14.349000,1435940.000,29505,3,MZ,1,100,-59
14.388000,1435979.000,29505,3,MZ,1,100,-58
14.427000,1436018.000,29505,3,MZ,1,100,-59
14.466000,1436057.000,29523,3,MZ,1,100,-60
14.505000,1436096.000,29523,3,MZ,1,100,-59
14.544000,1436135.000,29523,3,MZ,1,100,-59
14.583000,1436174.000,29538,2,MZ,1,100,-59
14.622000,1436213.000,29538,2,MZ,1,100,-60
14.661000,1436252.000,29555,3,MZ,1,100,-60
14.700000,1436291.000,29555,3,MZ,1,100,-61
14.739000,1436330.000,29555,3,MZ,1,100,-61
14.777000,1436368.000,29574,2,MZ,1,100,-64
14.815000,1436406.000,29574,2,MZ,1,100,-64
14.854000,1436445.000,29591,3,MZ,1,100,-64
14.893000,1436484.000,29591,3,MZ,1,100,-66
14.932000,1436523.000,29591,3,MZ,1,100,-66
14.971000,1436562.000,29606,3,MZ,1,100,-66
15.010000,1436601.000,29606,3,MZ,1,100,-68
15.049000,1436640.000,29606,3,MZ,1,100,-67
15.088000,1436679.000,29624,2,MZ,1,100,-67
15.127000,1436718.000,29624,2,MZ,1,100,-68
15.166000,1436757.000,29642,3,MZ,1,100,-67
15.205000,1436796.000,29642,3,MZ,1,100,-67
15.244000,1436835.000,29642,3,MZ,1,100,-67
15.283000,1436874.000,29659,2,MZ,1,100,-66
15.322000,1436913.000,29659,2,MZ,1,100,-64
15.360333,1436951.333,29676,3,MZ,1,100,-64
15.398667,1436989.667,29676,3,MZ,1,100,-66
15.437000,1437028.000,29676,3,MZ,1,100,-65
15.476000,1437067.000,29692,3,MZ,1,100,-64
15.515000,1437106.000,29692,3,MZ,1,100,-66
15.554000,1437145.000,29692,3,MZ,1,100,-66
15.592500,1437183.500,29710,2,MZ,1,100,-66
15.631000,1437222.000,29710,2,MZ,1,100,-65
15.669667,1437260.667,29727,3,MZ,1,100,-65
15.708333,1437299.333,29727,3,MZ,1,100,-65
15.747000,1437338.000,29727,3,MZ,1,100,-63
15.781667,1437372.667,29744,3,MZ,1,100,-64
15.816333,1437407.333,29744,3,MZ,1,100,-64
15.851000,1437442.000,29744,3,MZ,1,100,-62
15.890000,1437481.000,29760,2,MZ,1,100,-62
15.929000,1437520.000,29760,2,MZ,1,100,-62
15.968000,1437559.000,29776,3,MZ,1,100,-62
16.007000,1437598.000,29776,3,MZ,1,100,-62
16.046000,1437637.000,29776,3,MZ,1,100,-62
16.085000,1437676.000,29795,4,MZ,1,100,-62
16.124000,1437715.000,29795,4,MZ,1,100,-62
16.163000,1437754.000,29795,4,MZ,1,100,-61
16.202000,1437793.000,29795,4,MZ,1,100,-61
16.241000,1437832.000,29813,2,MZ,1,100,-62
16.280000,1437871.000,29813,2,MZ,1,100,-62
16.319667,1437910.667,29830,3,MZ,1,100,-61
16.359333,1437950.333,29830,3,MZ,1,100,-61
16.399000,1437990.000,29830,3,MZ,1,100,-61
16.438000,1438029.000,29847,3,MZ,1,100,-61
16.477000,1438068.000,29847,3,MZ,1,100,-62
16.516000,1438107.000,29847,3,MZ,1,100,-62
16.555000,1438146.000,29864,2,MZ,1,100,-62
16.594000,1438185.000,29864,2,MZ,1,100,-62
16.633000,1438224.000,29879,3,MZ,1,100,-63
16.672000,1438263.000,29879,3,MZ,1,100,-64
16.711000,1438302.000,29879,3,MZ,1,100,-65
16.750000,1438341.000,29897,2,MZ,1,100,-66
16.789000,1438380.000,29897,2,MZ,1,100,-68
16.827667,1438418.667,29915,3,MZ,1,100,-68
16.866333,1438457.333,29915,3,MZ,1,100,-69
16.905000,1438496.000,29915,3,MZ,1,100,-71
16.944667,1438535.667,29932,3,MZ,1,100,-70
16.984333,1438575.333,29932,3,MZ,1,100,-70
17.024000,1438615.000,29932,3,MZ,1,100,-72
17.062500,1438653.500,29948,2,MZ,1,100,-71
17.101000,1438692.000,29948,2,MZ,1,100,-70
17.140000,1438731.000,29967,3,MZ,1,100,-71
17.179000,1438770.000,29967,3,MZ,1,100,-70
17.218000,1438809.000,29967,3,MZ,1,100,-69
17.257000,1438848.000,29983,2,MZ,1,100,-70
17.296000,1438887.000,29983,2,MZ,1,100,-66
17.335000,1438926.000,30001,3,MZ,1,100,-69
17.374000,1438965.000,30001,3,MZ,1,100,-65
17.413000,1439004.000,30001,3,MZ,1,100,-66
17.452000,1439043.000,30017,2,MZ,1,100,-66
17.491000,1439082.000,30017,2,MZ,1,100,-64
17.525333,1439116.333,30033,3,MZ,1,100,-62
17.559667,1439150.667,30033,3,MZ,1,100,-61
17.594000,1439185.000,30033,3,MZ,1,100,-61
17.632667,1439223.667,30050,3,MZ,1,100,-59
17.671333,1439262.333,30050,3,MZ,1,100,-60
17.710000,1439301.000,30050,3,MZ,1,100,-58
17.749000,1439340.000,30067,3,MZ,1,100,-57
17.788000,1439379.000,30067,3,MZ,1,100,-56
17.827000,1439418.000,30067,3,MZ,1,100,-55
17.866500,1439457.500,30085,2,MZ,1,100,-56
17.906000,1439497.000,30085,2,MZ,1,100,-54
17.945667,1439536.667,30101,3,MZ,1,100,-54
17.985333,1439576.333,30101,3,MZ,1,100,-54
18.025000,1439616.000,30101,3,MZ,1,100,-54
18.064000,1439655.000,30120,2,MZ,1,100,-54
18.103000,1439694.000,30120,2,MZ,1,100,-53
18.142000,1439733.000,30137,3,MZ,1,100,-53
18.181000,1439772.000,30137,3,MZ,1,100,-53
18.220000,1439811.000,30137,3,MZ,1,100,-51
18.258333,1439849.333,30153,3,MZ,1,100,-51
18.296667,1439887.667,30153,3,MZ,1,100,-50
18.335000,1439926.000,30153,3,MZ,1,100,-51
18.374000,1439965.000,30171,2,MZ,1,100,-50
18.413000,1440004.000,30171,2,MZ,1,100,-49
18.451667,1440042.667,30186,3,MZ,1,100,-49
18.490333,1440081.333,30186,3,MZ,1,100,-48
18.529000,1440120.000,30186,3,MZ,1,100,-48
18.569000,1440160.000,30203,2,MZ,1,100,-48
18.609000,1440200.000,30203,2,MZ,1,100,-49
18.648000,1440239.000,30220,3,MZ,1,100,-48
18.687000,1440278.000,30220,3,MZ,1,100,-48
18.726000,1440317.000,30220,3,MZ,1,100,-47
18.765000,1440356.000,30237,2,MZ,1,100,-48
18.804000,1440395.000,30237,2,MZ,1,100,-47
18.843000,1440434.000,30252,3,MZ,1,100,-47
18.882000,1440473.000,30252,3,MZ,1,100,-48
18.921000,1440512.000,30252,3,MZ,1,100,-48
18.960000,1440551.000,30270,3,MZ,1,100,-49
18.999000,1440590.000,30270,3,MZ,1,100,-50
19.038000,1440629.000,30270,3,MZ,1,100,-50
19.077000,1440668.000,30288,2,MZ,1,100,-50
19.116000,1440707.000,30288,2,MZ,1,100,-51
19.156000,1440747.000,30305,3,MZ,1,100,-50
19.196000,1440787.000,30305,3,MZ,1,100,-50
19.236000,1440827.000,30305,3,MZ,1,100,-50
19.270667,1440861.667,30321,3,MZ,1,100,-51
19.305333,1440896.333,30321,3,MZ,1,100,-50
19.340000,1440931.000,30321,3,MZ,1,100,-49
19.379000,1440970.000,30338,2,MZ,1,100,-48
19.418000,1441009.000,30338,2,MZ,1,100,-48
19.457000,1441048.000,30356,3,MZ,1,100,-48
19.496000,1441087.000,30356,3,MZ,1,100,-49
19.535000,1441126.000,30356,3,MZ,1,100,-48
19.574000,1441165.000,30373,2,MZ,1,100,-50
19.613000,1441204.000,30373,2,MZ,1,100,-49
19.651333,1441242.333,30390,3,MZ,1,100,-50
19.689667,1441280.667,30390,3,MZ,1,100,-51
19.728000,1441319.000,30390,3,MZ,1,100,-50
19.767000,1441358.000,30406,3,MZ,1,100,-50
19.806000,1441397.000,30406,3,MZ,1,100,-52
19.845000,1441436.000,30406,3,MZ,1,100,-51
19.883000,1441474.000,30422,2,MZ,1,100,-50
19.921000,1441512.000,30422,2,MZ,1,100,-51
19.960000,1441551.000,30440,3,MZ,1,100,-52
19.999000,1441590.000,30440,3,MZ,1,100,-51
20.038000,1441629.000,30440,3,MZ,1,100,-52
20.077000,1441668.000,30458,2,MZ,1,100,-52
20.116000,1441707.000,30458,2,MZ,1,100,-52
20.156000,1441747.000,30475,3,MZ,1,100,-52
20.196000,1441787.000,30475,3,MZ,1,100,-50
20.236000,1441827.000,30475,3,MZ,1,100,-52
20.275000,1441866.000,30491,3,MZ,1,100,-50
20.314000,1441905.000,30491,3,MZ,1,100,-51
20.353000,1441944.000,30491,3,MZ,1,100,-48
20.392000,1441983.000,30508,2,MZ,1,100,-49
20.431000,1442022.000,30508,2,MZ,1,100,-48
20.469333,1442060.333,30526,3,MZ,1,100,-47
20.507667,1442098.667,30526,3,MZ,1,100,-47
20.546000,1442137.000,30526,3,MZ,1,100,-46
20.585000,1442176.000,30544,2,MZ,1,100,-44
20.624000,1442215.000,30544,2,MZ,1,100,-46
20.663333,1442254.333,30559,3,MZ,1,100,-44
20.702667,1442293.667,30559,3,MZ,1,100,-42
20.742000,1442333.000,30559,3,MZ,1,100,-41
20.782000,1442373.000,30576,3,MZ,1,100,-41
20.822000,1442413.000,30576,3,MZ,1,100,-40
20.862000,1442453.000,30576,3,MZ,1,100,-40
20.901000,1442492.000,30592,2,MZ,1,100,-39
20.940000,1442531.000,30592,2,MZ,1,100,-42
20.974667,1442565.667,30612,3,MZ,1,100,-40
21.009333,1442600.333,30612,3,MZ,1,100,-41
21.044000,1442635.000,30612,3,MZ,1,100,-42
21.083000,1442674.000,30627,3,MZ,1,100,-41
21.122000,1442713.000,30627,3,MZ,1,100,-42
21.161000,1442752.000,30627,3,MZ,1,100,-44
21.201000,1442792.000,30644,2,MZ,1,100,-46
21.241000,1442832.000,30644,2,MZ,1,100,-45
21.279333,1442870.333,30661,3,MZ,1,100,-46
21.317667,1442908.667,30661,3,MZ,1,100,-47
21.356000,1442947.000,30661,3,MZ,1,100,-47
21.395000,1442986.000,30678,2,MZ,1,100,-47
21.434000,1443025.000,30678,2,MZ,1,100,-47
21.473000,1443064.000,30694,3,MZ,1,100,-48
21.512000,1443103.000,30694,3,MZ,1,100,-48
21.551000,1443142.000,30694,3,MZ,1,100,-46
21.590000,1443181.000,30711,3,MZ,1,100,-46
21.629000,1443220.000,30711,3,MZ,1,100,-45
21.668000,1443259.000,30711,3,MZ,1,100,-46
21.707000,1443298.000,30729,2,MZ,1,100,-45
21.746000,1443337.000,30729,2,MZ,1,100,-46
21.785000,1443376.000,30746,3,MZ,1,100,-46
21.824000,1443415.000,30746,3,MZ,1,100,-44
21.863000,1443454.000,30746,3,MZ,1,100,-43
21.901000,1443492.000,30763,2,MZ,1,100,-41
21.939000,1443530.000,30763,2,MZ,1,100,-41
21.978000,1443569.000,30781,3,MZ,1,100,-40
22.017000,1443608.000,30781,3,MZ,1,100,-40
22.056000,1443647.000,30781,3,MZ,1,100,-40
22.095000,1443686.000,30799,3,MZ,1,100,-40
22.134000,1443725.000,30799,3,MZ,1,100,-39
22.173000,1443764.000,30799,3,MZ,1,100,-38
22.212000,1443803.000,30816,2,MZ,1,100,-39
22.251000,1443842.000,30816,2,MZ,1,100,-36
22.290000,1443881.000,30833,3,MZ,1,100,-36
22.329000,1443920.000,30833,3,MZ,1,100,-38
22.368000,1443959.000,30833,3,MZ,1,100,-36
22.407000,1443998.000,30850,2,MZ,1,100,-36
22.446000,1444037.000,30850,2,MZ,1,100,-35
22.484333,1444075.333,30865,3,MZ,1,100,-35
22.522667,1444113.667,30865,3,MZ,1,100,-33
22.561000,1444152.000,30865,3,MZ,1,100,-33
22.600000,1444191.000,30883,3,MZ,1,100,-32
22.639000,1444230.000,30883,3,MZ,1,100,-31
22.678000,1444269.000,30883,3,MZ,1,100,-32
22.710000,1444301.000,30899,2,MZ,1,100,-32
22.742000,1444333.000,30899,2,MZ,1,100,-33
22.782000,1444373.000,30916,3,MZ,1,100,-32
22.822000,1444413.000,30916,3,MZ,1,100,-33
22.862000,1444453.000,30916,3,MZ,1,100,-33
22.901000,1444492.000,30932,3,MZ,1,100,-33
22.940000,1444531.000,30932,3,MZ,1,100,-33
22.979000,1444570.000,30932,3,MZ,1,100,-34
23.018000,1444609.000,30951,2,MZ,1,100,-33
23.057000,1444648.000,30951,2,MZ,1,100,-34
23.096000,1444687.000,30969,3,MZ,1,100,-35
23.135000,1444726.000,30969,3,MZ,1,100,-34
23.174000,1444765.000,30969,3,MZ,1,100,-35
23.213000,1444804.000,30987,2,MZ,1,100,-35
23.252000,1444843.000,30987,2,MZ,1,100,-34
23.290333,1444881.333,31003,3,MZ,1,100,-35
23.328667,1444919.667,31003,3,MZ,1,100,-36
23.367000,1444958.000,31003,3,MZ,1,100,-34
23.407000,1444998.000,31019,3,MZ,1,100,-35
23.447000,1445038.000,31019,3,MZ,1,100,-34
23.487000,1445078.000,31019,3,MZ,1,100,-35
23.526000,1445117.000,31036,2,MZ,1,100,-36
23.565000,1445156.000,31036,2,MZ,1,100,-35
23.604000,1445195.000,31053,3,MZ,1,100,-35
23.643000,1445234.000,31053,3,MZ,1,100,-36
23.682000,1445273.000,31053,3,MZ,1,100,-34
23.721000,1445312.000,31069,2,MZ,1,100,-35
23.760000,1445351.000,31069,2,MZ,1,100,-36
23.799000,1445390.000,31086,3,MZ,1,100,-34
23.838000,1445429.000,31086,3,MZ,1,100,-34
23.877000,1445468.000,31086,3,MZ,1,100,-34
23.916000,1445507.000,31104,3,MZ,1,100,-36
23.955000,1445546.000,31104,3,MZ,1,100,-35
23.994000,1445585.000,31104,3,MZ,1,100,-34
24.034000,1445625.000,31121,2,MZ,1,100,-34
24.074000,1445665.000,31121,2,MZ,1,100,-34
24.112333,1445703.333,31137,3,MZ,1,100,-33
24.150667,1445741.667,31137,3,MZ,1,100,-34
24.189000,1445780.000,31137,3,MZ,1,100,-34
24.228000,1445819.000,31155,2,MZ,1,100,-33
24.267000,1445858.000,31155,2,MZ,1,100,-32
24.306000,1445897.000,31170,3,MZ,1,100,-33
24.345000,1445936.000,31170,3,MZ,1,100,-33
24.384000,1445975.000,31170,3,MZ,1,100,-32
24.418667,1446009.667,31187,3,MZ,1,100,-34
24.453333,1446044.333,31187,3,MZ,1,100,-33
24.488000,1446079.000,31187,3,MZ,1,100,-34
24.527000,1446118.000,31204,3,MZ,1,100,-34
24.566000,1446157.000,31204,3,MZ,1,100,-34
24.605000,1446196.000,31204,3,MZ,1,100,-35
24.644000,1446235.000,31221,2,MZ,1,100,-34
24.683000,1446274.000,31221,2,MZ,1,100,-34
24.721333,1446312.333,31237,3,MZ,1,100,-34
24.759667,1446350.667,31237,3,MZ,1,100,-32
24.798000,1446389.000,31237,3,MZ,1,100,-31
24.837000,1446428.000,31254,2,MZ,1,100,-30
24.876000,1446467.000,31254,2,MZ,1,100,-28
24.915000,1446506.000,31272,3,MZ,1,100,-26
24.954000,1446545.000,31272,3,MZ,1,100,-25
24.993000,1446584.000,31272,3,MZ,1,100,-24
25.033000,1446624.000,31289,3,MZ,1,100,-23
25.073000,1446664.000,31289,3,MZ,1,100,-22
25.113000,1446704.000,31289,3,MZ,1,100,-21
25.152000,1446743.000,31306,2,MZ,1,100,-20
25.191000,1446782.000,31306,2,MZ,1,100,-18
25.230000,1446821.000,31322,3,MZ,1,100,-18
25.269000,1446860.000,31322,3,MZ,1,100,-18
25.308000,1446899.000,31322,3,MZ,1,100,-18
25.346500,1446937.500,31340,2,MZ,1,100,-17
25.385000,1446976.000,31340,2,MZ,1,100,-16
25.423667,1447014.667,31357,3,MZ,1,100,-15
25.462333,1447053.333,31357,3,MZ,1,100,-14
25.501000,1447092.000,31357,3,MZ,1,100,-15
25.540000,1447131.000,31374,3,MZ,1,100,-17
25.579000,1447170.000,31374,3,MZ,1,100,-15
25.618000,1447209.000,31374,3,MZ,1,100,-17
25.658000,1447249.000,31391,2,MZ,1,100,-18
25.698000,1447289.000,31391,2,MZ,1,100,-18
25.737333,1447328.333,31406,3,MZ,1,100,-18
25.776667,1447367.667,31406,3,MZ,1,100,-18
25.816000,1447407.000,31406,3,MZ,1,100,-19
25.855000,1447446.000,31424,2,MZ,1,100,-19
25.894000,1447485.000,31424,2,MZ,1,100,-18
25.933000,1447524.000,31442,3,MZ,1,100,-20
25.972000,1447563.000,31442,3,MZ,1,100,-18
26.011000,1447602.000,31442,3,MZ,1,100,-16
26.050000,1447641.000,31459,3,MZ,1,100,-16
26.089000,1447680.000,31459,3,MZ,1,100,-16
26.128000,1447719.000,31459,3,MZ,1,100,-14
26.159500,1447750.500,31475,2,MZ,1,100,-13
26.191000,1447782.000,31475,2,MZ,1,100,-14
26.230000,1447821.000,31492,3,MZ,1,100,-12
26.269000,1447860.000,31492,3,MZ,1,100,-12
26.308000,1447899.000,31492,3,MZ,1,100,-14
26.347000,1447938.000,31508,3,MZ,1,100,-14
26.386000,1447977.000,31508,3,MZ,1,100,-14
26.425000,1448016.000,31508,3,MZ,1,100,-14
26.464000,1448055.000,31526,2,MZ,1,100,-16
26.503000,1448094.000,31526,2,MZ,1,100,-16
26.542000,1448133.000,31542,3,MZ,1,100,-18
26.581000,1448172.000,31542,3,MZ,1,100,-18
26.620000,1448211.000,31542,3,MZ,1,100,-19
26.659000,1448250.000,31558,2,MZ,1,100,-18
26.698000,1448289.000,31558,2,MZ,1,100,-18
26.736333,1448327.333,31575,3,MZ,1,100,-21
26.774667,1448365.667,31575,3,MZ,1,100,-21
26.813000,1448404.000,31575,3,MZ,1,100,-22
26.852000,1448443.000,31594,3,MZ,1,100,-24
26.891000,1448482.000,31594,3,MZ,1,100,-23
26.930000,1448521.000,31594,3,MZ,1,100,-24
26.968500,1448559.500,31612,2,MZ,1,100,-25
27.007000,1448598.000,31612,2,MZ,1,100,-26
27.045667,1448636.667,31628,3,MZ,1,100,-28
27.084333,1448675.333,31628,3,MZ,1,100,-27
27.123000,1448714.000,31628,3,MZ,1,100,-29
27.162000,1448753.000,31645,2,MZ,1,100,-28
27.201000,1448792.000,31645,2,MZ,1,100,-28
27.241000,1448832.000,31662,3,MZ,1,100,-29
27.281000,1448872.000,31662,3,MZ,1,100,-29
27.321000,1448912.000,31662,3,MZ,1,100,-29
27.360333,1448951.333,31678,3,MZ,1,100,-29
27.399667,1448990.667,31678,3,MZ,1,100,-29
27.439000,1449030.000,31678,3,MZ,1,100,-26
27.478000,1449069.000,31696,2,MZ,1,100,-26
27.517000,1449108.000,31696,2,MZ,1,100,-25
27.555667,1449146.667,31711,3,MZ,1,100,-24
27.594333,1449185.333,31711,3,MZ,1,100,-21
27.633000,1449224.000,31711,3,MZ,1,100,-19
27.672000,1449263.000,31728,2,MZ,1,100,-18
27.711000,1449302.000,31728,2,MZ,1,100,-15
27.750000,1449341.000,31745,3,MZ,1,100,-14
27.789000,1449380.000,31745,3,MZ,1,100,-13
27.828000,1449419.000,31745,3,MZ,1,100,-11
27.863333,1449454.333,31764,3,MZ,1,100,-12
27.898667,1449489.667,31764,3,MZ,1,100,-10
27.934000,1449525.000,31764,3,MZ,1,100,-11
27.973000,1449564.000,31779,2,MZ,1,100,-10
28.012000,1449603.000,31779,2,MZ,1,100,-11
28.051000,1449642.000,31797,3,MZ,1,100,-12
28.090000,1449681.000,31797,3,MZ,1,100,-13
28.129000,1449720.000,31797,3,MZ,1,100,-13
28.167333,1449758.333,31813,3,MZ,1,100,-15
28.205667,1449796.667,31813,3,MZ,1,100,-16
28.244000,1449835.000,31813,3,MZ,1,100,-18
28.284000,1449875.000,31830,2,MZ,1,100,-19
28.324000,1449915.000,31830,2,MZ,1,100,-20
28.362333,1449953.333,31846,3,MZ,1,100,-22
28.400667,1449991.667,31846,3,MZ,1,100,-24
28.439000,1450030.000,31846,3,MZ,1,100,-24
28.478000,1450069.000,31863,2,MZ,1,100,-25
28.517000,1450108.000,31863,2,MZ,1,100,-23
28.556000,1450147.000,31881,3,MZ,1,100,-26
28.595000,1450186.000,31881,3,MZ,1,100,-25
28.634000,1450225.000,31881,3,MZ,1,100,-25
28.673000,1450264.000,31898,3,MZ,1,100,-25
28.712000,1450303.000,31898,3,MZ,1,100,-24
28.751000,1450342.000,31898,3,MZ,1,100,-24
28.790000,1450381.000,31917,2,MZ,1,100,-23
28.829000,1450420.000,31917,2,MZ,1,100,-22
28.868000,1450459.000,31933,3,MZ,1,100,-21
28.907000,1450498.000,31933,3,MZ,1,100,-20
28.946000,1450537.000,31933,3,MZ,1,100,-20
28.984500,1450575.500,31949,2,MZ,1,100,-18
29.023000,1450614.000,31949,2,MZ,1,100,-18
29.061667,1450652.667,31967,3,MZ,1,100,-18
29.100333,1450691.333,31967,3,MZ,1,100,-18
29.139000,1450730.000,31967,3,MZ,1,100,-18
29.178000,1450769.000,31983,3,MZ,1,100,-17
29.217000,1450808.000,31983,3,MZ,1,100,-18
29.256000,1450847.000,31983,3,MZ,1,100,-16
29.295000,1450886.000,32000,2,MZ,1,100,-16
29.334000,1450925.000,32000,2,MZ,1,100,-17
29.373000,1450964.000,32018,3,MZ,1,100,-15
29.412000,1451003.000,32018,3,MZ,1,100,-15
29.451000,1451042.000,32018,3,MZ,1,100,-17
29.490000,1451081.000,32035,2,MZ,1,100,-16
29.529000,1451120.000,32035,2,MZ,1,100,-16
29.567333,1451158.333,32051,3,MZ,1,100,-16
29.605667,1451196.667,32051,3,MZ,1,100,-17
29.644000,1451235.000,32051,3,MZ,1,100,-18
29.678667,1451269.667,32069,3,MZ,1,100,-18
29.713333,1451304.333,32069,3,MZ,1,100,-18
29.748000,1451339.000,32069,3,MZ,1,100,-17
29.786333,1451377.333,32086,3,MZ,1,100,-17
29.824667,1451415.667,32086,3,MZ,1,100,-17
29.863000,1451454.000,32086,3,MZ,1,100,-16
29.903000,1451494.000,32103,2,MZ,1,100,-18
29.943000,1451534.000,32103,2,MZ,1,100,-16
29.982333,1451573.333,32119,3,MZ,1,100,-16
30.021667,1451612.667,32119,3,MZ,1,100,-18
30.061000,1451652.000,32119,3,MZ,1,100,-18
30.100000,1451691.000,32137,2,MZ,1,100,-18
30.139000,1451730.000,32137,2,MZ,1,100,-16
30.178000,1451769.000,32153,3,MZ,1,100,-16
30.217000,1451808.000,32153,3,MZ,1,100,-16
30.256000,1451847.000,32153,3,MZ,1,100,-18
30.295000,1451886.000,32169,2,MZ,1,100,-16
30.334000,1451925.000,32169,2,MZ,1,100,-16
30.372667,1451963.667,32186,3,MZ,1,100,-17
30.411333,1452002.333,32186,3,MZ,1,100,-16
30.450000,1452041.000,32186,3,MZ,1,100,-16
30.490000,1452081.000,32203,3,MZ,1,100,-17
30.530000,1452121.000,32203,3,MZ,1,100,-17
30.570000,1452161.000,32203,3,MZ,1,100,-17
30.609500,1452200.500,32219,2,MZ,1,100,-16
30.649000,1452240.000,32219,2,MZ,1,100,-17
30.688000,1452279.000,32236,3,MZ,1,100,-18
30.727000,1452318.000,32236,3,MZ,1,100,-17
30.766000,1452357.000,32236,3,MZ,1,100,-18
30.805000,1452396.000,32254,2,MZ,1,100,-17
30.844000,1452435.000,32254,2,MZ,1,100,-18
30.883000,1452474.000,32271,3,MZ,1,100,-18
30.922000,1452513.000,32271,3,MZ,1,100,-18
30.961000,1452552.000,32271,3,MZ,1,100,-16
30.999333,1452590.333,32290,3,MZ,1,100,-17
31.037667,1452628.667,32290,3,MZ,1,100,-18
31.076000,1452667.000,32290,3,MZ,1,100,-18
31.116000,1452707.000,32307,2,MZ,1,100,-17
31.156000,1452747.000,32307,2,MZ,1,100,-17
31.194333,1452785.333,32322,3,MZ,1,100,-16
31.232667,1452823.667,32322,3,MZ,1,100,-16
31.271000,1452862.000,32322,3,MZ,1,100,-16
31.305667,1452896.667,32340,3,MZ,1,100,-16
31.340333,1452931.333,32340,3,MZ,1,100,-16
31.375000,1452966.000,32340,3,MZ,1,100,-17
31.414000,1453005.000,32356,2,MZ,1,100,-16
31.453000,1453044.000,32356,2,MZ,1,100,-17
31.492667,1453083.667,32373,3,MZ,1,100,-17
31.532333,1453123.333,32373,3,MZ,1,100,-18
31.572000,1453163.000,32373,3,MZ,1,100,-18
31.611500,1453202.500,32388,2,MZ,1,100,-20
31.651000,1453242.000,32388,2,MZ,1,100,-20
31.690000,1453281.000,32408,3,MZ,1,100,-20
31.729000,1453320.000,32408,3,MZ,1,100,-20
31.768000,1453359.000,32408,3,MZ,1,100,-21
31.806667,1453397.667,32424,3,MZ,1,100,-20
31.845333,1453436.333,32424,3,MZ,1,100,-20
31.884000,1453475.000,32424,3,MZ,1,100,-19
31.922500,1453513.500,32441,2,MZ,1,100,-18
31.961000,1453552.000,32441,2,MZ,1,100,-20
32.000000,1453591.000,32458,3,MZ,1,100,-19
32.039000,1453630.000,32458,3,MZ,1,100,-18
32.078000,1453669.000,32458,3,MZ,1,100,-18
32.118000,1453709.000,32474,2,MZ,1,100,-16
32.158000,1453749.000,32474,2,MZ,1,100,-16
32.197667,1453788.667,32490,3,MZ,1,100,-16
32.237333,1453828.333,32490,3,MZ,1,100,-16
32.277000,1453868.000,32490,3,MZ,1,100,-16
32.316000,1453907.000,32508,2,MZ,1,100,-16
32.355000,1453946.000,32508,2,MZ,1,100,-17
32.394000,1453985.000,32526,3,MZ,1,100,-17
32.433000,1454024.000,32526,3,MZ,1,100,-18
32.472000,1454063.000,32526,3,MZ,1,100,-18
32.510667,1454101.667,32542,3,MZ,1,100,-18
32.549333,1454140.333,32542,3,MZ,1,100,-20
32.588000,1454179.000,32542,3,MZ,1,100,-20
32.626500,1454217.500,32559,2,MZ,1,100,-21
32.665000,1454256.000,32559,2,MZ,1,100,-21
32.704333,1454295.333,32578,3,MZ,1,100,-22
32.743667,1454334.667,32578,3,MZ,1,100,-24
32.783000,1454374.000,32578,3,MZ,1,100,-24
32.822500,1454413.500,32594,2,MZ,1,100,-24
32.862000,1454453.000,32594,2,MZ,1,100,-26
32.901000,1454492.000,32611,3,MZ,1,100,-28
32.940000,1454531.000,32611,3,MZ,1,100,-30
32.979000,1454570.000,32611,3,MZ,1,100,-33
33.013667,1454604.667,32627,3,MZ,1,100,-34
33.048333,1454639.333,32627,3,MZ,1,100,-36
33.083000,1454674.000,32627,3,MZ,1,100,-37
33.122000,1454713.000,32644,3,MZ,1,100,-37
33.161000,1454752.000,32644,3,MZ,1,100,-36
33.200000,1454791.000,32644,3,MZ,1,100,-35
33.238500,1454829.500,32662,4,MZ,1,100,-35
33.277000,1454868.000,32662,4,MZ,1,100,-36
33.315500,1454906.500,32662,4,MZ,1,100,-36
33.354000,1454945.000,32662,4,MZ,1,100,-36
33.393000,1454984.000,32678,3,MZ,1,100,-36
33.432000,1455023.000,32678,3,MZ,1,100,-37
33.471000,1455062.000,32678,3,MZ,1,100,-35
33.510000,1455101.000,32695,2,MZ,1,100,-36
33.549000,1455140.000,32695,2,MZ,1,100,-35
33.588000,1455179.000,32712,3,MZ,1,100,-37
33.627000,1455218.000,32712,3,MZ,1,100,-37
33.666000,1455257.000,32712,3,MZ,1,100,-37
33.705000,1455296.000,32731,3,MZ,1,100,-38
33.744000,1455335.000,32731,3,MZ,1,100,-38
33.783000,1455374.000,32731,3,MZ,1,100,-40
33.822000,1455413.000,32748,2,MZ,1,100,-40
33.861000,1455452.000,32748,2,MZ,1,100,-42
33.899333,1455490.333,32766,3,MZ,1,100,-41
33.937667,1455528.667,32766,3,MZ,1,100,-42
33.976000,1455567.000,32766,3,MZ,1,100,-42
34.015000,1455606.000,32782,2,MZ,1,100,-42
34.054000,1455645.000,32782,2,MZ,1,100,-42
34.092667,1455683.667,32799,3,MZ,1,100,-42
34.131333,1455722.333,32799,3,MZ,1,100,-42
34.170000,1455761.000,32799,3,MZ,1,100,-43
34.209000,1455800.000,32814,3,MZ,1,100,-44
34.248000,1455839.000,32814,3,MZ,1,100,-45
34.287000,1455878.000,32814,3,MZ,1,100,-44
34.326500,1455917.500,32832,2,MZ,1,100,-46
34.366000,1455957.000,32832,2,MZ,1,100,-46
34.405667,1455996.667,32848,3,MZ,1,100,-46
34.445333,1456036.333,32848,3,MZ,1,100,-47
34.485000,1456076.000,32848,3,MZ,1,100,-46
34.524000,1456115.000,32865,2,MZ,1,100,-48
34.563000,1456154.000,32865,2,MZ,1,100,-48
34.602000,1456193.000,32882,3,MZ,1,100,-49
34.641000,1456232.000,32882,3,MZ,1,100,-49
34.680000,1456271.000,32882,3,MZ,1,100,-49
34.718000,1456309.000,32900,2,MZ,1,100,-49
34.756000,1456347.000,32900,2,MZ,1,100,-48
34.791000,1456382.000,32916,3,MZ,1,100,-49
34.826000,1456417.000,32916,3,MZ,1,100,-49
34.861000,1456452.000,32916,3,MZ,1,100,-48
34.900000,1456491.000,32934,3,MZ,1,100,-50
34.939000,1456530.000,32934,3,MZ,1,100,-50
34.978000,1456569.000,32934,3,MZ,1,100,-53
35.017000,1456608.000,32950,3,MZ,1,100,-52
35.056000,1456647.000,32950,3,MZ,1,100,-53
35.095000,1456686.000,32950,3,MZ,1,100,-54
35.134000,1456725.000,32966,2,MZ,1,100,-54
35.173000,1456764.000,32966,2,MZ,1,100,-54
35.212000,1456803.000,32983,3,MZ,1,100,-54
35.251000,1456842.000,32983,3,MZ,1,100,-54
35.290000,1456881.000,32983,3,MZ,1,100,-54
35.329000,1456920.000,33000,2,MZ,1,100,-54
35.368000,1456959.000,33000,2,MZ,1,100,-52
35.407000,1456998.000,33016,3,MZ,1,100,-53
35.446000,1457037.000,33016,3,MZ,1,100,-53
35.485000,1457076.000,33016,3,MZ,1,100,-50
35.523333,1457114.333,33034,3,MZ,1,100,-51
35.561667,1457152.667,33034,3,MZ,1,100,-50
35.600000,1457191.000,33034,3,MZ,1,100,-50
35.639000,1457230.000,33051,2,MZ,1,100,-48
35.678000,1457269.000,33051,2,MZ,1,100,-47
35.717000,1457308.000,33068,3,MZ,1,100,-46
35.756000,1457347.000,33068,3,MZ,1,100,-45
35.795000,1457386.000,33068,3,MZ,1,100,-45
35.834000,1457425.000,33084,3,MZ,1,100,-43
35.873000,1457464.000,33084,3,MZ,1,100,-44
35.912000,1457503.000,33084,3,MZ,1,100,-44
35.951000,1457542.000,33102,2,MZ,1,100,-42
35.990000,1457581.000,33102,2,MZ,1,100,-42
36.028667,1457619.667,33118,3,MZ,1,100,-42
36.067333,1457658.333,33118,3,MZ,1,100,-42
36.106000,1457697.000,33118,3,MZ,1,100,-41
36.144500,1457735.500,33134,2,MZ,1,100,-41
36.183000,1457774.000,33134,2,MZ,1,100,-42
36.222000,1457813.000,33151,3,MZ,1,100,-40
36.261000,1457852.000,33151,3,MZ,1,100,-43
36.300000,1457891.000,33151,3,MZ,1,100,-42
36.339000,1457930.000,33168,3,MZ,1,100,-43
36.378000,1457969.000,33168,3,MZ,1,100,-43
36.417000,1458008.000,33168,3,MZ,1,100,-44
36.456000,1458047.000,33184,2,MZ,1,100,-44
36.495000,1458086.000,33184,2,MZ,1,100,-43
36.529333,1458120.333,33201,3,MZ,1,100,-41
36.563667,1458154.667,33201,3,MZ,1,100,-41
36.598000,1458189.000,33201,3,MZ,1,100,-41
36.637000,1458228.000,33221,3,MZ,1,100,-38
36.676000,1458267.000,33221,3,MZ,1,100,-38
36.715000,1458306.000,33221,3,MZ,1,100,-38
36.753500,1458344.500,33238,2,MZ,1,100,-38
36.792000,1458383.000,33238,2,MZ,1,100,-37
36.831000,1458422.000,33255,3,MZ,1,100,-37
36.870000,1458461.000,33255,3,MZ,1,100,-36
36.909000,1458500.000,33255,3,MZ,1,100,-34
36.948333,1458539.333,33272,3,MZ,1,100,-37
36.987667,1458578.667,33272,3,MZ,1,100,-35
37.027000,1458618.000,33272,3,MZ,1,100,-35
37.067000,1458658.000,33287,2,MZ,1,100,-34
37.107000,1458698.000,33287,2,MZ,1,100,-34
37.146000,1458737.000,33305,3,MZ,1,100,-31
37.185000,1458776.000,33305,3,MZ,1,100,-32
37.224000,1458815.000,33305,3,MZ,1,100,-32
37.263000,1458854.000,33321,2,MZ,1,100,-32
37.302000,1458893.000,33321,2,MZ,1,100,-33
37.341000,1458932.000,33338,3,MZ,1,100,-33
37.380000,1458971.000,33338,3,MZ,1,100,-33
37.419000,1459010.000,33338,3,MZ,1,100,-33
37.458000,1459049.000,33353,2,MZ,1,100,-33
37.497000,1459088.000,33353,2,MZ,1,100,-35
37.535667,1459126.667,33373,3,MZ,1,100,-36
37.574333,1459165.333,33373,3,MZ,1,100,-36
37.613000,1459204.000,33373,3,MZ,1,100,-38
37.652667,1459243.667,33389,3,MZ,1,100,-40
37.692333,1459283.333,33389,3,MZ,1,100,-41
37.732000,1459323.000,33389,3,MZ,1,100,-42
37.771000,1459362.000,33406,3,MZ,1,100,-42
37.810000,1459401.000,33406,3,MZ,1,100,-42
37.849000,1459440.000,33406,3,MZ,1,100,-43
37.888000,1459479.000,33423,2,MZ,1,100,-46
37.927000,1459518.000,33423,2,MZ,1,100,-47
37.966000,1459557.000,33439,3,MZ,1,100,-47
38.005000,1459596.000,33439,3,MZ,1,100,-49
38.044000,1459635.000,33439,3,MZ,1,100,-48
38.083000,1459674.000,33457,2,MZ,1,100,-49
38.122000,1459713.000,33457,2,MZ,1,100,-49
38.160667,1459751.667,33475,3,MZ,1,100,-50
38.199333,1459790.333,33475,3,MZ,1,100,-50
38.238000,1459829.000,33475,3,MZ,1,100,-49
38.272333,1459863.333,33491,3,MZ,1,100,-49
38.306667,1459897.667,33491,3,MZ,1,100,-48
38.341000,1459932.000,33491,3,MZ,1,100,-49
38.379333,1459970.333,33508,3,MZ,1,100,-50
38.417667,1460008.667,33508,3,MZ,1,100,-50
38.456000,1460047.000,33508,3,MZ,1,100,-50
38.495000,1460086.000,33524,2,MZ,1,100,-50
38.534000,1460125.000,33524,2,MZ,1,100,-49
38.573667,1460164.667,33543,3,MZ,1,100,-50
38.613333,1460204.333,33543,3,MZ,1,100,-49
38.653000,1460244.000,33543,3,MZ,1,100,-49
38.693000,1460284.000,33559,2,MZ,1,100,-49
38.733000,1460324.000,33559,2,MZ,1,100,-49
38.772000,1460363.000,33577,3,MZ,1,100,-50
38.811000,1460402.000,33577,3,MZ,1,100,-49
38.850000,1460441.000,33577,3,MZ,1,100,-48
38.889000,1460480.000,33592,2,MZ,1,100,-49
38.928000,1460519.000,33592,2,MZ,1,100,-48
38.966667,1460557.667,33609,3,MZ,1,100,-49
39.005333,1460596.333,33609,3,MZ,1,100,-48
39.044000,1460635.000,33609,3,MZ,1,100,-50
39.083000,1460674.000,33625,3,MZ,1,100,-49
39.122000,1460713.000,33625,3,MZ,1,100,-49
39.161000,1460752.000,33625,3,MZ,1,100,-48
39.200500,1460791.500,33643,2,MZ,1,100,-50
39.240000,1460831.000,33643,2,MZ,1,100,-48
39.279667,1460870.667,33659,3,MZ,1,100,-49
39.319333,1460910.333,33659,3,MZ,1,100,-49
39.359000,1460950.000,33659,3,MZ,1,100,-50
39.398000,1460989.000,33675,2,MZ,1,100,-48
39.437000,1461028.000,33675,2,MZ,1,100,-48
39.476000,1461067.000,33692,3,MZ,1,100,-50
39.515000,1461106.000,33692,3,MZ,1,100,-49
39.554000,1461145.000,33692,3,MZ,1,100,-49
39.592667,1461183.667,33711,3,MZ,1,100,-50
39.631333,1461222.333,33711,3,MZ,1,100,-50
39.670000,1461261.000,33711,3,MZ,1,100,-50
