LocalTimestamp,EmotiBitTimestamp,PacketNumber,DataLength,TypeTag,ProtocolVersion,DataReliability,MY
0.106000,1421697.000,27144,14,MY,1,100, 0
0.106000,1421697.000,27144,14,MY,1,100,-1
0.106000,1421697.000,27144,14,MY,1,100, 0
0.106000,1421697.000,27144,14,MY,1,100,-1
0.106000,1421697.000,27144,14,MY,1,100, 0
0.106000,1421697.000,27144,14,MY,1,100,-1
0.106000,1421697.000,27144,14,MY,1,100,-1
0.106000,1421697.000,27144,14,MY,1,100,-1
0.106000,1421697.000,27144,14,MY,1,100,-2
0.106000,1421697.000,27144,14,MY,1,100,-1
0.106000,1421697.000,27144,14,MY,1,100,-1
0.106000,1421697.000,27144,14,MY,1,100,-1
0.106000,1421697.000,27144,14,MY,1,100,-2
0.106000,1421697.000,27144,14,MY,1,100,-1
0.145000,1421736.000,27161,3,MY,1,100, 0
0.184000,1421775.000,27161,3,MY,1,100,-2
0.223000,1421814.000,27161,3,MY,1,100, 0
0.255500,1421846.500,27177,2,MY,1,100, 0
0.288000,1421879.000,27177,2,MY,1,100,-1
0.327000,1421918.000,27194,3,MY,1,100,-1
0.366000,1421957.000,27194,3,MY,1,100,-1
0.405000,1421996.000,27194,3,MY,1,100,-1
0.444000,1422035.000,27211,3,MY,1,100,-1
0.483000,1422074.000,27211,3,MY,1,100,-1
0.522000,1422113.000,27211,3,MY,1,100,-1
0.560000,1422151.000,27230,2,MY,1,100,-1
0.598000,1422189.000,27230,2,MY,1,100,-1
0.637000,1422228.000,27245,3,MY,1,100,-1
0.676000,1422267.000,27245,3,MY,1,100,-1
0.715000,1422306.000,27245,3,MY,1,100,-1
0.754000,1422345.000,27264,4,MY,1,100,-1
0.793000,1422384.000,27264,4,MY,1,100,-2
0.832000,1422423.000,27264,4,MY,1,100,-1
0.871000,1422462.000,27264,4,MY,1,100,-1
0.910000,1422501.000,27279,2,MY,1,100, 0
0.949000,1422540.000,27279,2,MY,1,100,-2
0.988000,1422579.000,27296,3,MY,1,100, 0
1.027000,1422618.000,27296,3,MY,1,100,-1
1.066000,1422657.000,27296,3,MY,1,100,-1
1.104667,1422695.667,27313,3,MY,1,100,-1
1.143333,1422734.333,27313,3,MY,1,100,-1
1.182000,1422773.000,27313,3,MY,1,100,-1
1.220500,1422811.500,27330,2,MY,1,100,-1
1.259000,1422850.000,27330,2,MY,1,100,-1
1.298000,1422889.000,27345,3,MY,1,100,-1
1.337000,1422928.000,27345,3,MY,1,100, 0
1.376000,1422967.000,27345,3,MY,1,100,-2
1.415000,1423006.000,27363,2,MY,1,100,-1
1.454000,1423045.000,27363,2,MY,1,100,-1
1.493000,1423084.000,27381,3,MY,1,100,-1
1.532000,1423123.000,27381,3,MY,1,100,-1
1.571000,1423162.000,27381,3,MY,1,100,-1
1.610667,1423201.667,27398,3,MY,1,100, 0
1.650333,1423241.333,27398,3,MY,1,100,-1
1.690000,1423281.000,27398,3,MY,1,100, 0
1.729500,1423320.500,27415,2,MY,1,100, 0
1.769000,1423360.000,27415,2,MY,1,100, 0
1.808000,1423399.000,27431,3,MY,1,100, 0
1.847000,1423438.000,27431,3,MY,1,100, 0
1.886000,1423477.000,27431,3,MY,1,100,-1
1.925000,1423516.000,27447,2,MY,1,100,-1
1.964000,1423555.000,27447,2,MY,1,100, 0
1.998000,1423589.000,27464,3,MY,1,100,-1
2.032000,1423623.000,27464,3,MY,1,100,-1
2.066000,1423657.000,27464,3,MY,1,100,-1
2.105667,1423696.667,27481,3,MY,1,100,-1
2.145333,1423736.333,27481,3,MY,1,100, 0
2.185000,1423776.000,27481,3,MY,1,100,-1
2.224000,1423815.000,27497,2,MY,1,100, 0
2.263000,1423854.000,27497,2,MY,1,100, 0
2.302000,1423893.000,27513,3,MY,1,100,-1
2.341000,1423932.000,27513,3,MY,1,100, 0
2.380000,1423971.000,27513,3,MY,1,100, 0
2.419000,1424010.000,27531,3,MY,1,100, 0
2.458000,1424049.000,27531,3,MY,1,100, 0
2.497000,1424088.000,27531,3,MY,1,100,-1
2.536000,1424127.000,27549,2,MY,1,100, 0
2.575000,1424166.000,27549,2,MY,1,100, 0
2.613667,1424204.667,27566,3,MY,1,100,-1
2.652333,1424243.333,27566,3,MY,1,100, 0
2.691000,1424282.000,27566,3,MY,1,100,-1
2.731000,1424322.000,27582,2,MY,1,100, 0
2.771000,1424362.000,27582,2,MY,1,100, 0
2.810000,1424401.000,27599,3,MY,1,100,-1
2.849000,1424440.000,27599,3,MY,1,100, 0
2.888000,1424479.000,27599,3,MY,1,100,-1
2.927000,1424518.000,27615,3,MY,1,100,-1
2.966000,1424557.000,27615,3,MY,1,100, 0
3.005000,1424596.000,27615,3,MY,1,100, 0
3.044000,1424635.000,27633,2,MY,1,100,-1
3.083000,1424674.000,27633,2,MY,1,100, 0
3.122000,1424713.000,27648,3,MY,1,100,-1
3.161000,1424752.000,27648,3,MY,1,100,-1
3.200000,1424791.000,27648,3,MY,1,100,-1
3.239000,1424830.000,27665,2,MY,1,100, 0
3.278000,1424869.000,27665,2,MY,1,100,-1
3.316667,1424907.667,27681,3,MY,1,100,-1
3.355333,1424946.333,27681,3,MY,1,100, 0
3.394000,1424985.000,27681,3,MY,1,100,-1
3.432667,1425023.667,27701,3,MY,1,100,-1
3.471333,1425062.333,27701,3,MY,1,100, 0
3.510000,1425101.000,27701,3,MY,1,100, 0
3.549000,1425140.000,27717,2,MY,1,100,-1
3.588000,1425179.000,27717,2,MY,1,100, 0
3.627000,1425218.000,27733,3,MY,1,100, 0
3.666000,1425257.000,27733,3,MY,1,100, 0
3.705000,1425296.000,27733,3,MY,1,100,-1
3.739667,1425330.667,27750,3,MY,1,100, 0
3.774333,1425365.333,27750,3,MY,1,100, 0
3.809000,1425400.000,27750,3,MY,1,100,-1
3.848000,1425439.000,27767,2,MY,1,100,-1
3.887000,1425478.000,27767,2,MY,1,100,-1
3.926000,1425517.000,27783,3,MY,1,100, 0
3.965000,1425556.000,27783,3,MY,1,100,-1
4.004000,1425595.000,27783,3,MY,1,100,-1
4.042333,1425633.333,27800,3,MY,1,100, 0
4.080667,1425671.667,27800,3,MY,1,100, 0
4.119000,1425710.000,27800,3,MY,1,100,-1
4.158000,1425749.000,27816,2,MY,1,100, 0
4.197000,1425788.000,27816,2,MY,1,100, 0
4.236333,1425827.333,27833,3,MY,1,100,-1
4.275667,1425866.667,27833,3,MY,1,100,-1
4.315000,1425906.000,27833,3,MY,1,100, 0
4.355000,1425946.000,27850,2,MY,1,100, 0
4.395000,1425986.000,27850,2,MY,1,100,-1
4.434000,1426025.000,27869,3,MY,1,100, 0
4.473000,1426064.000,27869,3,MY,1,100, 0
4.512000,1426103.000,27869,3,MY,1,100,-1
4.551000,1426142.000,27884,2,MY,1,100,-1
4.590000,1426181.000,27884,2,MY,1,100,-1
4.629000,1426220.000,27902,3,MY,1,100,-1
4.668000,1426259.000,27902,3,MY,1,100, 0
4.707000,1426298.000,27902,3,MY,1,100,-1
4.746000,1426337.000,27918,3,MY,1,100,-1
4.785000,1426376.000,27918,3,MY,1,100, 0
4.824000,1426415.000,27918,3,MY,1,100, 0
4.863000,1426454.000,27935,2,MY,1,100, 0
4.902000,1426493.000,27935,2,MY,1,100,-1
4.941667,1426532.667,27950,3,MY,1,100, 0
4.981333,1426572.333,27950,3,MY,1,100, 0
5.021000,1426612.000,27950,3,MY,1,100,-1
5.060000,1426651.000,27968,2,MY,1,100,-1
5.099000,1426690.000,27968,2,MY,1,100, 0
5.138000,1426729.000,27984,3,MY,1,100, 0
5.177000,1426768.000,27984,3,MY,1,100, 0
5.216000,1426807.000,27984,3,MY,1,100,-1
5.255000,1426846.000,28001,2,MY,1,100, 0
5.294000,1426885.000,28001,2,MY,1,100, 0
5.333000,1426924.000,28018,3,MY,1,100, 0
5.372000,1426963.000,28018,3,MY,1,100,-1
5.411000,1427002.000,28018,3,MY,1,100, 0
5.445000,1427036.000,28036,3,MY,1,100,-1
5.479000,1427070.000,28036,3,MY,1,100,-1
5.513000,1427104.000,28036,3,MY,1,100, 0
5.552000,1427143.000,28052,3,MY,1,100, 0
5.591000,1427182.000,28052,3,MY,1,100,-1
5.630000,1427221.000,28052,3,MY,1,100,-1
5.669000,1427260.000,28070,2,MY,1,100,-1
5.708000,1427299.000,28070,2,MY,1,100, 0
5.747000,1427338.000,28086,3,MY,1,100,-1
5.786000,1427377.000,28086,3,MY,1,100, 0
5.825000,1427416.000,28086,3,MY,1,100, 0
5.864500,1427455.500,28104,4,MY,1,100, 0
5.904000,1427495.000,28104,4,MY,1,100,-1
5.943500,1427534.500,28104,4,MY,1,100,-1
5.983000,1427574.000,28104,4,MY,1,100, 0
6.022500,1427613.500,28121,2,MY,1,100, 0
6.062000,1427653.000,28121,2,MY,1,100, 0
6.101000,1427692.000,28137,3,MY,1,100,-1
6.140000,1427731.000,28137,3,MY,1,100, 0
6.179000,1427770.000,28137,3,MY,1,100, 0
6.217667,1427808.667,28153,3,MY,1,100, 0
6.256333,1427847.333,28153,3,MY,1,100,-1
6.295000,1427886.000,28153,3,MY,1,100, 0
6.334000,1427925.000,28171,2,MY,1,100, 0
6.373000,1427964.000,28171,2,MY,1,100,-1
6.412000,1428003.000,28189,3,MY,1,100,-1
6.451000,1428042.000,28189,3,MY,1,100, 0
6.490000,1428081.000,28189,3,MY,1,100,-1
6.530000,1428121.000,28205,2,MY,1,100, 0
6.570000,1428161.000,28205,2,MY,1,100, 0
6.609333,1428200.333,28222,3,MY,1,100,-1
6.648667,1428239.667,28222,3,MY,1,100, 0
6.688000,1428279.000,28222,3,MY,1,100, 0
6.727000,1428318.000,28239,2,MY,1,100, 0
6.766000,1428357.000,28239,2,MY,1,100, 0
6.804667,1428395.667,28255,3,MY,1,100, 0
6.843333,1428434.333,28255,3,MY,1,100, 0
6.882000,1428473.000,28255,3,MY,1,100,-1
6.920667,1428511.667,28273,3,MY,1,100,-1
6.959333,1428550.333,28273,3,MY,1,100, 0
6.998000,1428589.000,28273,3,MY,1,100,-1
7.037000,1428628.000,28288,2,MY,1,100,-1
7.076000,1428667.000,28288,2,MY,1,100, 0
7.111000,1428702.000,28305,3,MY,1,100, 0
7.146000,1428737.000,28305,3,MY,1,100, 0
7.181000,1428772.000,28305,3,MY,1,100,-1
7.220000,1428811.000,28321,3,MY,1,100, 0
7.259000,1428850.000,28321,3,MY,1,100,-1
7.298000,1428889.000,28321,3,MY,1,100, 0
7.337000,1428928.000,28341,2,MY,1,100, 0
7.376000,1428967.000,28341,2,MY,1,100, 0
7.415000,1429006.000,28356,3,MY,1,100, 0
7.454000,1429045.000,28356,3,MY,1,100,-1
7.493000,1429084.000,28356,3,MY,1,100, 0
7.532000,1429123.000,28373,3,MY,1,100,-1
7.571000,1429162.000,28373,3,MY,1,100, 0
7.610000,1429201.000,28373,3,MY,1,100, 0
7.648500,1429239.500,28390,2,MY,1,100,-1
7.687000,1429278.000,28390,2,MY,1,100, 0
7.725667,1429316.667,28407,3,MY,1,100, 0
7.764333,1429355.333,28407,3,MY,1,100, 0
7.803000,1429394.000,28407,3,MY,1,100, 0
7.842000,1429433.000,28423,2,MY,1,100,-1
7.881000,1429472.000,28423,2,MY,1,100,-1
7.920000,1429511.000,28440,3,MY,1,100,-1
7.959000,1429550.000,28440,3,MY,1,100, 0
7.998000,1429589.000,28440,3,MY,1,100,-1
8.037000,1429628.000,28456,3,MY,1,100, 0
8.076000,1429667.000,28456,3,MY,1,100,-2
8.115000,1429706.000,28456,3,MY,1,100,-1
8.154000,1429745.000,28473,2,MY,1,100, 0
8.193000,1429784.000,28473,2,MY,1,100,-1
8.231333,1429822.333,28490,3,MY,1,100,-1
8.269667,1429860.667,28490,3,MY,1,100, 0
8.308000,1429899.000,28490,3,MY,1,100,-1
8.347000,1429938.000,28508,2,MY,1,100,-1
8.386000,1429977.000,28508,2,MY,1,100,-1
8.425000,1430016.000,28524,3,MY,1,100,-1
8.464000,1430055.000,28524,3,MY,1,100,-1
8.503000,1430094.000,28524,3,MY,1,100, 0
8.542000,1430133.000,28542,3,MY,1,100,-1
8.581000,1430172.000,28542,3,MY,1,100,-1
8.620000,1430211.000,28542,3,MY,1,100,-1
8.659000,1430250.000,28558,2,MY,1,100,-1
8.698000,1430289.000,28558,2,MY,1,100, 0
8.737667,1430328.667,28575,3,MY,1,100, 0
8.777333,1430368.333,28575,3,MY,1,100, 0
8.817000,1430408.000,28575,3,MY,1,100,-1
8.856500,1430447.500,28590,2,MY,1,100,-1
8.896000,1430487.000,28590,2,MY,1,100,-1
8.930667,1430521.667,28608,3,MY,1,100, 0
8.965333,1430556.333,28608,3,MY,1,100, 0
9.000000,1430591.000,28608,3,MY,1,100,-1
9.038667,1430629.667,28624,3,MY,1,100, 0
9.077333,1430668.333,28624,3,MY,1,100,-1
9.116000,1430707.000,28624,3,MY,1,100, 0
9.155000,1430746.000,28641,2,MY,1,100, 0
9.194000,1430785.000,28641,2,MY,1,100,-1
9.233667,1430824.667,28658,3,MY,1,100,-1
9.273333,1430864.333,28658,3,MY,1,100, 0
9.313000,1430904.000,28658,3,MY,1,100,-1
9.352000,1430943.000,28676,3,MY,1,100, 0
9.391000,1430982.000,28676,3,MY,1,100, 0
9.430000,1431021.000,28676,3,MY,1,100, 0
9.469000,1431060.000,28692,2,MY,1,100,-1
9.508000,1431099.000,28692,2,MY,1,100,-1
9.547000,1431138.000,28710,3,MY,1,100,-1
9.586000,1431177.000,28710,3,MY,1,100, 0
9.625000,1431216.000,28710,3,MY,1,100, 0
9.663667,1431254.667,28726,3,MY,1,100,-1
9.702333,1431293.333,28726,3,MY,1,100, 0
9.741000,1431332.000,28726,3,MY,1,100,-1
9.781000,1431372.000,28742,2,MY,1,100, 0
9.821000,1431412.000,28742,2,MY,1,100,-1
9.860333,1431451.333,28759,3,MY,1,100, 0
9.899667,1431490.667,28759,3,MY,1,100,-1
9.939000,1431530.000,28759,3,MY,1,100,-2
9.978000,1431569.000,28776,2,MY,1,100,-1
10.017000,1431608.000,28776,2,MY,1,100, 0
10.056000,1431647.000,28792,3,MY,1,100, 0
10.095000,1431686.000,28792,3,MY,1,100,-1
10.134000,1431725.000,28792,3,MY,1,100,-1
10.173000,1431764.000,28810,3,MY,1,100,-1
10.212000,1431803.000,28810,3,MY,1,100, 1
10.251000,1431842.000,28810,3,MY,1,100,-1
10.290000,1431881.000,28827,2,MY,1,100, 0
10.329000,1431920.000,28827,2,MY,1,100,-1
10.368000,1431959.000,28844,3,MY,1,100,-1
10.407000,1431998.000,28844,3,MY,1,100, 0
10.446000,1432037.000,28844,3,MY,1,100,-1
10.484500,1432075.500,28860,2,MY,1,100, 0
10.523000,1432114.000,28860,2,MY,1,100,-1
10.561667,1432152.667,28878,3,MY,1,100, 0
10.600333,1432191.333,28878,3,MY,1,100, 0
10.639000,1432230.000,28878,3,MY,1,100, 0
10.673667,1432264.667,28893,3,MY,1,100, 0
10.708333,1432299.333,28893,3,MY,1,100, 0
10.743000,1432334.000,28893,3,MY,1,100, 0
10.782500,1432373.500,28910,2,MY,1,100, 0
10.822000,1432413.000,28910,2,MY,1,100, 0
10.861667,1432452.667,28927,3,MY,1,100, 0
10.901333,1432492.333,28927,3,MY,1,100, 0
10.941000,1432532.000,28927,3,MY,1,100, 0
10.980000,1432571.000,28945,4,MY,1,100, 0
11.019000,1432610.000,28945,4,MY,1,100, 0
11.058000,1432649.000,28945,4,MY,1,100, 0
11.097000,1432688.000,28945,4,MY,1,100, 0
11.135500,1432726.500,28961,2,MY,1,100, 2
11.174000,1432765.000,28961,2,MY,1,100, 1
11.213000,1432804.000,28981,3,MY,1,100, 2
11.252000,1432843.000,28981,3,MY,1,100, 3
11.291000,1432882.000,28981,3,MY,1,100, 4
11.330333,1432921.333,28996,3,MY,1,100, 5
11.369667,1432960.667,28996,3,MY,1,100, 6
11.409000,1433000.000,28996,3,MY,1,100, 7
11.449000,1433040.000,29013,2,MY,1,100, 8
11.489000,1433080.000,29013,2,MY,1,100, 9
11.528000,1433119.000,29030,3,MY,1,100,10
11.567000,1433158.000,29030,3,MY,1,100,13
11.606000,1433197.000,29030,3,MY,1,100,15
11.645000,1433236.000,29047,2,MY,1,100,17
11.684000,1433275.000,29047,2,MY,1,100,18
11.723000,1433314.000,29063,3,MY,1,100,21
11.762000,1433353.000,29063,3,MY,1,100,22
11.801000,1433392.000,29063,3,MY,1,100,24
11.840000,1433431.000,29080,3,MY,1,100,26
11.879000,1433470.000,29080,3,MY,1,100,28
11.918000,1433509.000,29080,3,MY,1,100,29
11.956000,1433547.000,29096,2,MY,1,100,29
11.994000,1433585.000,29096,2,MY,1,100,31
12.034000,1433625.000,29113,3,MY,1,100,32
12.074000,1433665.000,29113,3,MY,1,100,32
12.114000,1433705.000,29113,3,MY,1,100,32
12.153000,1433744.000,29130,2,MY,1,100,34
12.192000,1433783.000,29130,2,MY,1,100,34
12.231000,1433822.000,29148,3,MY,1,100,34
12.270000,1433861.000,29148,3,MY,1,100,36
12.309000,1433900.000,29148,3,MY,1,100,35
12.343667,1433934.667,29164,3,MY,1,100,35
12.378333,1433969.333,29164,3,MY,1,100,35
12.413000,1434004.000,29164,3,MY,1,100,35
12.452000,1434043.000,29181,2,MY,1,100,34
12.491000,1434082.000,29181,2,MY,1,100,34
12.529333,1434120.333,29200,3,MY,1,100,34
12.567667,1434158.667,29200,3,MY,1,100,35
12.606000,1434197.000,29200,3,MY,1,100,35
12.645000,1434236.000,29217,3,MY,1,100,34
12.684000,1434275.000,29217,3,MY,1,100,34
12.723000,1434314.000,29217,3,MY,1,100,34
12.762000,1434353.000,29232,2,MY,1,100,36
12.801000,1434392.000,29232,2,MY,1,100,36
12.840000,1434431.000,29250,3,MY,1,100,37
12.879000,1434470.000,29250,3,MY,1,100,39
12.918000,1434509.000,29250,3,MY,1,100,39
12.957000,1434548.000,29266,2,MY,1,100,40
12.996000,1434587.000,29266,2,MY,1,100,41
13.036000,1434627.000,29283,3,MY,1,100,41
13.076000,1434667.000,29283,3,MY,1,100,42
13.116000,1434707.000,29283,3,MY,1,100,42
13.155000,1434746.000,29299,3,MY,1,100,42
13.194000,1434785.000,29299,3,MY,1,100,42
13.233000,1434824.000,29299,3,MY,1,100,43
13.272000,1434863.000,29318,2,MY,1,100,44
13.311000,1434902.000,29318,2,MY,1,100,44
13.349333,1434940.333,29334,3,MY,1,100,44
13.387667,1434978.667,29334,3,MY,1,100,44
13.426000,1435017.000,29334,3,MY,1,100,44
13.465000,1435056.000,29352,2,MY,1,100,43
13.504000,1435095.000,29352,2,MY,1,100,42
13.543000,1435134.000,29368,3,MY,1,100,41
13.582000,1435173.000,29368,3,MY,1,100,39
13.621000,1435212.000,29368,3,MY,1,100,39
13.661000,1435252.000,29384,2,MY,1,100,36
13.701000,1435292.000,29384,2,MY,1,100,34
13.740333,1435331.333,29403,3,MY,1,100,31
13.779667,1435370.667,29403,3,MY,1,100,29
13.819000,1435410.000,29403,3,MY,1,100,28
13.858000,1435449.000,29420,3,MY,1,100,26
13.897000,1435488.000,29420,3,MY,1,100,24
13.936000,1435527.000,29420,3,MY,1,100,21
13.974500,1435565.500,29436,2,MY,1,100,21
14.013000,1435604.000,29436,2,MY,1,100,20
14.051667,1435642.667,29452,3,MY,1,100,20
14.090333,1435681.333,29452,3,MY,1,100,19
14.129000,1435720.000,29452,3,MY,1,100,18
14.163333,1435754.333,29471,3,MY,1,100,17
14.197667,1435788.667,29471,3,MY,1,100,17
14.232000,1435823.000,29471,3,MY,1,100,16
14.271000,1435862.000,29488,2,MY,1,100,15
14.310000,1435901.000,29488,2,MY,1,100,14
14.349000,1435940.000,29504,3,MY,1,100,13
14.388000,1435979.000,29504,3,MY,1,100,13
14.427000,1436018.000,29504,3,MY,1,100,12
14.466000,1436057.000,29522,3,MY,1,100,13
14.505000,1436096.000,29522,3,MY,1,100,12
14.544000,1436135.000,29522,3,MY,1,100,13
14.583000,1436174.000,29537,2,MY,1,100,14
14.622000,1436213.000,29537,2,MY,1,100,15
14.661000,1436252.000,29554,3,MY,1,100,17
14.700000,1436291.000,29554,3,MY,1,100,17
14.739000,1436330.000,29554,3,MY,1,100,17
14.777000,1436368.000,29573,2,MY,1,100,17
14.815000,1436406.000,29573,2,MY,1,100,17
14.854000,1436445.000,29590,3,MY,1,100,16
14.893000,1436484.000,29590,3,MY,1,100,16
14.932000,1436523.000,29590,3,MY,1,100,14
14.971000,1436562.000,29605,3,MY,1,100,13
15.010000,1436601.000,29605,3,MY,1,100,12
15.049000,1436640.000,29605,3,MY,1,100,11
15.088000,1436679.000,29623,2,MY,1,100,11
15.127000,1436718.000,29623,2,MY,1,100, 8
15.166000,1436757.000,29641,3,MY,1,100, 8
15.205000,1436796.000,29641,3,MY,1,100, 7
15.244000,1436835.000,29641,3,MY,1,100, 5
15.283000,1436874.000,29658,2,MY,1,100, 5
15.322000,1436913.000,29658,2,MY,1,100, 4
15.360333,1436951.333,29675,3,MY,1,100, 3
15.398667,1436989.667,29675,3,MY,1,100, 4
15.437000,1437028.000,29675,3,MY,1,100, 3
15.476000,1437067.000,29691,3,MY,1,100, 2
15.515000,1437106.000,29691,3,MY,1,100, 2
15.554000,1437145.000,29691,3,MY,1,100, 2
15.592500,1437183.500,29709,2,MY,1,100, 1
15.631000,1437222.000,29709,2,MY,1,100, 1
15.669667,1437260.667,29726,3,MY,1,100, 2
15.708333,1437299.333,29726,3,MY,1,100, 2
15.747000,1437338.000,29726,3,MY,1,100, 1
15.781667,1437372.667,29743,3,MY,1,100, 1
15.816333,1437407.333,29743,3,MY,1,100, 1
15.851000,1437442.000,29743,3,MY,1,100, 0
15.890000,1437481.000,29759,2,MY,1,100, 0
15.929000,1437520.000,29759,2,MY,1,100, 0
15.968000,1437559.000,29775,3,MY,1,100, 0
16.007000,1437598.000,29775,3,MY,1,100, 0
16.046000,1437637.000,29775,3,MY,1,100, 0
16.085000,1437676.000,29794,4,MY,1,100, 0
16.124000,1437715.000,29794,4,MY,1,100, 0
16.163000,1437754.000,29794,4,MY,1,100,-1
16.202000,1437793.000,29794,4,MY,1,100,-1
16.241000,1437832.000,29812,2,MY,1,100,-1
16.280000,1437871.000,29812,2,MY,1,100,-1
16.319667,1437910.667,29829,3,MY,1,100, 0
16.359333,1437950.333,29829,3,MY,1,100, 0
16.399000,1437990.000,29829,3,MY,1,100, 0
16.438000,1438029.000,29846,3,MY,1,100, 0
16.477000,1438068.000,29846,3,MY,1,100, 0
16.516000,1438107.000,29846,3,MY,1,100, 0
16.555000,1438146.000,29863,2,MY,1,100, 0
16.594000,1438185.000,29863,2,MY,1,100, 1
16.633000,1438224.000,29878,3,MY,1,100, 1
16.672000,1438263.000,29878,3,MY,1,100, 1
16.711000,1438302.000,29878,3,MY,1,100, 2
16.750000,1438341.000,29896,2,MY,1,100, 2
16.789000,1438380.000,29896,2,MY,1,100, 3
16.827667,1438418.667,29914,3,MY,1,100, 5
16.866333,1438457.333,29914,3,MY,1,100, 7
16.905000,1438496.000,29914,3,MY,1,100, 8
16.944667,1438535.667,29931,3,MY,1,100, 8
16.984333,1438575.333,29931,3,MY,1,100,10
17.024000,1438615.000,29931,3,MY,1,100,10
17.062500,1438653.500,29947,2,MY,1,100,14
17.101000,1438692.000,29947,2,MY,1,100,14
17.140000,1438731.000,29966,3,MY,1,100,16
17.179000,1438770.000,29966,3,MY,1,100,17
17.218000,1438809.000,29966,3,MY,1,100,19
17.257000,1438848.000,29982,2,MY,1,100,22
17.296000,1438887.000,29982,2,MY,1,100,22
17.335000,1438926.000,30000,3,MY,1,100,25
17.374000,1438965.000,30000,3,MY,1,100,25
17.413000,1439004.000,30000,3,MY,1,100,25
17.452000,1439043.000,30016,2,MY,1,100,26
17.491000,1439082.000,30016,2,MY,1,100,27
17.525333,1439116.333,30032,3,MY,1,100,26
17.559667,1439150.667,30032,3,MY,1,100,27
17.594000,1439185.000,30032,3,MY,1,100,27
17.632667,1439223.667,30049,3,MY,1,100,27
17.671333,1439262.333,30049,3,MY,1,100,28
17.710000,1439301.000,30049,3,MY,1,100,29
17.749000,1439340.000,30066,3,MY,1,100,30
17.788000,1439379.000,30066,3,MY,1,100,31
17.827000,1439418.000,30066,3,MY,1,100,34
17.866500,1439457.500,30084,2,MY,1,100,34
17.906000,1439497.000,30084,2,MY,1,100,35
17.945667,1439536.667,30100,3,MY,1,100,36
17.985333,1439576.333,30100,3,MY,1,100,37
18.025000,1439616.000,30100,3,MY,1,100,38
18.064000,1439655.000,30119,2,MY,1,100,39
18.103000,1439694.000,30119,2,MY,1,100,41
18.142000,1439733.000,30136,3,MY,1,100,41
18.181000,1439772.000,30136,3,MY,1,100,44
18.220000,1439811.000,30136,3,MY,1,100,45
18.258333,1439849.333,30152,3,MY,1,100,46
18.296667,1439887.667,30152,3,MY,1,100,46
18.335000,1439926.000,30152,3,MY,1,100,46
18.374000,1439965.000,30170,2,MY,1,100,46
18.413000,1440004.000,30170,2,MY,1,100,47
18.451667,1440042.667,30185,3,MY,1,100,48
18.490333,1440081.333,30185,3,MY,1,100,48
18.529000,1440120.000,30185,3,MY,1,100,48
18.569000,1440160.000,30202,2,MY,1,100,48
18.609000,1440200.000,30202,2,MY,1,100,48
18.648000,1440239.000,30219,3,MY,1,100,47
18.687000,1440278.000,30219,3,MY,1,100,46
18.726000,1440317.000,30219,3,MY,1,100,45
18.765000,1440356.000,30236,2,MY,1,100,45
18.804000,1440395.000,30236,2,MY,1,100,44
18.843000,1440434.000,30251,3,MY,1,100,44
18.882000,1440473.000,30251,3,MY,1,100,43
18.921000,1440512.000,30251,3,MY,1,100,43
18.960000,1440551.000,30269,3,MY,1,100,44
18.999000,1440590.000,30269,3,MY,1,100,43
19.038000,1440629.000,30269,3,MY,1,100,42
19.077000,1440668.000,30287,2,MY,1,100,41
19.116000,1440707.000,30287,2,MY,1,100,41
19.156000,1440747.000,30304,3,MY,1,100,42
19.196000,1440787.000,30304,3,MY,1,100,42
19.236000,1440827.000,30304,3,MY,1,100,44
19.270667,1440861.667,30320,3,MY,1,100,44
19.305333,1440896.333,30320,3,MY,1,100,45
19.340000,1440931.000,30320,3,MY,1,100,44
19.379000,1440970.000,30337,2,MY,1,100,44
19.418000,1441009.000,30337,2,MY,1,100,45
19.457000,1441048.000,30355,3,MY,1,100,45
19.496000,1441087.000,30355,3,MY,1,100,45
19.535000,1441126.000,30355,3,MY,1,100,46
19.574000,1441165.000,30372,2,MY,1,100,45
19.613000,1441204.000,30372,2,MY,1,100,45
19.651333,1441242.333,30389,3,MY,1,100,46
19.689667,1441280.667,30389,3,MY,1,100,46
19.728000,1441319.000,30389,3,MY,1,100,45
19.767000,1441358.000,30405,3,MY,1,100,46
19.806000,1441397.000,30405,3,MY,1,100,46
19.845000,1441436.000,30405,3,MY,1,100,46
19.883000,1441474.000,30421,2,MY,1,100,45
19.921000,1441512.000,30421,2,MY,1,100,44
19.960000,1441551.000,30439,3,MY,1,100,44
19.999000,1441590.000,30439,3,MY,1,100,45
20.038000,1441629.000,30439,3,MY,1,100,45
20.077000,1441668.000,30457,2,MY,1,100,44
20.116000,1441707.000,30457,2,MY,1,100,45
20.156000,1441747.000,30474,3,MY,1,100,44
20.196000,1441787.000,30474,3,MY,1,100,45
20.236000,1441827.000,30474,3,MY,1,100,44
20.275000,1441866.000,30490,3,MY,1,100,44
20.314000,1441905.000,30490,3,MY,1,100,45
20.353000,1441944.000,30490,3,MY,1,100,44
20.392000,1441983.000,30507,2,MY,1,100,46
20.431000,1442022.000,30507,2,MY,1,100,47
20.469333,1442060.333,30525,3,MY,1,100,48
20.507667,1442098.667,30525,3,MY,1,100,48
20.546000,1442137.000,30525,3,MY,1,100,49
20.585000,1442176.000,30543,2,MY,1,100,49
20.624000,1442215.000,30543,2,MY,1,100,49
20.663333,1442254.333,30558,3,MY,1,100,49
20.702667,1442293.667,30558,3,MY,1,100,51
20.742000,1442333.000,30558,3,MY,1,100,51
20.782000,1442373.000,30575,3,MY,1,100,49
20.822000,1442413.000,30575,3,MY,1,100,50
20.862000,1442453.000,30575,3,MY,1,100,50
20.901000,1442492.000,30591,2,MY,1,100,51
20.940000,1442531.000,30591,2,MY,1,100,50
20.974667,1442565.667,30611,3,MY,1,100,50
21.009333,1442600.333,30611,3,MY,1,100,50
21.044000,1442635.000,30611,3,MY,1,100,49
21.083000,1442674.000,30626,3,MY,1,100,48
21.122000,1442713.000,30626,3,MY,1,100,48
21.161000,1442752.000,30626,3,MY,1,100,47
21.201000,1442792.000,30643,2,MY,1,100,47
21.241000,1442832.000,30643,2,MY,1,100,46
21.279333,1442870.333,30660,3,MY,1,100,46
21.317667,1442908.667,30660,3,MY,1,100,45
21.356000,1442947.000,30660,3,MY,1,100,45
21.395000,1442986.000,30677,2,MY,1,100,45
21.434000,1443025.000,30677,2,MY,1,100,45
21.473000,1443064.000,30693,3,MY,1,100,45
21.512000,1443103.000,30693,3,MY,1,100,45
21.551000,1443142.000,30693,3,MY,1,100,46
21.590000,1443181.000,30710,3,MY,1,100,46
21.629000,1443220.000,30710,3,MY,1,100,46
21.668000,1443259.000,30710,3,MY,1,100,48
21.707000,1443298.000,30728,2,MY,1,100,48
21.746000,1443337.000,30728,2,MY,1,100,49
21.785000,1443376.000,30745,3,MY,1,100,49
21.824000,1443415.000,30745,3,MY,1,100,49
21.863000,1443454.000,30745,3,MY,1,100,49
21.901000,1443492.000,30762,2,MY,1,100,49
21.939000,1443530.000,30762,2,MY,1,100,49
21.978000,1443569.000,30780,3,MY,1,100,49
22.017000,1443608.000,30780,3,MY,1,100,50
22.056000,1443647.000,30780,3,MY,1,100,49
22.095000,1443686.000,30798,3,MY,1,100,49
22.134000,1443725.000,30798,3,MY,1,100,49
22.173000,1443764.000,30798,3,MY,1,100,48
22.212000,1443803.000,30815,2,MY,1,100,49
22.251000,1443842.000,30815,2,MY,1,100,49
22.290000,1443881.000,30832,3,MY,1,100,47
22.329000,1443920.000,30832,3,MY,1,100,47
22.368000,1443959.000,30832,3,MY,1,100,48
22.407000,1443998.000,30849,2,MY,1,100,48
22.446000,1444037.000,30849,2,MY,1,100,48
22.484333,1444075.333,30864,3,MY,1,100,47
22.522667,1444113.667,30864,3,MY,1,100,47
22.561000,1444152.000,30864,3,MY,1,100,47
22.600000,1444191.000,30882,3,MY,1,100,48
22.639000,1444230.000,30882,3,MY,1,100,48
22.678000,1444269.000,30882,3,MY,1,100,47
22.710000,1444301.000,30898,2,MY,1,100,47
22.742000,1444333.000,30898,2,MY,1,100,48
22.782000,1444373.000,30915,3,MY,1,100,47
22.822000,1444413.000,30915,3,MY,1,100,47
22.862000,1444453.000,30915,3,MY,1,100,47
22.901000,1444492.000,30931,3,MY,1,100,47
22.940000,1444531.000,30931,3,MY,1,100,47
22.979000,1444570.000,30931,3,MY,1,100,47
23.018000,1444609.000,30950,2,MY,1,100,47
23.057000,1444648.000,30950,2,MY,1,100,48
23.096000,1444687.000,30968,3,MY,1,100,48
23.135000,1444726.000,30968,3,MY,1,100,48
23.174000,1444765.000,30968,3,MY,1,100,49
23.213000,1444804.000,30986,2,MY,1,100,48
23.252000,1444843.000,30986,2,MY,1,100,47
23.290333,1444881.333,31002,3,MY,1,100,48
23.328667,1444919.667,31002,3,MY,1,100,49
23.367000,1444958.000,31002,3,MY,1,100,49
23.407000,1444998.000,31018,3,MY,1,100,48
23.447000,1445038.000,31018,3,MY,1,100,48
23.487000,1445078.000,31018,3,MY,1,100,49
23.526000,1445117.000,31035,2,MY,1,100,49
23.565000,1445156.000,31035,2,MY,1,100,49
23.604000,1445195.000,31052,3,MY,1,100,49
23.643000,1445234.000,31052,3,MY,1,100,49
23.682000,1445273.000,31052,3,MY,1,100,49
23.721000,1445312.000,31068,2,MY,1,100,48
23.760000,1445351.000,31068,2,MY,1,100,48
23.799000,1445390.000,31085,3,MY,1,100,48
23.838000,1445429.000,31085,3,MY,1,100,49
23.877000,1445468.000,31085,3,MY,1,100,48
23.916000,1445507.000,31103,3,MY,1,100,48
23.955000,1445546.000,31103,3,MY,1,100,48
23.994000,1445585.000,31103,3,MY,1,100,48
24.034000,1445625.000,31120,2,MY,1,100,49
24.074000,1445665.000,31120,2,MY,1,100,49
24.112333,1445703.333,31136,3,MY,1,100,48
24.150667,1445741.667,31136,3,MY,1,100,48
24.189000,1445780.000,31136,3,MY,1,100,49
24.228000,1445819.000,31154,2,MY,1,100,49
24.267000,1445858.000,31154,2,MY,1,100,49
24.306000,1445897.000,31169,3,MY,1,100,48
24.345000,1445936.000,31169,3,MY,1,100,48
24.384000,1445975.000,31169,3,MY,1,100,48
24.418667,1446009.667,31186,3,MY,1,100,48
24.453333,1446044.333,31186,3,MY,1,100,49
24.488000,1446079.000,31186,3,MY,1,100,48
24.527000,1446118.000,31203,3,MY,1,100,49
24.566000,1446157.000,31203,3,MY,1,100,49
24.605000,1446196.000,31203,3,MY,1,100,51
24.644000,1446235.000,31220,2,MY,1,100,51
24.683000,1446274.000,31220,2,MY,1,100,52
24.721333,1446312.333,31236,3,MY,1,100,52
24.759667,1446350.667,31236,3,MY,1,100,53
24.798000,1446389.000,31236,3,MY,1,100,52
24.837000,1446428.000,31253,2,MY,1,100,51
24.876000,1446467.000,31253,2,MY,1,100,51
24.915000,1446506.000,31271,3,MY,1,100,50
24.954000,1446545.000,31271,3,MY,1,100,50
24.993000,1446584.000,31271,3,MY,1,100,48
25.033000,1446624.000,31288,3,MY,1,100,47
25.073000,1446664.000,31288,3,MY,1,100,47
25.113000,1446704.000,31288,3,MY,1,100,46
25.152000,1446743.000,31305,2,MY,1,100,45
25.191000,1446782.000,31305,2,MY,1,100,44
25.230000,1446821.000,31321,3,MY,1,100,43
25.269000,1446860.000,31321,3,MY,1,100,43
25.308000,1446899.000,31321,3,MY,1,100,41
25.346500,1446937.500,31339,2,MY,1,100,41
25.385000,1446976.000,31339,2,MY,1,100,40
25.423667,1447014.667,31356,3,MY,1,100,39
25.462333,1447053.333,31356,3,MY,1,100,37
25.501000,1447092.000,31356,3,MY,1,100,35
25.540000,1447131.000,31373,3,MY,1,100,34
25.579000,1447170.000,31373,3,MY,1,100,32
25.618000,1447209.000,31373,3,MY,1,100,31
25.658000,1447249.000,31390,2,MY,1,100,30
25.698000,1447289.000,31390,2,MY,1,100,27
25.737333,1447328.333,31405,3,MY,1,100,25
25.776667,1447367.667,31405,3,MY,1,100,23
25.816000,1447407.000,31405,3,MY,1,100,21
25.855000,1447446.000,31423,2,MY,1,100,20
25.894000,1447485.000,31423,2,MY,1,100,18
25.933000,1447524.000,31441,3,MY,1,100,18
25.972000,1447563.000,31441,3,MY,1,100,18
26.011000,1447602.000,31441,3,MY,1,100,17
26.050000,1447641.000,31458,3,MY,1,100,16
26.089000,1447680.000,31458,3,MY,1,100,15
26.128000,1447719.000,31458,3,MY,1,100,17
26.159500,1447750.500,31474,2,MY,1,100,16
26.191000,1447782.000,31474,2,MY,1,100,17
26.230000,1447821.000,31491,3,MY,1,100,15
26.269000,1447860.000,31491,3,MY,1,100,15
26.308000,1447899.000,31491,3,MY,1,100,16
26.347000,1447938.000,31507,3,MY,1,100,14
26.386000,1447977.000,31507,3,MY,1,100,15
26.425000,1448016.000,31507,3,MY,1,100,15
26.464000,1448055.000,31525,2,MY,1,100,15
26.503000,1448094.000,31525,2,MY,1,100,15
26.542000,1448133.000,31541,3,MY,1,100,13
26.581000,1448172.000,31541,3,MY,1,100,14
26.620000,1448211.000,31541,3,MY,1,100,13
26.659000,1448250.000,31557,2,MY,1,100,13
26.698000,1448289.000,31557,2,MY,1,100,13
26.736333,1448327.333,31574,3,MY,1,100,12
26.774667,1448365.667,31574,3,MY,1,100,11
26.813000,1448404.000,31574,3,MY,1,100,12
26.852000,1448443.000,31593,3,MY,1,100,11
26.891000,1448482.000,31593,3,MY,1,100,11
26.930000,1448521.000,31593,3,MY,1,100,12
26.968500,1448559.500,31611,2,MY,1,100,10
27.007000,1448598.000,31611,2,MY,1,100,11
27.045667,1448636.667,31627,3,MY,1,100, 8
27.084333,1448675.333,31627,3,MY,1,100, 8
27.123000,1448714.000,31627,3,MY,1,100, 9
27.162000,1448753.000,31644,2,MY,1,100, 8
27.201000,1448792.000,31644,2,MY,1,100, 8
27.241000,1448832.000,31661,3,MY,1,100, 9
27.281000,1448872.000,31661,3,MY,1,100, 8
27.321000,1448912.000,31661,3,MY,1,100, 8
27.360333,1448951.333,31677,3,MY,1,100, 8
27.399667,1448990.667,31677,3,MY,1,100, 9
27.439000,1449030.000,31677,3,MY,1,100, 8
27.478000,1449069.000,31695,2,MY,1,100, 8
27.517000,1449108.000,31695,2,MY,1,100, 8
27.555667,1449146.667,31710,3,MY,1,100, 8
27.594333,1449185.333,31710,3,MY,1,100, 9
27.633000,1449224.000,31710,3,MY,1,100, 8
27.672000,1449263.000,31727,2,MY,1,100, 8
27.711000,1449302.000,31727,2,MY,1,100,12
27.750000,1449341.000,31744,3,MY,1,100,14
27.789000,1449380.000,31744,3,MY,1,100,16
27.828000,1449419.000,31744,3,MY,1,100,17
27.863333,1449454.333,31763,3,MY,1,100,19
27.898667,1449489.667,31763,3,MY,1,100,21
27.934000,1449525.000,31763,3,MY,1,100,21
27.973000,1449564.000,31778,2,MY,1,100,22
28.012000,1449603.000,31778,2,MY,1,100,21
28.051000,1449642.000,31796,3,MY,1,100,22
28.090000,1449681.000,31796,3,MY,1,100,22
28.129000,1449720.000,31796,3,MY,1,100,21
28.167333,1449758.333,31812,3,MY,1,100,22
28.205667,1449796.667,31812,3,MY,1,100,21
28.244000,1449835.000,31812,3,MY,1,100,19
28.284000,1449875.000,31829,2,MY,1,100,18
28.324000,1449915.000,31829,2,MY,1,100,18
28.362333,1449953.333,31845,3,MY,1,100,18
28.400667,1449991.667,31845,3,MY,1,100,18
28.439000,1450030.000,31845,3,MY,1,100,18
28.478000,1450069.000,31862,2,MY,1,100,17
28.517000,1450108.000,31862,2,MY,1,100,17
28.556000,1450147.000,31880,3,MY,1,100,17
28.595000,1450186.000,31880,3,MY,1,100,18
28.634000,1450225.000,31880,3,MY,1,100,17
28.673000,1450264.000,31897,3,MY,1,100,18
28.712000,1450303.000,31897,3,MY,1,100,18
28.751000,1450342.000,31897,3,MY,1,100,19
28.790000,1450381.000,31916,2,MY,1,100,19
28.829000,1450420.000,31916,2,MY,1,100,21
28.868000,1450459.000,31932,3,MY,1,100,21
28.907000,1450498.000,31932,3,MY,1,100,23
28.946000,1450537.000,31932,3,MY,1,100,25
28.984500,1450575.500,31948,2,MY,1,100,25
29.023000,1450614.000,31948,2,MY,1,100,27
29.061667,1450652.667,31966,3,MY,1,100,27
29.100333,1450691.333,31966,3,MY,1,100,30
29.139000,1450730.000,31966,3,MY,1,100,30
29.178000,1450769.000,31982,3,MY,1,100,34
29.217000,1450808.000,31982,3,MY,1,100,34
29.256000,1450847.000,31982,3,MY,1,100,35
29.295000,1450886.000,31999,2,MY,1,100,35
29.334000,1450925.000,31999,2,MY,1,100,36
29.373000,1450964.000,32017,3,MY,1,100,36
29.412000,1451003.000,32017,3,MY,1,100,37
29.451000,1451042.000,32017,3,MY,1,100,38
29.490000,1451081.000,32034,2,MY,1,100,38
29.529000,1451120.000,32034,2,MY,1,100,38
29.567333,1451158.333,32050,3,MY,1,100,38
29.605667,1451196.667,32050,3,MY,1,100,39
29.644000,1451235.000,32050,3,MY,1,100,38
29.678667,1451269.667,32068,3,MY,1,100,38
29.713333,1451304.333,32068,3,MY,1,100,38
29.748000,1451339.000,32068,3,MY,1,100,38
29.786333,1451377.333,32085,3,MY,1,100,38
29.824667,1451415.667,32085,3,MY,1,100,38
29.863000,1451454.000,32085,3,MY,1,100,39
29.903000,1451494.000,32102,2,MY,1,100,39
29.943000,1451534.000,32102,2,MY,1,100,39
29.982333,1451573.333,32118,3,MY,1,100,38
30.021667,1451612.667,32118,3,MY,1,100,39
30.061000,1451652.000,32118,3,MY,1,100,38
30.100000,1451691.000,32136,2,MY,1,100,39
30.139000,1451730.000,32136,2,MY,1,100,38
30.178000,1451769.000,32152,3,MY,1,100,39
30.217000,1451808.000,32152,3,MY,1,100,38
30.256000,1451847.000,32152,3,MY,1,100,39
30.295000,1451886.000,32168,2,MY,1,100,39
30.334000,1451925.000,32168,2,MY,1,100,39
30.372667,1451963.667,32185,3,MY,1,100,39
30.411333,1452002.333,32185,3,MY,1,100,39
30.450000,1452041.000,32185,3,MY,1,100,39
30.490000,1452081.000,32202,3,MY,1,100,39
30.530000,1452121.000,32202,3,MY,1,100,39
30.570000,1452161.000,32202,3,MY,1,100,38
30.609500,1452200.500,32218,2,MY,1,100,39
30.649000,1452240.000,32218,2,MY,1,100,39
30.688000,1452279.000,32235,3,MY,1,100,39
30.727000,1452318.000,32235,3,MY,1,100,38
30.766000,1452357.000,32235,3,MY,1,100,39
30.805000,1452396.000,32253,2,MY,1,100,38
30.844000,1452435.000,32253,2,MY,1,100,39
30.883000,1452474.000,32270,3,MY,1,100,38
30.922000,1452513.000,32270,3,MY,1,100,38
30.961000,1452552.000,32270,3,MY,1,100,38
30.999333,1452590.333,32289,3,MY,1,100,38
31.037667,1452628.667,32289,3,MY,1,100,39
31.076000,1452667.000,32289,3,MY,1,100,39
31.116000,1452707.000,32306,2,MY,1,100,39
31.156000,1452747.000,32306,2,MY,1,100,39
31.194333,1452785.333,32321,3,MY,1,100,39
31.232667,1452823.667,32321,3,MY,1,100,39
31.271000,1452862.000,32321,3,MY,1,100,38
31.305667,1452896.667,32339,3,MY,1,100,38
31.340333,1452931.333,32339,3,MY,1,100,38
31.375000,1452966.000,32339,3,MY,1,100,39
31.414000,1453005.000,32355,2,MY,1,100,39
31.453000,1453044.000,32355,2,MY,1,100,39
31.492667,1453083.667,32372,3,MY,1,100,39
31.532333,1453123.333,32372,3,MY,1,100,38
31.572000,1453163.000,32372,3,MY,1,100,38
31.611500,1453202.500,32387,2,MY,1,100,38
31.651000,1453242.000,32387,2,MY,1,100,39
31.690000,1453281.000,32407,3,MY,1,100,39
31.729000,1453320.000,32407,3,MY,1,100,40
31.768000,1453359.000,32407,3,MY,1,100,40
31.806667,1453397.667,32423,3,MY,1,100,41
31.845333,1453436.333,32423,3,MY,1,100,41
31.884000,1453475.000,32423,3,MY,1,100,40
31.922500,1453513.500,32440,2,MY,1,100,41
31.961000,1453552.000,32440,2,MY,1,100,41
32.000000,1453591.000,32457,3,MY,1,100,42
32.039000,1453630.000,32457,3,MY,1,100,42
32.078000,1453669.000,32457,3,MY,1,100,44
32.118000,1453709.000,32473,2,MY,1,100,43
32.158000,1453749.000,32473,2,MY,1,100,45
32.197667,1453788.667,32489,3,MY,1,100,47
32.237333,1453828.333,32489,3,MY,1,100,47
32.277000,1453868.000,32489,3,MY,1,100,48
32.316000,1453907.000,32507,2,MY,1,100,49
32.355000,1453946.000,32507,2,MY,1,100,51
32.394000,1453985.000,32525,3,MY,1,100,52
32.433000,1454024.000,32525,3,MY,1,100,53
32.472000,1454063.000,32525,3,MY,1,100,54
32.510667,1454101.667,32541,3,MY,1,100,55
32.549333,1454140.333,32541,3,MY,1,100,55
32.588000,1454179.000,32541,3,MY,1,100,56
32.626500,1454217.500,32558,2,MY,1,100,57
32.665000,1454256.000,32558,2,MY,1,100,59
32.704333,1454295.333,32577,3,MY,1,100,59
32.743667,1454334.667,32577,3,MY,1,100,61
32.783000,1454374.000,32577,3,MY,1,100,59
32.822500,1454413.500,32593,2,MY,1,100,61
32.862000,1454453.000,32593,2,MY,1,100,61
32.901000,1454492.000,32610,3,MY,1,100,60
32.940000,1454531.000,32610,3,MY,1,100,60
32.979000,1454570.000,32610,3,MY,1,100,60
33.013667,1454604.667,32626,3,MY,1,100,60
33.048333,1454639.333,32626,3,MY,1,100,60
33.083000,1454674.000,32626,3,MY,1,100,59
33.122000,1454713.000,32643,3,MY,1,100,60
33.161000,1454752.000,32643,3,MY,1,100,59
33.200000,1454791.000,32643,3,MY,1,100,59
33.238500,1454829.500,32661,4,MY,1,100,60
33.277000,1454868.000,32661,4,MY,1,100,60
33.315500,1454906.500,32661,4,MY,1,100,61
33.354000,1454945.000,32661,4,MY,1,100,62
33.393000,1454984.000,32677,3,MY,1,100,62
33.432000,1455023.000,32677,3,MY,1,100,62
33.471000,1455062.000,32677,3,MY,1,100,63
33.510000,1455101.000,32694,2,MY,1,100,63
33.549000,1455140.000,32694,2,MY,1,100,63
33.588000,1455179.000,32711,3,MY,1,100,63
33.627000,1455218.000,32711,3,MY,1,100,64
33.666000,1455257.000,32711,3,MY,1,100,63
33.705000,1455296.000,32730,3,MY,1,100,64
33.744000,1455335.000,32730,3,MY,1,100,63
33.783000,1455374.000,32730,3,MY,1,100,64
33.822000,1455413.000,32747,2,MY,1,100,64
33.861000,1455452.000,32747,2,MY,1,100,64
33.899333,1455490.333,32765,3,MY,1,100,65
33.937667,1455528.667,32765,3,MY,1,100,64
33.976000,1455567.000,32765,3,MY,1,100,65
34.015000,1455606.000,32781,2,MY,1,100,63
34.054000,1455645.000,32781,2,MY,1,100,64
34.092667,1455683.667,32798,3,MY,1,100,65
34.131333,1455722.333,32798,3,MY,1,100,65
34.170000,1455761.000,32798,3,MY,1,100,63
34.209000,1455800.000,32813,3,MY,1,100,62
34.248000,1455839.000,32813,3,MY,1,100,62
34.287000,1455878.000,32813,3,MY,1,100,62
34.326500,1455917.500,32831,2,MY,1,100,61
34.366000,1455957.000,32831,2,MY,1,100,61
34.405667,1455996.667,32847,3,MY,1,100,59
34.445333,1456036.333,32847,3,MY,1,100,57
34.485000,1456076.000,32847,3,MY,1,100,57
34.524000,1456115.000,32864,2,MY,1,100,57
34.563000,1456154.000,32864,2,MY,1,100,55
34.602000,1456193.000,32881,3,MY,1,100,54
34.641000,1456232.000,32881,3,MY,1,100,53
34.680000,1456271.000,32881,3,MY,1,100,52
34.718000,1456309.000,32899,2,MY,1,100,52
34.756000,1456347.000,32899,2,MY,1,100,50
34.791000,1456382.000,32915,3,MY,1,100,49
34.826000,1456417.000,32915,3,MY,1,100,49
34.861000,1456452.000,32915,3,MY,1,100,47
34.900000,1456491.000,32933,3,MY,1,100,48
34.939000,1456530.000,32933,3,MY,1,100,48
34.978000,1456569.000,32933,3,MY,1,100,47
35.017000,1456608.000,32949,3,MY,1,100,46
35.056000,1456647.000,32949,3,MY,1,100,45
35.095000,1456686.000,32949,3,MY,1,100,45
35.134000,1456725.000,32965,2,MY,1,100,45
35.173000,1456764.000,32965,2,MY,1,100,45
35.212000,1456803.000,32982,3,MY,1,100,45
35.251000,1456842.000,32982,3,MY,1,100,46
35.290000,1456881.000,32982,3,MY,1,100,46
35.329000,1456920.000,32999,2,MY,1,100,48
35.368000,1456959.000,32999,2,MY,1,100,50
35.407000,1456998.000,33015,3,MY,1,100,50
35.446000,1457037.000,33015,3,MY,1,100,52
35.485000,1457076.000,33015,3,MY,1,100,52
35.523333,1457114.333,33033,3,MY,1,100,53
35.561667,1457152.667,33033,3,MY,1,100,54
35.600000,1457191.000,33033,3,MY,1,100,54
35.639000,1457230.000,33050,2,MY,1,100,54
35.678000,1457269.000,33050,2,MY,1,100,54
35.717000,1457308.000,33067,3,MY,1,100,55
35.756000,1457347.000,33067,3,MY,1,100,56
35.795000,1457386.000,33067,3,MY,1,100,55
35.834000,1457425.000,33083,3,MY,1,100,55
35.873000,1457464.000,33083,3,MY,1,100,56
35.912000,1457503.000,33083,3,MY,1,100,55
35.951000,1457542.000,33101,2,MY,1,100,54
35.990000,1457581.000,33101,2,MY,1,100,54
36.028667,1457619.667,33117,3,MY,1,100,54
36.067333,1457658.333,33117,3,MY,1,100,52
36.106000,1457697.000,33117,3,MY,1,100,52
36.144500,1457735.500,33133,2,MY,1,100,51
36.183000,1457774.000,33133,2,MY,1,100,51
36.222000,1457813.000,33150,3,MY,1,100,51
36.261000,1457852.000,33150,3,MY,1,100,49
36.300000,1457891.000,33150,3,MY,1,100,51
36.339000,1457930.000,33167,3,MY,1,100,51
36.378000,1457969.000,33167,3,MY,1,100,49
36.417000,1458008.000,33167,3,MY,1,100,49
36.456000,1458047.000,33183,2,MY,1,100,49
36.495000,1458086.000,33183,2,MY,1,100,50
36.529333,1458120.333,33200,3,MY,1,100,52
36.563667,1458154.667,33200,3,MY,1,100,52
36.598000,1458189.000,33200,3,MY,1,100,51
36.637000,1458228.000,33220,3,MY,1,100,52
36.676000,1458267.000,33220,3,MY,1,100,53
36.715000,1458306.000,33220,3,MY,1,100,53
36.753500,1458344.500,33237,2,MY,1,100,54
36.792000,1458383.000,33237,2,MY,1,100,54
36.831000,1458422.000,33254,3,MY,1,100,55
36.870000,1458461.000,33254,3,MY,1,100,55
36.909000,1458500.000,33254,3,MY,1,100,55
36.948333,1458539.333,33271,3,MY,1,100,56
36.987667,1458578.667,33271,3,MY,1,100,55
37.027000,1458618.000,33271,3,MY,1,100,56
37.067000,1458658.000,33286,2,MY,1,100,56
37.107000,1458698.000,33286,2,MY,1,100,56
37.146000,1458737.000,33304,3,MY,1,100,58
37.185000,1458776.000,33304,3,MY,1,100,59
37.224000,1458815.000,33304,3,MY,1,100,59
37.263000,1458854.000,33320,2,MY,1,100,59
37.302000,1458893.000,33320,2,MY,1,100,59
37.341000,1458932.000,33337,3,MY,1,100,61
37.380000,1458971.000,33337,3,MY,1,100,59
37.419000,1459010.000,33337,3,MY,1,100,59
37.458000,1459049.000,33352,2,MY,1,100,61
37.497000,1459088.000,33352,2,MY,1,100,61
37.535667,1459126.667,33372,3,MY,1,100,62
37.574333,1459165.333,33372,3,MY,1,100,62
37.613000,1459204.000,33372,3,MY,1,100,63
37.652667,1459243.667,33388,3,MY,1,100,64
37.692333,1459283.333,33388,3,MY,1,100,64
37.732000,1459323.000,33388,3,MY,1,100,64
37.771000,1459362.000,33405,3,MY,1,100,65
37.810000,1459401.000,33405,3,MY,1,100,65
37.849000,1459440.000,33405,3,MY,1,100,65
37.888000,1459479.000,33422,2,MY,1,100,65
37.927000,1459518.000,33422,2,MY,1,100,66
37.966000,1459557.000,33438,3,MY,1,100,65
38.005000,1459596.000,33438,3,MY,1,100,65
38.044000,1459635.000,33438,3,MY,1,100,66
38.083000,1459674.000,33456,2,MY,1,100,66
38.122000,1459713.000,33456,2,MY,1,100,65
38.160667,1459751.667,33474,3,MY,1,100,66
38.199333,1459790.333,33474,3,MY,1,100,66
38.238000,1459829.000,33474,3,MY,1,100,65
38.272333,1459863.333,33490,3,MY,1,100,65
38.306667,1459897.667,33490,3,MY,1,100,65
38.341000,1459932.000,33490,3,MY,1,100,65
38.379333,1459970.333,33507,3,MY,1,100,65
38.417667,1460008.667,33507,3,MY,1,100,65
38.456000,1460047.000,33507,3,MY,1,100,66
38.495000,1460086.000,33523,2,MY,1,100,66
38.534000,1460125.000,33523,2,MY,1,100,66
38.573667,1460164.667,33542,3,MY,1,100,65
38.613333,1460204.333,33542,3,MY,1,100,65
38.653000,1460244.000,33542,3,MY,1,100,66
38.693000,1460284.000,33558,2,MY,1,100,66
38.733000,1460324.000,33558,2,MY,1,100,64
38.772000,1460363.000,33576,3,MY,1,100,66
38.811000,1460402.000,33576,3,MY,1,100,66
38.850000,1460441.000,33576,3,MY,1,100,66
38.889000,1460480.000,33591,2,MY,1,100,66
38.928000,1460519.000,33591,2,MY,1,100,65
38.966667,1460557.667,33608,3,MY,1,100,65
39.005333,1460596.333,33608,3,MY,1,100,65
39.044000,1460635.000,33608,3,MY,1,100,65
39.083000,1460674.000,33624,3,MY,1,100,66
39.122000,1460713.000,33624,3,MY,1,100,66
39.161000,1460752.000,33624,3,MY,1,100,66
39.200500,1460791.500,33642,2,MY,1,100,65
39.240000,1460831.000,33642,2,MY,1,100,65
39.279667,1460870.667,33658,3,MY,1,100,66
39.319333,1460910.333,33658,3,MY,1,100,65
39.359000,1460950.000,33658,3,MY,1,100,66
39.398000,1460989.000,33674,2,MY,1,100,65
39.437000,1461028.000,33674,2,MY,1,100,66
39.476000,1461067.000,33691,3,MY,1,100,66
39.515000,1461106.000,33691,3,MY,1,100,66
39.554000,1461145.000,33691,3,MY,1,100,67
39.592667,1461183.667,33710,3,MY,1,100,66
39.631333,1461222.333,33710,3,MY,1,100,66
39.670000,1461261.000,33710,3,MY,1,100,66
