LocalTimestamp,EmotiBitTimestamp,PacketNumber,DataLength,TypeTag,ProtocolVersion,DataReliability,AY
0.106000,1421697.000,27138,14,AY,1,100,0.835
0.106000,1421697.000,27138,14,AY,1,100,0.809
0.106000,1421697.000,27138,14,AY,1,100,0.827
0.106000,1421697.000,27138,14,AY,1,100,0.835
0.106000,1421697.000,27138,14,AY,1,100,0.854
0.106000,1421697.000,27138,14,AY,1,100,0.851
0.106000,1421697.000,27138,14,AY,1,100,0.835
0.106000,1421697.000,27138,14,AY,1,100,0.833
0.106000,1421697.000,27138,14,AY,1,100,0.832
0.106000,1421697.000,27138,14,AY,1,100,0.827
0.106000,1421697.000,27138,14,AY,1,100,0.829
0.106000,1421697.000,27138,14,AY,1,100,0.838
0.106000,1421697.000,27138,14,AY,1,100,0.839
0.106000,1421697.000,27138,14,AY,1,100,0.834
0.145000,1421736.000,27155,3,AY,1,100,0.832
0.184000,1421775.000,27155,3,AY,1,100,0.833
0.223000,1421814.000,27155,3,AY,1,100,0.832
0.255500,1421846.500,27171,2,AY,1,100,0.836
0.288000,1421879.000,27171,2,AY,1,100,0.824
0.327000,1421918.000,27188,3,AY,1,100,0.820
0.366000,1421957.000,27188,3,AY,1,100,0.831
0.405000,1421996.000,27188,3,AY,1,100,0.832
0.444000,1422035.000,27205,3,AY,1,100,0.835
0.483000,1422074.000,27205,3,AY,1,100,0.831
0.522000,1422113.000,27205,3,AY,1,100,0.832
0.560000,1422151.000,27224,2,AY,1,100,0.844
0.598000,1422189.000,27224,2,AY,1,100,0.848
0.637000,1422228.000,27239,3,AY,1,100,0.843
0.676000,1422267.000,27239,3,AY,1,100,0.840
0.715000,1422306.000,27239,3,AY,1,100,0.839
0.754000,1422345.000,27258,4,AY,1,100,0.842
0.793000,1422384.000,27258,4,AY,1,100,0.838
0.832000,1422423.000,27258,4,AY,1,100,0.837
0.871000,1422462.000,27258,4,AY,1,100,0.833
0.910000,1422501.000,27273,2,AY,1,100,0.846
0.949000,1422540.000,27273,2,AY,1,100,0.842
0.988000,1422579.000,27290,3,AY,1,100,0.842
1.027000,1422618.000,27290,3,AY,1,100,0.835
1.066000,1422657.000,27290,3,AY,1,100,0.833
1.104667,1422695.667,27307,3,AY,1,100,0.835
1.143333,1422734.333,27307,3,AY,1,100,0.839
1.182000,1422773.000,27307,3,AY,1,100,0.841
1.220500,1422811.500,27324,2,AY,1,100,0.841
1.259000,1422850.000,27324,2,AY,1,100,0.841
1.298000,1422889.000,27339,3,AY,1,100,0.838
1.337000,1422928.000,27339,3,AY,1,100,0.842
1.376000,1422967.000,27339,3,AY,1,100,0.838
1.415000,1423006.000,27357,2,AY,1,100,0.842
1.454000,1423045.000,27357,2,AY,1,100,0.841
1.493000,1423084.000,27375,3,AY,1,100,0.847
1.532000,1423123.000,27375,3,AY,1,100,0.843
1.571000,1423162.000,27375,3,AY,1,100,0.842
1.610667,1423201.667,27392,3,AY,1,100,0.849
1.650333,1423241.333,27392,3,AY,1,100,0.839
1.690000,1423281.000,27392,3,AY,1,100,0.835
1.729500,1423320.500,27409,2,AY,1,100,0.831
1.769000,1423360.000,27409,2,AY,1,100,0.835
1.808000,1423399.000,27425,3,AY,1,100,0.845
1.847000,1423438.000,27425,3,AY,1,100,0.850
1.886000,1423477.000,27425,3,AY,1,100,0.846
1.925000,1423516.000,27441,2,AY,1,100,0.844
1.964000,1423555.000,27441,2,AY,1,100,0.852
1.998000,1423589.000,27458,3,AY,1,100,0.839
2.032000,1423623.000,27458,3,AY,1,100,0.842
2.066000,1423657.000,27458,3,AY,1,100,0.845
2.105667,1423696.667,27475,3,AY,1,100,0.846
2.145333,1423736.333,27475,3,AY,1,100,0.840
2.185000,1423776.000,27475,3,AY,1,100,0.842
2.224000,1423815.000,27491,2,AY,1,100,0.838
2.263000,1423854.000,27491,2,AY,1,100,0.841
2.302000,1423893.000,27507,3,AY,1,100,0.848
2.341000,1423932.000,27507,3,AY,1,100,0.847
2.380000,1423971.000,27507,3,AY,1,100,0.841
2.419000,1424010.000,27525,3,AY,1,100,0.845
2.458000,1424049.000,27525,3,AY,1,100,0.842
2.497000,1424088.000,27525,3,AY,1,100,0.846
2.536000,1424127.000,27543,2,AY,1,100,0.848
2.575000,1424166.000,27543,2,AY,1,100,0.840
2.613667,1424204.667,27560,3,AY,1,100,0.845
2.652333,1424243.333,27560,3,AY,1,100,0.846
2.691000,1424282.000,27560,3,AY,1,100,0.849
2.731000,1424322.000,27576,2,AY,1,100,0.843
2.771000,1424362.000,27576,2,AY,1,100,0.839
2.810000,1424401.000,27593,3,AY,1,100,0.842
2.849000,1424440.000,27593,3,AY,1,100,0.840
2.888000,1424479.000,27593,3,AY,1,100,0.846
2.927000,1424518.000,27609,3,AY,1,100,0.845
2.966000,1424557.000,27609,3,AY,1,100,0.845
3.005000,1424596.000,27609,3,AY,1,100,0.844
3.044000,1424635.000,27627,2,AY,1,100,0.842
3.083000,1424674.000,27627,2,AY,1,100,0.847
3.122000,1424713.000,27642,3,AY,1,100,0.844
3.161000,1424752.000,27642,3,AY,1,100,0.842
3.200000,1424791.000,27642,3,AY,1,100,0.840
3.239000,1424830.000,27659,2,AY,1,100,0.849
3.278000,1424869.000,27659,2,AY,1,100,0.850
3.316667,1424907.667,27675,3,AY,1,100,0.845
3.355333,1424946.333,27675,3,AY,1,100,0.841
3.394000,1424985.000,27675,3,AY,1,100,0.837
3.432667,1425023.667,27695,3,AY,1,100,0.842
3.471333,1425062.333,27695,3,AY,1,100,0.844
3.510000,1425101.000,27695,3,AY,1,100,0.845
3.549000,1425140.000,27711,2,AY,1,100,0.844
3.588000,1425179.000,27711,2,AY,1,100,0.844
3.627000,1425218.000,27727,3,AY,1,100,0.842
3.666000,1425257.000,27727,3,AY,1,100,0.840
3.705000,1425296.000,27727,3,AY,1,100,0.848
3.739667,1425330.667,27744,3,AY,1,100,0.843
3.774333,1425365.333,27744,3,AY,1,100,0.838
3.809000,1425400.000,27744,3,AY,1,100,0.848
3.848000,1425439.000,27761,2,AY,1,100,0.847
3.887000,1425478.000,27761,2,AY,1,100,0.848
3.926000,1425517.000,27777,3,AY,1,100,0.843
3.965000,1425556.000,27777,3,AY,1,100,0.840
4.004000,1425595.000,27777,3,AY,1,100,0.840
4.042333,1425633.333,27794,3,AY,1,100,0.845
4.080667,1425671.667,27794,3,AY,1,100,0.846
4.119000,1425710.000,27794,3,AY,1,100,0.845
4.158000,1425749.000,27810,2,AY,1,100,0.845
4.197000,1425788.000,27810,2,AY,1,100,0.849
4.236333,1425827.333,27827,3,AY,1,100,0.847
4.275667,1425866.667,27827,3,AY,1,100,0.847
4.315000,1425906.000,27827,3,AY,1,100,0.842
4.355000,1425946.000,27844,2,AY,1,100,0.843
4.395000,1425986.000,27844,2,AY,1,100,0.844
4.434000,1426025.000,27863,3,AY,1,100,0.848
4.473000,1426064.000,27863,3,AY,1,100,0.848
4.512000,1426103.000,27863,3,AY,1,100,0.843
4.551000,1426142.000,27878,2,AY,1,100,0.840
4.590000,1426181.000,27878,2,AY,1,100,0.840
4.629000,1426220.000,27896,3,AY,1,100,0.852
4.668000,1426259.000,27896,3,AY,1,100,0.854
4.707000,1426298.000,27896,3,AY,1,100,0.850
4.746000,1426337.000,27912,3,AY,1,100,0.843
4.785000,1426376.000,27912,3,AY,1,100,0.844
4.824000,1426415.000,27912,3,AY,1,100,0.848
4.863000,1426454.000,27929,2,AY,1,100,0.845
4.902000,1426493.000,27929,2,AY,1,100,0.847
4.941667,1426532.667,27944,3,AY,1,100,0.848
4.981333,1426572.333,27944,3,AY,1,100,0.839
5.021000,1426612.000,27944,3,AY,1,100,0.848
5.060000,1426651.000,27962,2,AY,1,100,0.845
5.099000,1426690.000,27962,2,AY,1,100,0.850
5.138000,1426729.000,27978,3,AY,1,100,0.844
5.177000,1426768.000,27978,3,AY,1,100,0.848
5.216000,1426807.000,27978,3,AY,1,100,0.848
5.255000,1426846.000,27995,2,AY,1,100,0.849
5.294000,1426885.000,27995,2,AY,1,100,0.847
5.333000,1426924.000,28012,3,AY,1,100,0.850
5.372000,1426963.000,28012,3,AY,1,100,0.849
5.411000,1427002.000,28012,3,AY,1,100,0.840
5.445000,1427036.000,28030,3,AY,1,100,0.848
5.479000,1427070.000,28030,3,AY,1,100,0.853
5.513000,1427104.000,28030,3,AY,1,100,0.849
5.552000,1427143.000,28046,3,AY,1,100,0.844
5.591000,1427182.000,28046,3,AY,1,100,0.849
5.630000,1427221.000,28046,3,AY,1,100,0.848
5.669000,1427260.000,28064,2,AY,1,100,0.852
5.708000,1427299.000,28064,2,AY,1,100,0.845
5.747000,1427338.000,28080,3,AY,1,100,0.844
5.786000,1427377.000,28080,3,AY,1,100,0.847
5.825000,1427416.000,28080,3,AY,1,100,0.841
5.864500,1427455.500,28098,4,AY,1,100,0.847
5.904000,1427495.000,28098,4,AY,1,100,0.849
5.943500,1427534.500,28098,4,AY,1,100,0.853
5.983000,1427574.000,28098,4,AY,1,100,0.851
6.022500,1427613.500,28115,2,AY,1,100,0.849
6.062000,1427653.000,28115,2,AY,1,100,0.851
6.101000,1427692.000,28131,3,AY,1,100,0.852
6.140000,1427731.000,28131,3,AY,1,100,0.844
6.179000,1427770.000,28131,3,AY,1,100,0.842
6.217667,1427808.667,28147,3,AY,1,100,0.854
6.256333,1427847.333,28147,3,AY,1,100,0.853
6.295000,1427886.000,28147,3,AY,1,100,0.848
6.334000,1427925.000,28165,2,AY,1,100,0.844
6.373000,1427964.000,28165,2,AY,1,100,0.844
6.412000,1428003.000,28183,3,AY,1,100,0.848
6.451000,1428042.000,28183,3,AY,1,100,0.850
6.490000,1428081.000,28183,3,AY,1,100,0.852
6.530000,1428121.000,28199,2,AY,1,100,0.853
6.570000,1428161.000,28199,2,AY,1,100,0.849
6.609333,1428200.333,28216,3,AY,1,100,0.850
6.648667,1428239.667,28216,3,AY,1,100,0.847
6.688000,1428279.000,28216,3,AY,1,100,0.855
6.727000,1428318.000,28233,2,AY,1,100,0.856
6.766000,1428357.000,28233,2,AY,1,100,0.840
6.804667,1428395.667,28249,3,AY,1,100,0.849
6.843333,1428434.333,28249,3,AY,1,100,0.852
6.882000,1428473.000,28249,3,AY,1,100,0.847
6.920667,1428511.667,28267,3,AY,1,100,0.850
6.959333,1428550.333,28267,3,AY,1,100,0.843
6.998000,1428589.000,28267,3,AY,1,100,0.848
7.037000,1428628.000,28282,2,AY,1,100,0.847
7.076000,1428667.000,28282,2,AY,1,100,0.849
7.111000,1428702.000,28299,3,AY,1,100,0.852
7.146000,1428737.000,28299,3,AY,1,100,0.850
7.181000,1428772.000,28299,3,AY,1,100,0.848
7.220000,1428811.000,28315,3,AY,1,100,0.848
7.259000,1428850.000,28315,3,AY,1,100,0.852
7.298000,1428889.000,28315,3,AY,1,100,0.846
7.337000,1428928.000,28335,2,AY,1,100,0.851
7.376000,1428967.000,28335,2,AY,1,100,0.853
7.415000,1429006.000,28350,3,AY,1,100,0.853
7.454000,1429045.000,28350,3,AY,1,100,0.849
7.493000,1429084.000,28350,3,AY,1,100,0.849
7.532000,1429123.000,28367,3,AY,1,100,0.840
7.571000,1429162.000,28367,3,AY,1,100,0.843
7.610000,1429201.000,28367,3,AY,1,100,0.845
7.648500,1429239.500,28384,2,AY,1,100,0.847
7.687000,1429278.000,28384,2,AY,1,100,0.845
7.725667,1429316.667,28401,3,AY,1,100,0.847
7.764333,1429355.333,28401,3,AY,1,100,0.848
7.803000,1429394.000,28401,3,AY,1,100,0.845
7.842000,1429433.000,28417,2,AY,1,100,0.847
7.881000,1429472.000,28417,2,AY,1,100,0.841
7.920000,1429511.000,28434,3,AY,1,100,0.852
7.959000,1429550.000,28434,3,AY,1,100,0.854
7.998000,1429589.000,28434,3,AY,1,100,0.856
8.037000,1429628.000,28450,3,AY,1,100,0.851
8.076000,1429667.000,28450,3,AY,1,100,0.846
8.115000,1429706.000,28450,3,AY,1,100,0.842
8.154000,1429745.000,28467,2,AY,1,100,0.840
8.193000,1429784.000,28467,2,AY,1,100,0.842
8.231333,1429822.333,28484,3,AY,1,100,0.843
8.269667,1429860.667,28484,3,AY,1,100,0.848
8.308000,1429899.000,28484,3,AY,1,100,0.844
8.347000,1429938.000,28502,2,AY,1,100,0.844
8.386000,1429977.000,28502,2,AY,1,100,0.843
8.425000,1430016.000,28518,3,AY,1,100,0.852
8.464000,1430055.000,28518,3,AY,1,100,0.843
8.503000,1430094.000,28518,3,AY,1,100,0.841
8.542000,1430133.000,28536,3,AY,1,100,0.843
8.581000,1430172.000,28536,3,AY,1,100,0.846
8.620000,1430211.000,28536,3,AY,1,100,0.844
8.659000,1430250.000,28552,2,AY,1,100,0.843
8.698000,1430289.000,28552,2,AY,1,100,0.846
8.737667,1430328.667,28569,3,AY,1,100,0.842
8.777333,1430368.333,28569,3,AY,1,100,0.840
8.817000,1430408.000,28569,3,AY,1,100,0.847
8.856500,1430447.500,28584,2,AY,1,100,0.840
8.896000,1430487.000,28584,2,AY,1,100,0.841
8.930667,1430521.667,28602,3,AY,1,100,0.843
8.965333,1430556.333,28602,3,AY,1,100,0.838
9.000000,1430591.000,28602,3,AY,1,100,0.846
9.038667,1430629.667,28618,3,AY,1,100,0.842
9.077333,1430668.333,28618,3,AY,1,100,0.842
9.116000,1430707.000,28618,3,AY,1,100,0.838
9.155000,1430746.000,28635,2,AY,1,100,0.845
9.194000,1430785.000,28635,2,AY,1,100,0.848
9.233667,1430824.667,28652,3,AY,1,100,0.847
9.273333,1430864.333,28652,3,AY,1,100,0.836
9.313000,1430904.000,28652,3,AY,1,100,0.829
9.352000,1430943.000,28670,3,AY,1,100,0.839
9.391000,1430982.000,28670,3,AY,1,100,0.844
9.430000,1431021.000,28670,3,AY,1,100,0.845
9.469000,1431060.000,28686,2,AY,1,100,0.840
9.508000,1431099.000,28686,2,AY,1,100,0.841
9.547000,1431138.000,28704,3,AY,1,100,0.839
9.586000,1431177.000,28704,3,AY,1,100,0.844
9.625000,1431216.000,28704,3,AY,1,100,0.842
9.663667,1431254.667,28720,3,AY,1,100,0.840
9.702333,1431293.333,28720,3,AY,1,100,0.832
9.741000,1431332.000,28720,3,AY,1,100,0.844
9.781000,1431372.000,28736,2,AY,1,100,0.842
9.821000,1431412.000,28736,2,AY,1,100,0.851
9.860333,1431451.333,28753,3,AY,1,100,0.836
9.899667,1431490.667,28753,3,AY,1,100,0.839
9.939000,1431530.000,28753,3,AY,1,100,0.841
9.978000,1431569.000,28770,2,AY,1,100,0.847
10.017000,1431608.000,28770,2,AY,1,100,0.845
10.056000,1431647.000,28786,3,AY,1,100,0.846
10.095000,1431686.000,28786,3,AY,1,100,0.841
10.134000,1431725.000,28786,3,AY,1,100,0.844
10.173000,1431764.000,28804,3,AY,1,100,0.837
10.212000,1431803.000,28804,3,AY,1,100,0.837
10.251000,1431842.000,28804,3,AY,1,100,0.839
10.290000,1431881.000,28821,2,AY,1,100,0.847
10.329000,1431920.000,28821,2,AY,1,100,0.849
10.368000,1431959.000,28838,3,AY,1,100,0.849
10.407000,1431998.000,28838,3,AY,1,100,0.840
10.446000,1432037.000,28838,3,AY,1,100,0.848
10.484500,1432075.500,28854,2,AY,1,100,0.855
10.523000,1432114.000,28854,2,AY,1,100,0.843
10.561667,1432152.667,28872,3,AY,1,100,0.835
10.600333,1432191.333,28872,3,AY,1,100,0.835
10.639000,1432230.000,28872,3,AY,1,100,0.853
10.673667,1432264.667,28887,3,AY,1,100,0.864
10.708333,1432299.333,28887,3,AY,1,100,0.835
10.743000,1432334.000,28887,3,AY,1,100,0.849
10.782500,1432373.500,28904,2,AY,1,100,0.868
10.822000,1432413.000,28904,2,AY,1,100,0.871
10.861667,1432452.667,28921,3,AY,1,100,0.855
10.901333,1432492.333,28921,3,AY,1,100,0.874
10.941000,1432532.000,28921,3,AY,1,100,0.898
10.980000,1432571.000,28939,4,AY,1,100,0.915
11.019000,1432610.000,28939,4,AY,1,100,0.935
11.058000,1432649.000,28939,4,AY,1,100,0.952
11.097000,1432688.000,28939,4,AY,1,100,0.981
11.135500,1432726.500,28955,2,AY,1,100,1.000
11.174000,1432765.000,28955,2,AY,1,100,1.029
11.213000,1432804.000,28975,3,AY,1,100,1.045
11.252000,1432843.000,28975,3,AY,1,100,1.040
11.291000,1432882.000,28975,3,AY,1,100,1.015
11.330333,1432921.333,28990,3,AY,1,100,1.002
11.369667,1432960.667,28990,3,AY,1,100,0.961
11.409000,1433000.000,28990,3,AY,1,100,0.948
11.449000,1433040.000,29007,2,AY,1,100,0.959
11.489000,1433080.000,29007,2,AY,1,100,0.882
11.528000,1433119.000,29024,3,AY,1,100,0.898
11.567000,1433158.000,29024,3,AY,1,100,0.903
11.606000,1433197.000,29024,3,AY,1,100,0.881
11.645000,1433236.000,29041,2,AY,1,100,0.851
11.684000,1433275.000,29041,2,AY,1,100,0.849
11.723000,1433314.000,29057,3,AY,1,100,0.833
11.762000,1433353.000,29057,3,AY,1,100,0.840
11.801000,1433392.000,29057,3,AY,1,100,0.860
11.840000,1433431.000,29074,3,AY,1,100,0.871
11.879000,1433470.000,29074,3,AY,1,100,0.895
11.918000,1433509.000,29074,3,AY,1,100,0.862
11.956000,1433547.000,29090,2,AY,1,100,0.864
11.994000,1433585.000,29090,2,AY,1,100,0.805
12.034000,1433625.000,29107,3,AY,1,100,0.820
12.074000,1433665.000,29107,3,AY,1,100,0.771
12.114000,1433705.000,29107,3,AY,1,100,0.761
12.153000,1433744.000,29124,2,AY,1,100,0.788
12.192000,1433783.000,29124,2,AY,1,100,0.798
12.231000,1433822.000,29142,3,AY,1,100,0.808
12.270000,1433861.000,29142,3,AY,1,100,0.868
12.309000,1433900.000,29142,3,AY,1,100,0.826
12.343667,1433934.667,29158,3,AY,1,100,0.819
12.378333,1433969.333,29158,3,AY,1,100,0.875
12.413000,1434004.000,29158,3,AY,1,100,0.934
12.452000,1434043.000,29175,2,AY,1,100,0.918
12.491000,1434082.000,29175,2,AY,1,100,0.905
12.529333,1434120.333,29194,3,AY,1,100,0.874
12.567667,1434158.667,29194,3,AY,1,100,0.929
12.606000,1434197.000,29194,3,AY,1,100,0.999
12.645000,1434236.000,29211,3,AY,1,100,1.009
12.684000,1434275.000,29211,3,AY,1,100,1.043
12.723000,1434314.000,29211,3,AY,1,100,0.940
12.762000,1434353.000,29226,2,AY,1,100,0.847
12.801000,1434392.000,29226,2,AY,1,100,0.819
12.840000,1434431.000,29244,3,AY,1,100,0.864
12.879000,1434470.000,29244,3,AY,1,100,0.897
12.918000,1434509.000,29244,3,AY,1,100,0.930
12.957000,1434548.000,29260,2,AY,1,100,0.970
12.996000,1434587.000,29260,2,AY,1,100,0.987
13.036000,1434627.000,29277,3,AY,1,100,0.978
13.076000,1434667.000,29277,3,AY,1,100,0.918
13.116000,1434707.000,29277,3,AY,1,100,0.885
13.155000,1434746.000,29293,3,AY,1,100,0.900
13.194000,1434785.000,29293,3,AY,1,100,0.940
13.233000,1434824.000,29293,3,AY,1,100,1.000
13.272000,1434863.000,29312,2,AY,1,100,1.148
13.311000,1434902.000,29312,2,AY,1,100,1.005
13.349333,1434940.333,29328,3,AY,1,100,0.754
13.387667,1434978.667,29328,3,AY,1,100,0.724
13.426000,1435017.000,29328,3,AY,1,100,0.908
13.465000,1435056.000,29346,2,AY,1,100,0.989
13.504000,1435095.000,29346,2,AY,1,100,0.903
13.543000,1435134.000,29362,3,AY,1,100,0.811
13.582000,1435173.000,29362,3,AY,1,100,0.773
13.621000,1435212.000,29362,3,AY,1,100,0.817
13.661000,1435252.000,29378,2,AY,1,100,0.852
13.701000,1435292.000,29378,2,AY,1,100,0.933
13.740333,1435331.333,29397,3,AY,1,100,0.945
13.779667,1435370.667,29397,3,AY,1,100,0.875
13.819000,1435410.000,29397,3,AY,1,100,0.938
13.858000,1435449.000,29414,3,AY,1,100,1.014
13.897000,1435488.000,29414,3,AY,1,100,0.974
13.936000,1435527.000,29414,3,AY,1,100,0.980
13.974500,1435565.500,29430,2,AY,1,100,1.028
14.013000,1435604.000,29430,2,AY,1,100,1.027
14.051667,1435642.667,29446,3,AY,1,100,0.984
14.090333,1435681.333,29446,3,AY,1,100,0.949
14.129000,1435720.000,29446,3,AY,1,100,0.921
14.163333,1435754.333,29465,3,AY,1,100,0.915
14.197667,1435788.667,29465,3,AY,1,100,0.969
14.232000,1435823.000,29465,3,AY,1,100,1.001
14.271000,1435862.000,29482,2,AY,1,100,0.958
14.310000,1435901.000,29482,2,AY,1,100,0.923
14.349000,1435940.000,29498,3,AY,1,100,0.921
14.388000,1435979.000,29498,3,AY,1,100,0.961
14.427000,1436018.000,29498,3,AY,1,100,0.976
14.466000,1436057.000,29516,3,AY,1,100,0.935
14.505000,1436096.000,29516,3,AY,1,100,0.898
14.544000,1436135.000,29516,3,AY,1,100,0.880
14.583000,1436174.000,29531,2,AY,1,100,0.909
14.622000,1436213.000,29531,2,AY,1,100,1.092
14.661000,1436252.000,29548,3,AY,1,100,1.013
14.700000,1436291.000,29548,3,AY,1,100,0.867
14.739000,1436330.000,29548,3,AY,1,100,0.794
14.777000,1436368.000,29567,2,AY,1,100,0.811
14.815000,1436406.000,29567,2,AY,1,100,0.796
14.854000,1436445.000,29584,3,AY,1,100,0.768
14.893000,1436484.000,29584,3,AY,1,100,0.769
14.932000,1436523.000,29584,3,AY,1,100,0.673
14.971000,1436562.000,29599,3,AY,1,100,0.599
15.010000,1436601.000,29599,3,AY,1,100,0.667
15.049000,1436640.000,29599,3,AY,1,100,0.682
15.088000,1436679.000,29617,2,AY,1,100,0.783
15.127000,1436718.000,29617,2,AY,1,100,0.727
15.166000,1436757.000,29635,3,AY,1,100,0.805
15.205000,1436796.000,29635,3,AY,1,100,0.895
15.244000,1436835.000,29635,3,AY,1,100,0.958
15.283000,1436874.000,29652,2,AY,1,100,1.031
15.322000,1436913.000,29652,2,AY,1,100,1.080
15.360333,1436951.333,29669,3,AY,1,100,1.043
15.398667,1436989.667,29669,3,AY,1,100,0.986
15.437000,1437028.000,29669,3,AY,1,100,0.942
15.476000,1437067.000,29685,3,AY,1,100,0.962
15.515000,1437106.000,29685,3,AY,1,100,0.972
15.554000,1437145.000,29685,3,AY,1,100,1.020
15.592500,1437183.500,29703,2,AY,1,100,1.060
15.631000,1437222.000,29703,2,AY,1,100,1.065
15.669667,1437260.667,29720,3,AY,1,100,1.050
15.708333,1437299.333,29720,3,AY,1,100,1.039
15.747000,1437338.000,29720,3,AY,1,100,1.049
15.781667,1437372.667,29737,3,AY,1,100,1.040
15.816333,1437407.333,29737,3,AY,1,100,1.035
15.851000,1437442.000,29737,3,AY,1,100,0.993
15.890000,1437481.000,29753,2,AY,1,100,0.969
15.929000,1437520.000,29753,2,AY,1,100,0.959
15.968000,1437559.000,29769,3,AY,1,100,0.942
16.007000,1437598.000,29769,3,AY,1,100,0.911
16.046000,1437637.000,29769,3,AY,1,100,0.871
16.085000,1437676.000,29788,4,AY,1,100,0.935
16.124000,1437715.000,29788,4,AY,1,100,0.921
16.163000,1437754.000,29788,4,AY,1,100,0.941
16.202000,1437793.000,29788,4,AY,1,100,0.953
16.241000,1437832.000,29806,2,AY,1,100,1.003
16.280000,1437871.000,29806,2,AY,1,100,0.968
16.319667,1437910.667,29823,3,AY,1,100,0.991
16.359333,1437950.333,29823,3,AY,1,100,0.944
16.399000,1437990.000,29823,3,AY,1,100,0.951
16.438000,1438029.000,29840,3,AY,1,100,0.991
16.477000,1438068.000,29840,3,AY,1,100,1.025
16.516000,1438107.000,29840,3,AY,1,100,1.022
16.555000,1438146.000,29857,2,AY,1,100,1.035
16.594000,1438185.000,29857,2,AY,1,100,1.030
16.633000,1438224.000,29872,3,AY,1,100,1.018
16.672000,1438263.000,29872,3,AY,1,100,1.042
16.711000,1438302.000,29872,3,AY,1,100,1.018
16.750000,1438341.000,29890,2,AY,1,100,1.053
16.789000,1438380.000,29890,2,AY,1,100,1.116
16.827667,1438418.667,29908,3,AY,1,100,1.170
16.866333,1438457.333,29908,3,AY,1,100,1.134
16.905000,1438496.000,29908,3,AY,1,100,1.063
16.944667,1438535.667,29925,3,AY,1,100,0.987
16.984333,1438575.333,29925,3,AY,1,100,0.930
17.024000,1438615.000,29925,3,AY,1,100,0.865
17.062500,1438653.500,29941,2,AY,1,100,0.844
17.101000,1438692.000,29941,2,AY,1,100,0.773
17.140000,1438731.000,29960,3,AY,1,100,0.717
17.179000,1438770.000,29960,3,AY,1,100,0.677
17.218000,1438809.000,29960,3,AY,1,100,0.668
17.257000,1438848.000,29976,2,AY,1,100,0.694
17.296000,1438887.000,29976,2,AY,1,100,0.702
17.335000,1438926.000,29994,3,AY,1,100,0.768
17.374000,1438965.000,29994,3,AY,1,100,0.900
17.413000,1439004.000,29994,3,AY,1,100,0.897
17.452000,1439043.000,30010,2,AY,1,100,0.995
17.491000,1439082.000,30010,2,AY,1,100,1.047
17.525333,1439116.333,30026,3,AY,1,100,1.026
17.559667,1439150.667,30026,3,AY,1,100,0.948
17.594000,1439185.000,30026,3,AY,1,100,0.927
17.632667,1439223.667,30043,3,AY,1,100,0.896
17.671333,1439262.333,30043,3,AY,1,100,0.895
17.710000,1439301.000,30043,3,AY,1,100,0.841
17.749000,1439340.000,30060,3,AY,1,100,0.795
17.788000,1439379.000,30060,3,AY,1,100,0.841
17.827000,1439418.000,30060,3,AY,1,100,0.830
17.866500,1439457.500,30078,2,AY,1,100,0.792
17.906000,1439497.000,30078,2,AY,1,100,0.771
17.945667,1439536.667,30094,3,AY,1,100,0.737
17.985333,1439576.333,30094,3,AY,1,100,0.704
18.025000,1439616.000,30094,3,AY,1,100,0.816
18.064000,1439655.000,30113,2,AY,1,100,0.820
18.103000,1439694.000,30113,2,AY,1,100,0.860
18.142000,1439733.000,30130,3,AY,1,100,0.901
18.181000,1439772.000,30130,3,AY,1,100,1.146
18.220000,1439811.000,30130,3,AY,1,100,1.039
18.258333,1439849.333,30146,3,AY,1,100,0.872
18.296667,1439887.667,30146,3,AY,1,100,0.908
18.335000,1439926.000,30146,3,AY,1,100,0.853
18.374000,1439965.000,30164,2,AY,1,100,0.751
18.413000,1440004.000,30164,2,AY,1,100,0.705
18.451667,1440042.667,30179,3,AY,1,100,0.698
18.490333,1440081.333,30179,3,AY,1,100,0.675
18.529000,1440120.000,30179,3,AY,1,100,0.679
18.569000,1440160.000,30196,2,AY,1,100,0.649
18.609000,1440200.000,30196,2,AY,1,100,0.689
18.648000,1440239.000,30213,3,AY,1,100,0.837
18.687000,1440278.000,30213,3,AY,1,100,0.911
18.726000,1440317.000,30213,3,AY,1,100,1.037
18.765000,1440356.000,30230,2,AY,1,100,1.156
18.804000,1440395.000,30230,2,AY,1,100,0.867
18.843000,1440434.000,30245,3,AY,1,100,0.921
18.882000,1440473.000,30245,3,AY,1,100,1.017
18.921000,1440512.000,30245,3,AY,1,100,0.972
18.960000,1440551.000,30263,3,AY,1,100,0.888
18.999000,1440590.000,30263,3,AY,1,100,0.836
19.038000,1440629.000,30263,3,AY,1,100,0.735
19.077000,1440668.000,30281,2,AY,1,100,0.745
19.116000,1440707.000,30281,2,AY,1,100,0.833
19.156000,1440747.000,30298,3,AY,1,100,0.941
19.196000,1440787.000,30298,3,AY,1,100,0.917
19.236000,1440827.000,30298,3,AY,1,100,0.892
19.270667,1440861.667,30314,3,AY,1,100,1.184
19.305333,1440896.333,30314,3,AY,1,100,0.970
19.340000,1440931.000,30314,3,AY,1,100,0.783
19.379000,1440970.000,30331,2,AY,1,100,0.812
19.418000,1441009.000,30331,2,AY,1,100,0.842
19.457000,1441048.000,30349,3,AY,1,100,0.857
19.496000,1441087.000,30349,3,AY,1,100,0.766
19.535000,1441126.000,30349,3,AY,1,100,0.632
19.574000,1441165.000,30366,2,AY,1,100,0.580
19.613000,1441204.000,30366,2,AY,1,100,0.544
19.651333,1441242.333,30383,3,AY,1,100,0.572
19.689667,1441280.667,30383,3,AY,1,100,0.666
19.728000,1441319.000,30383,3,AY,1,100,0.815
19.767000,1441358.000,30399,3,AY,1,100,0.882
19.806000,1441397.000,30399,3,AY,1,100,0.822
19.845000,1441436.000,30399,3,AY,1,100,1.079
19.883000,1441474.000,30415,2,AY,1,100,1.280
19.921000,1441512.000,30415,2,AY,1,100,1.023
19.960000,1441551.000,30433,3,AY,1,100,0.968
19.999000,1441590.000,30433,3,AY,1,100,0.982
20.038000,1441629.000,30433,3,AY,1,100,0.960
20.077000,1441668.000,30451,2,AY,1,100,0.890
20.116000,1441707.000,30451,2,AY,1,100,0.829
20.156000,1441747.000,30468,3,AY,1,100,0.751
20.196000,1441787.000,30468,3,AY,1,100,0.752
20.236000,1441827.000,30468,3,AY,1,100,0.752
20.275000,1441866.000,30484,3,AY,1,100,0.713
20.314000,1441905.000,30484,3,AY,1,100,0.696
20.353000,1441944.000,30484,3,AY,1,100,0.750
20.392000,1441983.000,30501,2,AY,1,100,0.831
20.431000,1442022.000,30501,2,AY,1,100,0.981
20.469333,1442060.333,30519,3,AY,1,100,0.998
20.507667,1442098.667,30519,3,AY,1,100,1.245
20.546000,1442137.000,30519,3,AY,1,100,1.024
20.585000,1442176.000,30537,2,AY,1,100,0.991
20.624000,1442215.000,30537,2,AY,1,100,0.806
20.663333,1442254.333,30552,3,AY,1,100,0.756
20.702667,1442293.667,30552,3,AY,1,100,0.716
20.742000,1442333.000,30552,3,AY,1,100,0.674
20.782000,1442373.000,30569,3,AY,1,100,0.677
20.822000,1442413.000,30569,3,AY,1,100,0.680
20.862000,1442453.000,30569,3,AY,1,100,0.645
20.901000,1442492.000,30585,2,AY,1,100,0.628
20.940000,1442531.000,30585,2,AY,1,100,0.784
20.974667,1442565.667,30605,3,AY,1,100,0.867
21.009333,1442600.333,30605,3,AY,1,100,0.868
21.044000,1442635.000,30605,3,AY,1,100,1.261
21.083000,1442674.000,30620,3,AY,1,100,0.936
21.122000,1442713.000,30620,3,AY,1,100,0.764
21.161000,1442752.000,30620,3,AY,1,100,0.985
21.201000,1442792.000,30637,2,AY,1,100,1.057
21.241000,1442832.000,30637,2,AY,1,100,1.034
21.279333,1442870.333,30654,3,AY,1,100,0.895
21.317667,1442908.667,30654,3,AY,1,100,0.783
21.356000,1442947.000,30654,3,AY,1,100,0.718
21.395000,1442986.000,30671,2,AY,1,100,0.704
21.434000,1443025.000,30671,2,AY,1,100,0.679
21.473000,1443064.000,30687,3,AY,1,100,0.806
21.512000,1443103.000,30687,3,AY,1,100,0.909
21.551000,1443142.000,30687,3,AY,1,100,0.946
21.590000,1443181.000,30704,3,AY,1,100,0.944
21.629000,1443220.000,30704,3,AY,1,100,1.170
21.668000,1443259.000,30704,3,AY,1,100,1.134
21.707000,1443298.000,30722,2,AY,1,100,0.987
21.746000,1443337.000,30722,2,AY,1,100,1.060
21.785000,1443376.000,30739,3,AY,1,100,1.009
21.824000,1443415.000,30739,3,AY,1,100,0.897
21.863000,1443454.000,30739,3,AY,1,100,0.852
21.901000,1443492.000,30756,2,AY,1,100,0.850
21.939000,1443530.000,30756,2,AY,1,100,0.787
21.978000,1443569.000,30774,3,AY,1,100,0.695
22.017000,1443608.000,30774,3,AY,1,100,0.709
22.056000,1443647.000,30774,3,AY,1,100,0.781
22.095000,1443686.000,30792,3,AY,1,100,0.886
22.134000,1443725.000,30792,3,AY,1,100,1.067
22.173000,1443764.000,30792,3,AY,1,100,1.055
22.212000,1443803.000,30809,2,AY,1,100,0.977
22.251000,1443842.000,30809,2,AY,1,100,1.138
22.290000,1443881.000,30826,3,AY,1,100,1.114
22.329000,1443920.000,30826,3,AY,1,100,0.962
22.368000,1443959.000,30826,3,AY,1,100,0.901
22.407000,1443998.000,30843,2,AY,1,100,0.757
22.446000,1444037.000,30843,2,AY,1,100,0.731
22.484333,1444075.333,30858,3,AY,1,100,0.728
22.522667,1444113.667,30858,3,AY,1,100,0.863
22.561000,1444152.000,30858,3,AY,1,100,0.943
22.600000,1444191.000,30876,3,AY,1,100,0.866
22.639000,1444230.000,30876,3,AY,1,100,0.731
22.678000,1444269.000,30876,3,AY,1,100,0.758
22.710000,1444301.000,30892,2,AY,1,100,0.931
22.742000,1444333.000,30892,2,AY,1,100,0.927
22.782000,1444373.000,30909,3,AY,1,100,0.785
22.822000,1444413.000,30909,3,AY,1,100,0.895
22.862000,1444453.000,30909,3,AY,1,100,0.991
22.901000,1444492.000,30925,3,AY,1,100,0.832
22.940000,1444531.000,30925,3,AY,1,100,0.997
22.979000,1444570.000,30925,3,AY,1,100,0.960
23.018000,1444609.000,30944,2,AY,1,100,1.003
23.057000,1444648.000,30944,2,AY,1,100,1.008
23.096000,1444687.000,30962,3,AY,1,100,1.015
23.135000,1444726.000,30962,3,AY,1,100,0.998
23.174000,1444765.000,30962,3,AY,1,100,1.029
23.213000,1444804.000,30980,2,AY,1,100,1.007
23.252000,1444843.000,30980,2,AY,1,100,1.006
23.290333,1444881.333,30996,3,AY,1,100,1.023
23.328667,1444919.667,30996,3,AY,1,100,1.016
23.367000,1444958.000,30996,3,AY,1,100,1.030
23.407000,1444998.000,31012,3,AY,1,100,1.023
23.447000,1445038.000,31012,3,AY,1,100,1.000
23.487000,1445078.000,31012,3,AY,1,100,0.973
23.526000,1445117.000,31029,2,AY,1,100,0.960
23.565000,1445156.000,31029,2,AY,1,100,0.933
23.604000,1445195.000,31046,3,AY,1,100,0.923
23.643000,1445234.000,31046,3,AY,1,100,0.958
23.682000,1445273.000,31046,3,AY,1,100,0.937
23.721000,1445312.000,31062,2,AY,1,100,0.913
23.760000,1445351.000,31062,2,AY,1,100,0.909
23.799000,1445390.000,31079,3,AY,1,100,0.909
23.838000,1445429.000,31079,3,AY,1,100,0.908
23.877000,1445468.000,31079,3,AY,1,100,0.895
23.916000,1445507.000,31097,3,AY,1,100,0.912
23.955000,1445546.000,31097,3,AY,1,100,0.935
23.994000,1445585.000,31097,3,AY,1,100,0.967
24.034000,1445625.000,31114,2,AY,1,100,0.980
24.074000,1445665.000,31114,2,AY,1,100,0.990
24.112333,1445703.333,31130,3,AY,1,100,1.015
24.150667,1445741.667,31130,3,AY,1,100,1.037
24.189000,1445780.000,31130,3,AY,1,100,1.067
24.228000,1445819.000,31148,2,AY,1,100,1.063
24.267000,1445858.000,31148,2,AY,1,100,1.100
24.306000,1445897.000,31163,3,AY,1,100,1.125
24.345000,1445936.000,31163,3,AY,1,100,1.135
24.384000,1445975.000,31163,3,AY,1,100,1.094
24.418667,1446009.667,31180,3,AY,1,100,1.108
24.453333,1446044.333,31180,3,AY,1,100,1.079
24.488000,1446079.000,31180,3,AY,1,100,0.988
24.527000,1446118.000,31197,3,AY,1,100,0.919
24.566000,1446157.000,31197,3,AY,1,100,0.883
24.605000,1446196.000,31197,3,AY,1,100,0.832
24.644000,1446235.000,31214,2,AY,1,100,0.807
24.683000,1446274.000,31214,2,AY,1,100,0.777
24.721333,1446312.333,31230,3,AY,1,100,0.771
24.759667,1446350.667,31230,3,AY,1,100,0.723
24.798000,1446389.000,31230,3,AY,1,100,0.744
24.837000,1446428.000,31247,2,AY,1,100,0.801
24.876000,1446467.000,31247,2,AY,1,100,0.816
24.915000,1446506.000,31265,3,AY,1,100,0.857
24.954000,1446545.000,31265,3,AY,1,100,0.873
24.993000,1446584.000,31265,3,AY,1,100,0.866
25.033000,1446624.000,31282,3,AY,1,100,0.857
25.073000,1446664.000,31282,3,AY,1,100,0.876
25.113000,1446704.000,31282,3,AY,1,100,0.911
25.152000,1446743.000,31299,2,AY,1,100,0.986
25.191000,1446782.000,31299,2,AY,1,100,0.997
25.230000,1446821.000,31315,3,AY,1,100,0.957
25.269000,1446860.000,31315,3,AY,1,100,0.911
25.308000,1446899.000,31315,3,AY,1,100,0.832
25.346500,1446937.500,31333,2,AY,1,100,0.865
25.385000,1446976.000,31333,2,AY,1,100,0.970
25.423667,1447014.667,31350,3,AY,1,100,0.984
25.462333,1447053.333,31350,3,AY,1,100,0.734
25.501000,1447092.000,31350,3,AY,1,100,0.691
25.540000,1447131.000,31367,3,AY,1,100,0.867
25.579000,1447170.000,31367,3,AY,1,100,0.851
25.618000,1447209.000,31367,3,AY,1,100,0.833
25.658000,1447249.000,31384,2,AY,1,100,0.806
25.698000,1447289.000,31384,2,AY,1,100,0.806
25.737333,1447328.333,31399,3,AY,1,100,0.835
25.776667,1447367.667,31399,3,AY,1,100,0.844
25.816000,1447407.000,31399,3,AY,1,100,0.854
25.855000,1447446.000,31417,2,AY,1,100,0.864
25.894000,1447485.000,31417,2,AY,1,100,0.938
25.933000,1447524.000,31435,3,AY,1,100,1.154
25.972000,1447563.000,31435,3,AY,1,100,1.287
26.011000,1447602.000,31435,3,AY,1,100,1.067
26.050000,1447641.000,31452,3,AY,1,100,0.907
26.089000,1447680.000,31452,3,AY,1,100,0.836
26.128000,1447719.000,31452,3,AY,1,100,0.812
26.159500,1447750.500,31468,2,AY,1,100,0.836
26.191000,1447782.000,31468,2,AY,1,100,0.867
26.230000,1447821.000,31485,3,AY,1,100,0.880
26.269000,1447860.000,31485,3,AY,1,100,0.884
26.308000,1447899.000,31485,3,AY,1,100,0.853
26.347000,1447938.000,31501,3,AY,1,100,0.907
26.386000,1447977.000,31501,3,AY,1,100,0.919
26.425000,1448016.000,31501,3,AY,1,100,0.893
26.464000,1448055.000,31519,2,AY,1,100,0.886
26.503000,1448094.000,31519,2,AY,1,100,0.846
26.542000,1448133.000,31535,3,AY,1,100,0.889
26.581000,1448172.000,31535,3,AY,1,100,0.964
26.620000,1448211.000,31535,3,AY,1,100,1.022
26.659000,1448250.000,31551,2,AY,1,100,1.022
26.698000,1448289.000,31551,2,AY,1,100,1.231
26.736333,1448327.333,31568,3,AY,1,100,1.317
26.774667,1448365.667,31568,3,AY,1,100,1.012
26.813000,1448404.000,31568,3,AY,1,100,0.655
26.852000,1448443.000,31587,3,AY,1,100,0.620
26.891000,1448482.000,31587,3,AY,1,100,0.781
26.930000,1448521.000,31587,3,AY,1,100,0.869
26.968500,1448559.500,31605,2,AY,1,100,0.876
27.007000,1448598.000,31605,2,AY,1,100,0.756
27.045667,1448636.667,31621,3,AY,1,100,0.721
27.084333,1448675.333,31621,3,AY,1,100,0.783
27.123000,1448714.000,31621,3,AY,1,100,0.780
27.162000,1448753.000,31638,2,AY,1,100,0.754
27.201000,1448792.000,31638,2,AY,1,100,0.814
27.241000,1448832.000,31655,3,AY,1,100,0.825
27.281000,1448872.000,31655,3,AY,1,100,0.841
27.321000,1448912.000,31655,3,AY,1,100,0.883
27.360333,1448951.333,31671,3,AY,1,100,0.904
27.399667,1448990.667,31671,3,AY,1,100,0.923
27.439000,1449030.000,31671,3,AY,1,100,0.881
27.478000,1449069.000,31689,2,AY,1,100,0.998
27.517000,1449108.000,31689,2,AY,1,100,1.190
27.555667,1449146.667,31704,3,AY,1,100,1.113
27.594333,1449185.333,31704,3,AY,1,100,1.006
27.633000,1449224.000,31704,3,AY,1,100,0.840
27.672000,1449263.000,31721,2,AY,1,100,1.011
27.711000,1449302.000,31721,2,AY,1,100,1.090
27.750000,1449341.000,31738,3,AY,1,100,1.022
27.789000,1449380.000,31738,3,AY,1,100,0.948
27.828000,1449419.000,31738,3,AY,1,100,0.871
27.863333,1449454.333,31757,3,AY,1,100,0.863
27.898667,1449489.667,31757,3,AY,1,100,0.876
27.934000,1449525.000,31757,3,AY,1,100,0.868
27.973000,1449564.000,31772,2,AY,1,100,0.908
28.012000,1449603.000,31772,2,AY,1,100,0.937
28.051000,1449642.000,31790,3,AY,1,100,0.913
28.090000,1449681.000,31790,3,AY,1,100,0.894
28.129000,1449720.000,31790,3,AY,1,100,0.967
28.167333,1449758.333,31806,3,AY,1,100,1.083
28.205667,1449796.667,31806,3,AY,1,100,1.267
28.244000,1449835.000,31806,3,AY,1,100,1.094
28.284000,1449875.000,31823,2,AY,1,100,0.791
28.324000,1449915.000,31823,2,AY,1,100,0.633
28.362333,1449953.333,31839,3,AY,1,100,0.692
28.400667,1449991.667,31839,3,AY,1,100,0.914
28.439000,1450030.000,31839,3,AY,1,100,0.984
28.478000,1450069.000,31856,2,AY,1,100,0.887
28.517000,1450108.000,31856,2,AY,1,100,0.790
28.556000,1450147.000,31874,3,AY,1,100,0.749
28.595000,1450186.000,31874,3,AY,1,100,0.801
28.634000,1450225.000,31874,3,AY,1,100,0.817
28.673000,1450264.000,31891,3,AY,1,100,0.843
28.712000,1450303.000,31891,3,AY,1,100,0.879
28.751000,1450342.000,31891,3,AY,1,100,0.883
28.790000,1450381.000,31910,2,AY,1,100,0.886
28.829000,1450420.000,31910,2,AY,1,100,0.851
28.868000,1450459.000,31926,3,AY,1,100,0.840
28.907000,1450498.000,31926,3,AY,1,100,0.890
28.946000,1450537.000,31926,3,AY,1,100,0.903
28.984500,1450575.500,31942,2,AY,1,100,0.874
29.023000,1450614.000,31942,2,AY,1,100,0.827
29.061667,1450652.667,31960,3,AY,1,100,0.937
29.100333,1450691.333,31960,3,AY,1,100,1.014
29.139000,1450730.000,31960,3,AY,1,100,1.042
29.178000,1450769.000,31976,3,AY,1,100,0.910
29.217000,1450808.000,31976,3,AY,1,100,0.859
29.256000,1450847.000,31976,3,AY,1,100,0.938
29.295000,1450886.000,31993,2,AY,1,100,1.020
29.334000,1450925.000,31993,2,AY,1,100,1.018
29.373000,1450964.000,32011,3,AY,1,100,0.957
29.412000,1451003.000,32011,3,AY,1,100,0.902
29.451000,1451042.000,32011,3,AY,1,100,0.899
29.490000,1451081.000,32028,2,AY,1,100,0.927
29.529000,1451120.000,32028,2,AY,1,100,0.993
29.567333,1451158.333,32044,3,AY,1,100,0.981
29.605667,1451196.667,32044,3,AY,1,100,1.022
29.644000,1451235.000,32044,3,AY,1,100,1.008
29.678667,1451269.667,32062,3,AY,1,100,0.944
29.713333,1451304.333,32062,3,AY,1,100,0.922
29.748000,1451339.000,32062,3,AY,1,100,0.941
29.786333,1451377.333,32079,3,AY,1,100,0.958
29.824667,1451415.667,32079,3,AY,1,100,0.919
29.863000,1451454.000,32079,3,AY,1,100,0.919
29.903000,1451494.000,32096,2,AY,1,100,0.862
29.943000,1451534.000,32096,2,AY,1,100,0.882
29.982333,1451573.333,32112,3,AY,1,100,0.885
30.021667,1451612.667,32112,3,AY,1,100,0.921
30.061000,1451652.000,32112,3,AY,1,100,0.926
30.100000,1451691.000,32130,2,AY,1,100,0.905
30.139000,1451730.000,32130,2,AY,1,100,0.911
30.178000,1451769.000,32146,3,AY,1,100,0.913
30.217000,1451808.000,32146,3,AY,1,100,0.919
30.256000,1451847.000,32146,3,AY,1,100,0.926
30.295000,1451886.000,32162,2,AY,1,100,0.929
30.334000,1451925.000,32162,2,AY,1,100,0.929
30.372667,1451963.667,32179,3,AY,1,100,0.905
30.411333,1452002.333,32179,3,AY,1,100,0.898
30.450000,1452041.000,32179,3,AY,1,100,0.940
30.490000,1452081.000,32196,3,AY,1,100,0.945
30.530000,1452121.000,32196,3,AY,1,100,0.961
30.570000,1452161.000,32196,3,AY,1,100,0.914
30.609500,1452200.500,32212,2,AY,1,100,0.890
30.649000,1452240.000,32212,2,AY,1,100,0.892
30.688000,1452279.000,32229,3,AY,1,100,0.899
30.727000,1452318.000,32229,3,AY,1,100,0.891
30.766000,1452357.000,32229,3,AY,1,100,0.962
30.805000,1452396.000,32247,2,AY,1,100,0.900
30.844000,1452435.000,32247,2,AY,1,100,0.881
30.883000,1452474.000,32264,3,AY,1,100,0.950
30.922000,1452513.000,32264,3,AY,1,100,0.911
30.961000,1452552.000,32264,3,AY,1,100,0.912
30.999333,1452590.333,32283,3,AY,1,100,0.905
31.037667,1452628.667,32283,3,AY,1,100,0.893
31.076000,1452667.000,32283,3,AY,1,100,0.892
31.116000,1452707.000,32300,2,AY,1,100,0.934
31.156000,1452747.000,32300,2,AY,1,100,0.934
31.194333,1452785.333,32315,3,AY,1,100,0.917
31.232667,1452823.667,32315,3,AY,1,100,0.928
31.271000,1452862.000,32315,3,AY,1,100,0.906
31.305667,1452896.667,32333,3,AY,1,100,0.905
31.340333,1452931.333,32333,3,AY,1,100,0.931
31.375000,1452966.000,32333,3,AY,1,100,0.932
31.414000,1453005.000,32349,2,AY,1,100,0.904
31.453000,1453044.000,32349,2,AY,1,100,0.944
31.492667,1453083.667,32366,3,AY,1,100,0.959
31.532333,1453123.333,32366,3,AY,1,100,0.996
31.572000,1453163.000,32366,3,AY,1,100,0.983
31.611500,1453202.500,32381,2,AY,1,100,0.989
31.651000,1453242.000,32381,2,AY,1,100,0.968
31.690000,1453281.000,32401,3,AY,1,100,0.956
31.729000,1453320.000,32401,3,AY,1,100,0.957
31.768000,1453359.000,32401,3,AY,1,100,0.933
31.806667,1453397.667,32417,3,AY,1,100,0.922
31.845333,1453436.333,32417,3,AY,1,100,0.952
31.884000,1453475.000,32417,3,AY,1,100,0.961
31.922500,1453513.500,32434,2,AY,1,100,0.937
31.961000,1453552.000,32434,2,AY,1,100,0.887
32.000000,1453591.000,32451,3,AY,1,100,0.905
32.039000,1453630.000,32451,3,AY,1,100,0.870
32.078000,1453669.000,32451,3,AY,1,100,0.914
32.118000,1453709.000,32467,2,AY,1,100,0.885
32.158000,1453749.000,32467,2,AY,1,100,0.831
32.197667,1453788.667,32483,3,AY,1,100,0.858
32.237333,1453828.333,32483,3,AY,1,100,0.822
32.277000,1453868.000,32483,3,AY,1,100,0.863
32.316000,1453907.000,32501,2,AY,1,100,0.823
32.355000,1453946.000,32501,2,AY,1,100,0.772
32.394000,1453985.000,32519,3,AY,1,100,0.733
32.433000,1454024.000,32519,3,AY,1,100,0.754
32.472000,1454063.000,32519,3,AY,1,100,0.729
32.510667,1454101.667,32535,3,AY,1,100,0.709
32.549333,1454140.333,32535,3,AY,1,100,0.686
32.588000,1454179.000,32535,3,AY,1,100,0.664
32.626500,1454217.500,32552,2,AY,1,100,0.663
32.665000,1454256.000,32552,2,AY,1,100,0.610
32.704333,1454295.333,32571,3,AY,1,100,0.596
32.743667,1454334.667,32571,3,AY,1,100,0.546
32.783000,1454374.000,32571,3,AY,1,100,0.494
32.822500,1454413.500,32587,2,AY,1,100,0.388
32.862000,1454453.000,32587,2,AY,1,100,0.313
32.901000,1454492.000,32604,3,AY,1,100,0.265
32.940000,1454531.000,32604,3,AY,1,100,0.060
32.979000,1454570.000,32604,3,AY,1,100,0.089
33.013667,1454604.667,32620,3,AY,1,100,0.071
33.048333,1454639.333,32620,3,AY,1,100,-0.018
33.083000,1454674.000,32620,3,AY,1,100,-0.062
33.122000,1454713.000,32637,3,AY,1,100,-0.030
33.161000,1454752.000,32637,3,AY,1,100,-0.089
33.200000,1454791.000,32637,3,AY,1,100,-0.098
33.238500,1454829.500,32655,4,AY,1,100,-0.123
33.277000,1454868.000,32655,4,AY,1,100,-0.089
33.315500,1454906.500,32655,4,AY,1,100,-0.104
33.354000,1454945.000,32655,4,AY,1,100,-0.077
33.393000,1454984.000,32671,3,AY,1,100,0.011
33.432000,1455023.000,32671,3,AY,1,100,0.119
33.471000,1455062.000,32671,3,AY,1,100,0.054
33.510000,1455101.000,32688,2,AY,1,100,0.121
33.549000,1455140.000,32688,2,AY,1,100,0.138
33.588000,1455179.000,32705,3,AY,1,100,0.171
33.627000,1455218.000,32705,3,AY,1,100,0.216
33.666000,1455257.000,32705,3,AY,1,100,0.213
33.705000,1455296.000,32724,3,AY,1,100,0.230
33.744000,1455335.000,32724,3,AY,1,100,0.172
33.783000,1455374.000,32724,3,AY,1,100,0.190
33.822000,1455413.000,32741,2,AY,1,100,0.207
33.861000,1455452.000,32741,2,AY,1,100,0.223
33.899333,1455490.333,32759,3,AY,1,100,0.186
33.937667,1455528.667,32759,3,AY,1,100,0.367
33.976000,1455567.000,32759,3,AY,1,100,0.279
34.015000,1455606.000,32775,2,AY,1,100,0.242
34.054000,1455645.000,32775,2,AY,1,100,0.261
34.092667,1455683.667,32792,3,AY,1,100,0.431
34.131333,1455722.333,32792,3,AY,1,100,0.527
34.170000,1455761.000,32792,3,AY,1,100,0.453
34.209000,1455800.000,32807,3,AY,1,100,0.351
34.248000,1455839.000,32807,3,AY,1,100,0.409
34.287000,1455878.000,32807,3,AY,1,100,0.465
34.326500,1455917.500,32825,2,AY,1,100,0.571
34.366000,1455957.000,32825,2,AY,1,100,0.553
34.405667,1455996.667,32841,3,AY,1,100,0.520
34.445333,1456036.333,32841,3,AY,1,100,0.531
34.485000,1456076.000,32841,3,AY,1,100,0.499
34.524000,1456115.000,32858,2,AY,1,100,0.568
34.563000,1456154.000,32858,2,AY,1,100,0.563
34.602000,1456193.000,32875,3,AY,1,100,0.633
34.641000,1456232.000,32875,3,AY,1,100,0.618
34.680000,1456271.000,32875,3,AY,1,100,0.697
34.718000,1456309.000,32893,2,AY,1,100,0.731
34.756000,1456347.000,32893,2,AY,1,100,0.762
34.791000,1456382.000,32909,3,AY,1,100,1.208
34.826000,1456417.000,32909,3,AY,1,100,1.174
34.861000,1456452.000,32909,3,AY,1,100,0.934
34.900000,1456491.000,32927,3,AY,1,100,1.052
34.939000,1456530.000,32927,3,AY,1,100,0.904
34.978000,1456569.000,32927,3,AY,1,100,0.845
35.017000,1456608.000,32943,3,AY,1,100,0.814
35.056000,1456647.000,32943,3,AY,1,100,0.818
35.095000,1456686.000,32943,3,AY,1,100,0.848
35.134000,1456725.000,32959,2,AY,1,100,0.875
35.173000,1456764.000,32959,2,AY,1,100,0.854
35.212000,1456803.000,32976,3,AY,1,100,0.818
35.251000,1456842.000,32976,3,AY,1,100,0.887
35.290000,1456881.000,32976,3,AY,1,100,0.886
35.329000,1456920.000,32993,2,AY,1,100,0.935
35.368000,1456959.000,32993,2,AY,1,100,0.998
35.407000,1456998.000,33009,3,AY,1,100,1.318
35.446000,1457037.000,33009,3,AY,1,100,1.088
35.485000,1457076.000,33009,3,AY,1,100,0.801
35.523333,1457114.333,33027,3,AY,1,100,0.722
35.561667,1457152.667,33027,3,AY,1,100,0.802
35.600000,1457191.000,33027,3,AY,1,100,0.850
35.639000,1457230.000,33044,2,AY,1,100,0.817
35.678000,1457269.000,33044,2,AY,1,100,0.742
35.717000,1457308.000,33061,3,AY,1,100,0.751
35.756000,1457347.000,33061,3,AY,1,100,0.761
35.795000,1457386.000,33061,3,AY,1,100,0.732
35.834000,1457425.000,33077,3,AY,1,100,0.704
35.873000,1457464.000,33077,3,AY,1,100,0.726
35.912000,1457503.000,33077,3,AY,1,100,0.794
35.951000,1457542.000,33095,2,AY,1,100,0.810
35.990000,1457581.000,33095,2,AY,1,100,0.806
36.028667,1457619.667,33111,3,AY,1,100,0.773
36.067333,1457658.333,33111,3,AY,1,100,0.832
36.106000,1457697.000,33111,3,AY,1,100,1.019
36.144500,1457735.500,33127,2,AY,1,100,0.966
36.183000,1457774.000,33127,2,AY,1,100,0.886
36.222000,1457813.000,33144,3,AY,1,100,0.839
36.261000,1457852.000,33144,3,AY,1,100,1.130
36.300000,1457891.000,33144,3,AY,1,100,1.246
36.339000,1457930.000,33161,3,AY,1,100,1.070
36.378000,1457969.000,33161,3,AY,1,100,0.826
36.417000,1458008.000,33161,3,AY,1,100,0.720
36.456000,1458047.000,33177,2,AY,1,100,0.775
36.495000,1458086.000,33177,2,AY,1,100,0.798
36.529333,1458120.333,33194,3,AY,1,100,0.873
36.563667,1458154.667,33194,3,AY,1,100,0.918
36.598000,1458189.000,33194,3,AY,1,100,0.850
36.637000,1458228.000,33214,3,AY,1,100,0.824
36.676000,1458267.000,33214,3,AY,1,100,0.812
36.715000,1458306.000,33214,3,AY,1,100,0.778
36.753500,1458344.500,33231,2,AY,1,100,0.795
36.792000,1458383.000,33231,2,AY,1,100,0.812
36.831000,1458422.000,33248,3,AY,1,100,1.020
36.870000,1458461.000,33248,3,AY,1,100,1.008
36.909000,1458500.000,33248,3,AY,1,100,0.870
36.948333,1458539.333,33265,3,AY,1,100,0.770
36.987667,1458578.667,33265,3,AY,1,100,0.712
37.027000,1458618.000,33265,3,AY,1,100,0.784
37.067000,1458658.000,33280,2,AY,1,100,0.835
37.107000,1458698.000,33280,2,AY,1,100,0.872
37.146000,1458737.000,33298,3,AY,1,100,0.790
37.185000,1458776.000,33298,3,AY,1,100,0.812
37.224000,1458815.000,33298,3,AY,1,100,0.771
37.263000,1458854.000,33314,2,AY,1,100,0.709
37.302000,1458893.000,33314,2,AY,1,100,0.697
37.341000,1458932.000,33331,3,AY,1,100,0.687
37.380000,1458971.000,33331,3,AY,1,100,0.707
37.419000,1459010.000,33331,3,AY,1,100,0.707
37.458000,1459049.000,33346,2,AY,1,100,0.683
37.497000,1459088.000,33346,2,AY,1,100,0.668
37.535667,1459126.667,33366,3,AY,1,100,0.677
37.574333,1459165.333,33366,3,AY,1,100,0.694
37.613000,1459204.000,33366,3,AY,1,100,0.641
37.652667,1459243.667,33382,3,AY,1,100,0.641
37.692333,1459283.333,33382,3,AY,1,100,0.648
37.732000,1459323.000,33382,3,AY,1,100,0.615
37.771000,1459362.000,33399,3,AY,1,100,0.586
37.810000,1459401.000,33399,3,AY,1,100,0.529
37.849000,1459440.000,33399,3,AY,1,100,0.484
37.888000,1459479.000,33416,2,AY,1,100,0.435
37.927000,1459518.000,33416,2,AY,1,100,0.350
37.966000,1459557.000,33432,3,AY,1,100,0.326
38.005000,1459596.000,33432,3,AY,1,100,0.315
38.044000,1459635.000,33432,3,AY,1,100,0.289
38.083000,1459674.000,33450,2,AY,1,100,0.276
38.122000,1459713.000,33450,2,AY,1,100,0.262
38.160667,1459751.667,33468,3,AY,1,100,0.285
38.199333,1459790.333,33468,3,AY,1,100,0.265
38.238000,1459829.000,33468,3,AY,1,100,0.278
38.272333,1459863.333,33484,3,AY,1,100,0.287
38.306667,1459897.667,33484,3,AY,1,100,0.283
38.341000,1459932.000,33484,3,AY,1,100,0.280
38.379333,1459970.333,33501,3,AY,1,100,0.280
38.417667,1460008.667,33501,3,AY,1,100,0.288
38.456000,1460047.000,33501,3,AY,1,100,0.269
38.495000,1460086.000,33517,2,AY,1,100,0.266
38.534000,1460125.000,33517,2,AY,1,100,0.268
38.573667,1460164.667,33536,3,AY,1,100,0.258
38.613333,1460204.333,33536,3,AY,1,100,0.268
38.653000,1460244.000,33536,3,AY,1,100,0.257
38.693000,1460284.000,33552,2,AY,1,100,0.250
38.733000,1460324.000,33552,2,AY,1,100,0.251
38.772000,1460363.000,33570,3,AY,1,100,0.248
38.811000,1460402.000,33570,3,AY,1,100,0.260
38.850000,1460441.000,33570,3,AY,1,100,0.241
38.889000,1460480.000,33585,2,AY,1,100,0.256
38.928000,1460519.000,33585,2,AY,1,100,0.261
38.966667,1460557.667,33602,3,AY,1,100,0.265
39.005333,1460596.333,33602,3,AY,1,100,0.254
39.044000,1460635.000,33602,3,AY,1,100,0.259
39.083000,1460674.000,33618,3,AY,1,100,0.257
39.122000,1460713.000,33618,3,AY,1,100,0.260
39.161000,1460752.000,33618,3,AY,1,100,0.254
39.200500,1460791.500,33636,2,AY,1,100,0.275
39.240000,1460831.000,33636,2,AY,1,100,0.242
39.279667,1460870.667,33652,3,AY,1,100,0.260
39.319333,1460910.333,33652,3,AY,1,100,0.269
39.359000,1460950.000,33652,3,AY,1,100,0.254
39.398000,1460989.000,33668,2,AY,1,100,0.249
39.437000,1461028.000,33668,2,AY,1,100,0.240
39.476000,1461067.000,33685,3,AY,1,100,0.280
39.515000,1461106.000,33685,3,AY,1,100,0.251
39.554000,1461145.000,33685,3,AY,1,100,0.271
39.592667,1461183.667,33704,3,AY,1,100,0.280
39.631333,1461222.333,33704,3,AY,1,100,0.266
39.670000,1461261.000,33704,3,AY,1,100,0.285
